marca,modelo,generacion,motor
BMW,Serie 1,E8x - 2005 -> 2007,116i - 116 hp
BMW,Serie 1,E8x - 2005 -> 2007,118d - 122 hp
BMW,Serie 1,E8x - 2005 -> 2007,120d - 163 hp
BMW,Serie 1,E8x - 2005 -> 2007,120d - 150 hp
BMW,Serie 1,E8x - 2005 -> 2007,135i - N54 - 306 hp
BMW,Serie 1,E8x LCI - 2007 -> 2011,116d - 115 hp
BMW,Serie 1,E8x LCI - 2007 -> 2011,116i - 122 hp
BMW,Serie 1,E8x LCI - 2007 -> 2011,118d - 136 hp
BMW,Serie 1,E8x LCI - 2007 -> 2011,118d - 143 hp
BMW,Serie 1,E8x LCI - 2007 -> 2011,120D performance package - 197 hp
BMW,Serie 1,E8x LCI - 2007 -> 2011,120d - 163 hp
BMW,Serie 1,E8x LCI - 2007 -> 2011,120d - 177 hp
BMW,Serie 1,E8x LCI - 2007 -> 2011,123d - 204 hp
BMW,Serie 1,E8x LCI - 2007 -> 2011,123d (May 2010) - 204 hp
BMW,Serie 1,E8x LCI - 2007 -> 2011,125i - 218 hp
BMW,Serie 1,E8x LCI - 2007 -> 2011,125i - 211 hp
BMW,Serie 1,E8x LCI - 2007 -> 2011,128i - 228 hp
BMW,Serie 1,E8x LCI - 2007 -> 2011,130i - 265 hp
BMW,Serie 1,E8x LCI - 2007 -> 2011,130i - 258 hp
BMW,Serie 1,E8x LCI - 2007 -> 2011,135i - N54 - 306 hp
BMW,Serie 1,E8x LCI - 2007 -> 2011,135i - N54 - PPK - 326 hp
BMW,Serie 1,E8x LCI - 2007 -> 2011,135i - N55 Twinscroll - 306 hp
BMW,Serie 1,E8x LCI - 2007 -> 2011,1M - 3.0i Biturbo - 340 hp
BMW,Serie 1,F2x - 2011 -> 2015,114d - 95 hp
BMW,Serie 1,F2x - 2011 -> 2015,114i - 102 hp
BMW,Serie 1,F2x - 2011 -> 2015,116d - 116 hp
BMW,Serie 1,F2x - 2011 -> 2015,116d - 116 hp
BMW,Serie 1,F2x - 2011 -> 2015,116i - 136 hp
BMW,Serie 1,F2x - 2011 -> 2015,118d - 143 hp
BMW,Serie 1,F2x - 2011 -> 2015,118d - 136 hp
BMW,Serie 1,F2x - 2011 -> 2015,118i - 170 hp
BMW,Serie 1,F2x - 2011 -> 2015,120d - 163 hp
BMW,Serie 1,F2x - 2011 -> 2015,120d - 184 hp
BMW,Serie 1,F2x - 2011 -> 2015,120d PP - 200 hp
BMW,Serie 1,F2x - 2011 -> 2015,125d - 218 hp
BMW,Serie 1,F2x - 2011 -> 2015,125d - 211 hp
BMW,Serie 1,F2x - 2011 -> 2015,125i - 218 hp
BMW,Serie 1,F2x - 2011 -> 2015,125i MPP - 238 hp
BMW,Serie 1,F2x - 2011 -> 2015,M135i - (... -> 07/13) - 320 hp
BMW,Serie 1,F2x - 2011 -> 2015,M135i - (07/13 -> 2015) - 320 hp
BMW,Serie 1,F2x LCI - 2015 -> 2019,114d - 95 hp
BMW,Serie 1,F2x LCI - 2015 -> 2019,114d - 04/15 > ... - 95 hp
BMW,Serie 1,F2x LCI - 2015 -> 2019,116d - 116 hp
BMW,Serie 1,F2x LCI - 2015 -> 2019,116i - 109 hp
BMW,Serie 1,F2x LCI - 2015 -> 2019,118d - 136 hp
BMW,Serie 1,F2x LCI - 2015 -> 2019,118d - 150 hp
BMW,Serie 1,F2x LCI - 2015 -> 2019,118i - 170 hp
BMW,Serie 1,F2x LCI - 2015 -> 2019,118i - 136 hp
BMW,Serie 1,F2x LCI - 2015 -> 2019,118i - 136 hp
BMW,Serie 1,F2x LCI - 2015 -> 2019,120d - 163 hp
BMW,Serie 1,F2x LCI - 2015 -> 2019,120d - 190 hp
BMW,Serie 1,F2x LCI - 2015 -> 2019,120i - 184 hp
BMW,Serie 1,F2x LCI - 2015 -> 2019,120i - 184 hp
BMW,Serie 1,F2x LCI - 2015 -> 2019,120i - 177 hp
BMW,Serie 1,F2x LCI - 2015 -> 2019,125d - 211 hp
BMW,Serie 1,F2x LCI - 2015 -> 2019,125d - 224 hp
BMW,Serie 1,F2x LCI - 2015 -> 2019,125i - 218 hp
BMW,Serie 1,F2x LCI - 2015 -> 2019,125i - 224 hp
BMW,Serie 1,F2x LCI - 2015 -> 2019,M135i - 326 hp
BMW,Serie 1,F2x LCI - 2015 -> 2019,M140i - 340 hp
BMW,Serie 1,F2x LCI - 2015 -> 2019,M140i (PP) - 360 hp
BMW,Serie 1,F4x - 2019 -> 2024,116d - 116 hp
BMW,Serie 1,F4x - 2019 -> 2024,118d - 150 hp
BMW,Serie 1,F4x - 2019 -> 2024,118i - 140 hp
BMW,Serie 1,F4x - 2019 -> 2024,120d - 190 hp
BMW,Serie 1,F4x - 2019 -> 2024,M135i - 306 hp
BMW,Serie 1,E8x - 2005 -> 2007,130i - 265 hp
BMW,Serie 1,E8x LCI - 2007 -> 2011,118i - 143 hp
BMW,Serie 1,F4x - 2019 -> 2024,116i - 109 hp
BMW,Serie 1,F4x - 2019 -> 2024,118i (2021->...) - 136 hp
BMW,Serie 1,F4x - 2019 -> 2024,120i - 178 hp
BMW,Serie 1,F4x - 2019 -> 2024,128Ti - 265 hp
BMW,Serie 1,F7x - 2024 -> ...,116A - 122 hp
BMW,Serie 1,F7x - 2024 -> ...,118d - 150 hp
BMW,Serie 1,F7x - 2024 -> ...,120A - 170 hp
BMW,Serie 1,F7x - 2024 -> ...,120dA - 163 hp
BMW,Serie 1,F7x - 2024 -> ...,123A xDrive - 218 hp
BMW,Serie 1,F7x - 2024 -> ...,M135A xDrive - 300 hp
BMW,Serie 3,E46 - 1998 -> 2005,318d - 115 hp
BMW,Serie 3,E46 - 1998 -> 2005,320d - 128 hp
BMW,Serie 3,E46 - 1998 -> 2005,320d - 136 hp
BMW,Serie 3,E46 - 1998 -> 2005,320d - 150 hp
BMW,Serie 3,E46 - 1998 -> 2005,325i - 192 hp
BMW,Serie 3,E46 - 1998 -> 2005,330d - 184 hp
BMW,Serie 3,E46 - 1998 -> 2005,330d - 204 hp
BMW,Serie 3,E46 - 1998 -> 2005,330i - 231 hp
BMW,Serie 3,E46 - 1998 -> 2005,M3 - 343 hp
BMW,Serie 3,E46 - 1998 -> 2005,M3 CSL - 360 hp
BMW,Serie 3,E9x - 2005 -> 2010,316d - 115 hp
BMW,Serie 3,E9x - 2005 -> 2010,318d - 143 hp
BMW,Serie 3,E9x - 2005 -> 2010,318d - 136 hp
BMW,Serie 3,E9x - 2005 -> 2010,318d - 122 hp
BMW,Serie 3,E9x - 2005 -> 2010,320Si - 173 hp
BMW,Serie 3,E9x - 2005 -> 2010,320d - 150 hp
BMW,Serie 3,E9x - 2005 -> 2010,320d - 177 hp
BMW,Serie 3,E9x - 2005 -> 2010,320d (...->2007) - 163 hp
BMW,Serie 3,E9x - 2005 -> 2010,320d (2007->...) - 163 hp
BMW,Serie 3,E9x - 2005 -> 2010,320i - 163 hp
BMW,Serie 3,E9x - 2005 -> 2010,320i - 150 hp
BMW,Serie 3,E9x - 2005 -> 2010,325d - 197 hp
BMW,Serie 3,E9x - 2005 -> 2010,325i - N52 - 211 hp
BMW,Serie 3,E9x - 2005 -> 2010,325i - N52 - 218 hp
BMW,Serie 3,E9x - 2005 -> 2010,325i - N53 - 211 hp
BMW,Serie 3,E9x - 2005 -> 2010,325i - N53 - 218 hp
BMW,Serie 3,E9x - 2005 -> 2010,328i - 230 hp
BMW,Serie 3,E9x - 2005 -> 2010,330d - 231 hp
BMW,Serie 3,E9x - 2005 -> 2010,330d - 245 hp
BMW,Serie 3,E9x - 2005 -> 2010,330d - 211 hp
BMW,Serie 3,E9x - 2005 -> 2010,330i - 258 hp
BMW,Serie 3,E9x - 2005 -> 2010,330i - 272 hp
BMW,Serie 3,E9x - 2005 -> 2010,335d - 286 hp
BMW,Serie 3,E9x - 2005 -> 2010,335d - 306 hp
BMW,Serie 3,E9x - 2005 -> 2010,335i - N54 - 306 hp
BMW,Serie 3,E9x - 2005 -> 2010,335i - N54 - PPK - 326 hp
BMW,Serie 3,E9x - 2005 -> 2010,335i - N55 Twinscroll - 306 hp
BMW,Serie 3,E9x - 2005 -> 2010,M3 - 420 hp
BMW,Serie 3,E9x LCI - 05/2010 -> 12/2011,316d - 115 hp
BMW,Serie 3,E9x LCI - 05/2010 -> 12/2011,318d - 143 hp
BMW,Serie 3,E9x LCI - 05/2010 -> 12/2011,318d - 136 hp
BMW,Serie 3,E9x LCI - 05/2010 -> 12/2011,320d - 163 hp
BMW,Serie 3,E9x LCI - 05/2010 -> 12/2011,320d - 184 hp
BMW,Serie 3,E9x LCI - 05/2010 -> 12/2011,320d PPK - 200 hp
BMW,Serie 3,E9x LCI - 05/2010 -> 12/2011,320i - 163 hp
BMW,Serie 3,E9x LCI - 05/2010 -> 12/2011,325d - 204 hp
BMW,Serie 3,E9x LCI - 05/2010 -> 12/2011,325i - N53 - 218 hp
BMW,Serie 3,E9x LCI - 05/2010 -> 12/2011,325i - N53 - 211 hp
BMW,Serie 3,E9x LCI - 05/2010 -> 12/2011,330d - 211 hp
BMW,Serie 3,E9x LCI - 05/2010 -> 12/2011,330d - 245 hp
BMW,Serie 3,E9x LCI - 05/2010 -> 12/2011,330i - 272 hp
BMW,Serie 3,E9x LCI - 05/2010 -> 12/2011,335d - 306 hp
BMW,Serie 3,E9x LCI - 05/2010 -> 12/2011,335d - 286 hp
BMW,Serie 3,E9x LCI - 05/2010 -> 12/2011,335i - N55 Twinscroll - 306 hp
BMW,Serie 3,E9x LCI - 05/2010 -> 12/2011,335i - N55 Twinscroll PPK - 326 hp
BMW,Serie 3,E9x LCI - 05/2010 -> 12/2011,M3 - 420 hp
BMW,Serie 3,F3x - 12/2011 -> 2015,316d - 116 hp
BMW,Serie 3,F3x - 12/2011 -> 2015,316i - 136 hp
BMW,Serie 3,F3x - 12/2011 -> 2015,318d - 143 hp
BMW,Serie 3,F3x - 12/2011 -> 2015,318d - 136 hp
BMW,Serie 3,F3x - 12/2011 -> 2015,320d - 163 hp
BMW,Serie 3,F3x - 12/2011 -> 2015,320d - 184 hp
BMW,Serie 3,F3x - 12/2011 -> 2015,320d PP - 200 hp
BMW,Serie 3,F3x - 12/2011 -> 2015,320i - 184 hp
BMW,Serie 3,F3x - 12/2011 -> 2015,320i EDE - 170 hp
BMW,Serie 3,F3x - 12/2011 -> 2015,325d - 211 hp
BMW,Serie 3,F3x - 12/2011 -> 2015,325d - 218 hp
BMW,Serie 3,F3x - 12/2011 -> 2015,328i - 245 hp
BMW,Serie 3,F3x - 12/2011 -> 2015,328i SULEV - 245 hp
BMW,Serie 3,F3x - 12/2011 -> 2015,330d - 258 hp
BMW,Serie 3,F3x - 12/2011 -> 2015,330d PP - 286 hp
BMW,Serie 3,F3x - 12/2011 -> 2015,335i - 306 hp
BMW,Serie 3,F3x - 12/2011 -> 2015,335i Active Hybrid - 340 hp
BMW,Serie 3,F3x - 12/2011 -> 2015,335i PP - 339 hp
BMW,Serie 3,F3x - 12/2011 -> 2015,335xd - 313 hp
BMW,Serie 3,F3x - 12/2011 -> 2015,M3 - 431 hp
BMW,Serie 3,F3x - 12/2011 -> 2015,M3 Competition - 450 hp
BMW,Serie 3,F3x LCI - 06/2015 -> 2019,316d - 116 hp
BMW,Serie 3,F3x LCI - 06/2015 -> 2019,318d - 150 hp
BMW,Serie 3,F3x LCI - 06/2015 -> 2019,318d - 136 hp
BMW,Serie 3,F3x LCI - 06/2015 -> 2019,318i - 136 hp
BMW,Serie 3,F3x LCI - 06/2015 -> 2019,320d - 190 hp
BMW,Serie 3,F3x LCI - 06/2015 -> 2019,320i - 184 hp
BMW,Serie 3,F3x LCI - 06/2015 -> 2019,325d - 211 hp
BMW,Serie 3,F3x LCI - 06/2015 -> 2019,325d - 218 hp
BMW,Serie 3,F3x LCI - 06/2015 -> 2019,325d - 224 hp
BMW,Serie 3,F3x LCI - 06/2015 -> 2019,330d - 258 hp
BMW,Serie 3,F3x LCI - 06/2015 -> 2019,330e - 252 hp
BMW,Serie 3,F3x LCI - 06/2015 -> 2019,330i - 230 hp
BMW,Serie 3,F3x LCI - 06/2015 -> 2019,330i - 252 hp
BMW,Serie 3,F3x LCI - 06/2015 -> 2019,335xd - 313 hp
BMW,Serie 3,F3x LCI - 06/2015 -> 2019,340i - 326 hp
BMW,Serie 3,F3x LCI - 06/2015 -> 2019,340i (PP) - 360 hp
BMW,Serie 3,F3x LCI - 06/2015 -> 2019,M3 - 431 hp
BMW,Serie 3,F3x LCI - 06/2015 -> 2019,M3 CS - 460 hp
BMW,Serie 3,F3x LCI - 06/2015 -> 2019,M3 Competition - 450 hp
BMW,Serie 3,G2x - 03/2019 -> 06/2024,318d - 150 hp
BMW,Serie 3,G2x - 03/2019 -> 06/2024,318i - 156 hp
BMW,Serie 3,G2x - 03/2019 -> 06/2024,320d - 190 hp
BMW,Serie 3,G2x - 03/2019 -> 06/2024,320d - 163 hp
BMW,Serie 3,G2x - 03/2019 -> 06/2024,320i - 184 hp
BMW,Serie 3,G2x - 03/2019 -> 06/2024,320i - 184 hp
BMW,Serie 3,G2x - 03/2019 -> 06/2024,330d - 265 hp
BMW,Serie 3,G2x - 03/2019 -> 06/2024,330e - 252 hp
BMW,Serie 3,G2x - 03/2019 -> 06/2024,330e - 252 hp
BMW,Serie 3,G2x - 03/2019 -> 06/2024,330i - 258 hp
BMW,Serie 3,G2x - 03/2019 -> 06/2024,M340i - 374 hp
BMW,Serie 3,E9x - 2005 -> 2010,320i - 170 hp
BMW,Serie 3,G2x - 03/2019 -> 06/2024,316d - 122 hp
BMW,Serie 3,G2x - 03/2019 -> 06/2024,318d - 136 hp
BMW,Serie 3,G2x - 03/2019 -> 06/2024,320e - 204 hp
BMW,Serie 3,G2x - 03/2019 -> 06/2024,320e Touring - 204 hp
BMW,Serie 3,G2x - 03/2019 -> 06/2024,320i (GPF) - 184 hp
BMW,Serie 3,G2x - 03/2019 -> 06/2024,M3 - 480 hp
BMW,Serie 3,G2x - 03/2019 -> 06/2024,M3 Competition - 510 hp
BMW,Serie 3,G2x - 03/2019 -> 06/2024,M340d - 340 hp
BMW,Serie 3,G2x LCI - 07/2024 -> ...,318iA - 156 hp
BMW,Serie 3,G2x LCI - 07/2024 -> ...,320dA xDrive - 190 hp
BMW,Serie 3,G2x LCI - 07/2024 -> ...,320iA xDrive - 184 hp
BMW,Serie 3,G2x LCI - 07/2024 -> ...,330e - 292 hp
BMW,Serie 3,G2x LCI - 07/2024 -> ...,M3 Competition xDrive - 530 hp
BMW,Serie 3,G2x LCI - 07/2024 -> ...,M3 Touring CS - 550 hp
BMW,Serie 3,G2x LCI - 07/2024 -> ...,M340i xDrive - 374 hp
BMW,Serie 5 GT,F07 - 2009 -> 2017,520d - 163 hp
BMW,Serie 5 GT,F07 - 2009 -> 2017,520d - 184 hp
BMW,Serie 5 GT,F07 - 2009 -> 2017,520i - 170 hp
BMW,Serie 5 GT,F07 - 2009 -> 2017,530d - 245 hp
BMW,Serie 5 GT,F07 - 2009 -> 2017,530d - 211 hp
BMW,Serie 5 GT,F07 - 2009 -> 2017,530d - 258 hp
BMW,Serie 5 GT,F07 - 2009 -> 2017,535d - 300 hp
BMW,Serie 5 GT,F07 - 2009 -> 2017,535d - 313 hp
BMW,Serie 5 GT,F07 - 2009 -> 2017,535i - 306 hp
BMW,Serie 5 GT,F07 - 2009 -> 2017,550i - 407 hp
BMW,Serie 5 GT,G32 - 2016 -> ...,520d - 190 hp
BMW,Serie 5 GT,G32 - 2016 -> ...,530d - 265 hp
BMW,Serie 5 GT,G32 - 2016 -> ...,530i - 252 hp
BMW,Serie 5 GT,G32 - 2016 -> ...,540d - 320 hp
BMW,Serie 5 GT,G32 - 2016 -> ...,540i - 340 hp
BMW,Serie 5 GT,G32 - 2016 -> ...,540i (PP) - 360 hp
BMW,Serie 5 GT,G32 - 2016 -> ...,M550d - 400 hp
BMW,Serie 5,E39 - 1995 -> 2003,520d - 136 hp
BMW,Serie 5,E39 - 1995 -> 2003,520d - 150 hp
BMW,Serie 5,E39 - 1995 -> 2003,520d - 125 hp
BMW,Serie 5,E39 - 1995 -> 2003,525d - 163 hp
BMW,Serie 5,E39 - 1995 -> 2003,530d - 184 hp
BMW,Serie 5,E39 - 1995 -> 2003,530d - 193 hp
BMW,Serie 5,E39 - 1995 -> 2003,M5 - 400 hp
BMW,Serie 5,E6x - 2003 -> 2010,520d - 177 hp
BMW,Serie 5,E6x - 2003 -> 2010,520d - 150 hp
BMW,Serie 5,E6x - 2003 -> 2010,520d (... -> 05/2008) - 163 hp
BMW,Serie 5,E6x - 2003 -> 2010,520d (06/2008 -> ...) - 163 hp
BMW,Serie 5,E6x - 2003 -> 2010,520i - 163 hp
BMW,Serie 5,E6x - 2003 -> 2010,523i - 177 hp
BMW,Serie 5,E6x - 2003 -> 2010,525d - 177 hp
BMW,Serie 5,E6x - 2003 -> 2010,525d - 197 hp
BMW,Serie 5,E6x - 2003 -> 2010,525d - 163 hp
BMW,Serie 5,E6x - 2003 -> 2010,525i - 192 hp
BMW,Serie 5,E6x - 2003 -> 2010,525i - N52 - 218 hp
BMW,Serie 5,E6x - 2003 -> 2010,525i - N53 - 218 hp
BMW,Serie 5,E6x - 2003 -> 2010,530d - 235 hp
BMW,Serie 5,E6x - 2003 -> 2010,530d - 218 hp
BMW,Serie 5,E6x - 2003 -> 2010,530d - 231 hp
BMW,Serie 5,E6x - 2003 -> 2010,530d - 211 hp
BMW,Serie 5,E6x - 2003 -> 2010,530d - 245 hp
BMW,Serie 5,E6x - 2003 -> 2010,530i - 258 hp
BMW,Serie 5,E6x - 2003 -> 2010,530i - 272 hp
BMW,Serie 5,E6x - 2003 -> 2010,530i - 231 hp
BMW,Serie 5,E6x - 2003 -> 2010,535d - 272 hp
BMW,Serie 5,E6x - 2003 -> 2010,535d - 286 hp
BMW,Serie 5,E6x - 2003 -> 2010,540i - 306 hp
BMW,Serie 5,E6x - 2003 -> 2010,545i - 333 hp
BMW,Serie 5,E6x - 2003 -> 2010,550i - 367 hp
BMW,Serie 5,E6x - 2003 -> 2010,M5 - 507 hp
BMW,Serie 5,F1x - 2010 -> 10/2016,518d - 150 hp
BMW,Serie 5,F1x - 2010 -> 10/2016,518d - 143 hp
BMW,Serie 5,F1x - 2010 -> 10/2016,518d - 136 hp
BMW,Serie 5,F1x - 2010 -> 10/2016,520d - 190 hp
BMW,Serie 5,F1x - 2010 -> 10/2016,520d - 184 hp
BMW,Serie 5,F1x - 2010 -> 10/2016,520d - 163 hp
BMW,Serie 5,F1x - 2010 -> 10/2016,520d PP - 200 hp
BMW,Serie 5,F1x - 2010 -> 10/2016,520i - 170 hp
BMW,Serie 5,F1x - 2010 -> 10/2016,520i - 184 hp
BMW,Serie 5,F1x - 2010 -> 10/2016,523i - (2010-2011) - 204 hp
BMW,Serie 5,F1x - 2010 -> 10/2016,525d - 211 hp
BMW,Serie 5,F1x - 2010 -> 10/2016,525d - 218 hp
BMW,Serie 5,F1x - 2010 -> 10/2016,525d - 204 hp
BMW,Serie 5,F1x - 2010 -> 10/2016,525i - (2010-2011) - 218 hp
BMW,Serie 5,F1x - 2010 -> 10/2016,528i - 245 hp
BMW,Serie 5,F1x - 2010 -> 10/2016,528i - 258 hp
BMW,Serie 5,F1x - 2010 -> 10/2016,528i SULEV - 245 hp
BMW,Serie 5,F1x - 2010 -> 10/2016,530d - 258 hp
BMW,Serie 5,F1x - 2010 -> 10/2016,530d - 245 hp
BMW,Serie 5,F1x - 2010 -> 10/2016,530d PP - 286 hp
BMW,Serie 5,F1x - 2010 -> 10/2016,530i - (2011-2013) - 272 hp
BMW,Serie 5,F1x - 2010 -> 10/2016,535d - 313 hp
BMW,Serie 5,F1x - 2010 -> 10/2016,535d - 299 hp
BMW,Serie 5,F1x - 2010 -> 10/2016,535d - 306 hp
BMW,Serie 5,F1x - 2010 -> 10/2016,535i - 306 hp
BMW,Serie 5,F1x - 2010 -> 10/2016,535i Active Hybrid - 340 hp
BMW,Serie 5,F1x - 2010 -> 10/2016,535i PP - 339 hp
BMW,Serie 5,F1x - 2010 -> 10/2016,550i - 408 hp
BMW,Serie 5,F1x - 2010 -> 10/2016,550i - valvetronic - 449 hp
BMW,Serie 5,F1x - 2010 -> 10/2016,M5 '30 Jahre Ed.' - 600 hp
BMW,Serie 5,F1x - 2010 -> 10/2016,M5 'Competition' - 575 hp
BMW,Serie 5,F1x - 2010 -> 10/2016,M5 V8 Bi-Turbo - 560 hp
BMW,Serie 5,F1x - 2010 -> 10/2016,M550 xD - 381 hp
BMW,Serie 5,G3x - 10/2016 -> 2020,518d - 150 hp
BMW,Serie 5,G3x - 10/2016 -> 2020,518d - 136 hp
BMW,Serie 5,G3x - 10/2016 -> 2020,520d - 163 hp
BMW,Serie 5,G3x - 10/2016 -> 2020,520d - 190 hp
BMW,Serie 5,G3x - 10/2016 -> 2020,520i - 163 hp
BMW,Serie 5,G3x - 10/2016 -> 2020,520i - 184 hp
BMW,Serie 5,G3x - 10/2016 -> 2020,520i - 170 hp
BMW,Serie 5,G3x - 10/2016 -> 2020,520i - 184 hp
BMW,Serie 5,G3x - 10/2016 -> 2020,525d - 211 hp
BMW,Serie 5,G3x - 10/2016 -> 2020,525d - 231 hp
BMW,Serie 5,G3x - 10/2016 -> 2020,530d - 265 hp
BMW,Serie 5,G3x - 10/2016 -> 2020,530e - 252 hp
BMW,Serie 5,G3x - 10/2016 -> 2020,530i - 252 hp
BMW,Serie 5,G3x - 10/2016 -> 2020,540d - 320 hp
BMW,Serie 5,G3x - 10/2016 -> 2020,540i - 340 hp
BMW,Serie 5,G3x - 10/2016 -> 2020,540i (PP) - 360 hp
BMW,Serie 5,G3x - 10/2016 -> 2020,M5 (F90) - 600 hp
BMW,Serie 5,G3x - 10/2016 -> 2020,M5 Competition (F90) - 625 hp
BMW,Serie 5,G3x - 10/2016 -> 2020,M550d - 400 hp
BMW,Serie 5,G3x - 10/2016 -> 2020,M550i - 530 hp
BMW,Serie 5,G3x - 10/2016 -> 2020,M550i - 462 hp
BMW,Serie 5,G3x LCI - 07/2020 -> ...,45e - 394 hp
BMW,Serie 5,G3x LCI - 07/2020 -> ...,518d - 150 hp
BMW,Serie 5,G3x LCI - 07/2020 -> ...,520d - 190 hp
BMW,Serie 5,G3x LCI - 07/2020 -> ...,520e - 204 hp
BMW,Serie 5,G3x LCI - 07/2020 -> ...,520i - 184 hp
BMW,Serie 5,G3x LCI - 07/2020 -> ...,530d - 286 hp
BMW,Serie 5,G3x LCI - 07/2020 -> ...,530e - 292 hp
BMW,Serie 5,G3x LCI - 07/2020 -> ...,540d - 340 hp
BMW,Serie 5,G3x LCI - 07/2020 -> ...,M550i - 530 hp
BMW,Serie 5,G6x - 2023 -> ...,520d - 197 hp
BMW,Serie 5,G6x - 2023 -> ...,520i - 208 hp
BMW,Serie 5,G6x - 2023 -> ...,530e - 299 hp
BMW,Serie 5,G6x - 2023 -> ...,550e - 489 hp
BMW,Serie 5,G6x - 2023 -> ...,i5 M60 - 601 hp
BMW,Serie 5,G6x - 2023 -> ...,i5 eDrive40 - 340 hp
BMW,Serie 6,E63 - 2004 -> 2010,630ci - 272 hp
BMW,Serie 6,E63 - 2004 -> 2010,630ci - 265 hp
BMW,Serie 6,E63 - 2004 -> 2010,630ci - 258 hp
BMW,Serie 6,E63 - 2004 -> 2010,635d - 286 hp
BMW,Serie 6,E63 - 2004 -> 2010,635d - 306 hp
BMW,Serie 6,E63 - 2004 -> 2010,645ci - 333 hp
BMW,Serie 6,E63 - 2004 -> 2010,650ci - 367 hp
BMW,Serie 6,E63 - 2004 -> 2010,M6 - 5.0 V10 - 507 hp
BMW,Serie 6,F12/F13/06 - 2011 -> 2017,640d - 313 hp
BMW,Serie 6,F12/F13/06 - 2011 -> 2017,640i - 320 hp
BMW,Serie 6,F12/F13/06 - 2011 -> 2017,650i - 407 hp
BMW,Serie 6,F12/F13/06 - 2011 -> 2017,650i - valvetronic - 449 hp
BMW,Serie 6,F12/F13/06 - 2011 -> 2017,M6 Compétition- V8 4.4 Bi-Turbo - 600 hp
BMW,Serie 6,F12/F13/06 - 2011 -> 2017,M6 V8 Bi-Turbo - 560 hp
BMW,Serie 6,G3x - 2017 -> ...,630D - 265 hp
BMW,Serie 6,G3x - 2017 -> ...,630i - 258 hp
BMW,Serie 6,G3x - 2017 -> ...,640D - 320 hp
BMW,Serie 6,G3x - 2017 -> ...,640i - 340 hp
BMW,Serie 6,G3x - 2017 -> ...,640i (PP) - 360 hp
BMW,Serie 7,E65 - 2002 -> 2008,730d - 204 hp
BMW,Serie 7,E65 - 2002 -> 2008,730d - 218 hp
BMW,Serie 7,E65 - 2002 -> 2008,730d - 231 hp
BMW,Serie 7,E65 - 2002 -> 2008,730d - 211 hp
BMW,Serie 7,E65 - 2002 -> 2008,740d - 257 hp
BMW,Serie 7,E65 - 2002 -> 2008,745d - 299 hp
BMW,Serie 7,F01 - 2009 -> 2015,730d - 258 hp
BMW,Serie 7,F01 - 2009 -> 2015,730d - 211 hp
BMW,Serie 7,F01 - 2009 -> 2015,730d - (2008>2012) - 245 hp
BMW,Serie 7,F01 - 2009 -> 2015,740d - 306 hp
BMW,Serie 7,F01 - 2009 -> 2015,740d - 313 hp
BMW,Serie 7,F01 - 2009 -> 2015,740i - 320 hp
BMW,Serie 7,F01 - 2009 -> 2015,750d - 381 hp
BMW,Serie 7,F01 - 2009 -> 2015,750i - 408 hp
BMW,Serie 7,F01 - 2009 -> 2015,750i - valvetronic - 510 hp
BMW,Serie 7,F01 - 2009 -> 2015,750i - valvetronic - 449 hp
BMW,Serie 7,F01 - 2009 -> 2015,760i - 544 hp
BMW,Serie 7,G11/G12 - 2016 -> 2019,725D - 231 hp
BMW,Serie 7,G11/G12 - 2016 -> 2019,730D - 265 hp
BMW,Serie 7,G11/G12 - 2016 -> 2019,730D - 211 hp
BMW,Serie 7,G11/G12 - 2016 -> 2019,740D - 320 hp
BMW,Serie 7,G11/G12 - 2016 -> 2019,740e - 258 hp
BMW,Serie 7,G11/G12 - 2016 -> 2019,740i - 326 hp
BMW,Serie 7,G11/G12 - 2016 -> 2019,740i (PP) - 360 hp
BMW,Serie 7,G11/G12 - 2016 -> 2019,750XD - 400 hp
BMW,Serie 7,G11/G12 - 2016 -> 2019,750i - 450 hp
BMW,Serie 7,G11/G12 - 2016 -> 2019,760i - 610 hp
BMW,Serie 7,G11/G12 LCI - 2019 -> 2022,45e - 394 hp
BMW,Serie 7,G11/G12 LCI - 2019 -> 2022,730d - 265 hp
BMW,Serie 7,G11/G12 LCI - 2019 -> 2022,740d - 320 hp
BMW,Serie 7,G11/G12 LCI - 2019 -> 2022,750d - 400 hp
BMW,Serie 7,G11/G12 LCI - 2019 -> 2022,750i - 530 hp
BMW,Serie 7,G11/G12 LCI - 2019 -> 2022,M760Li - 585 hp
BMW,Serie 7,F01 - 2009 -> 2015,750i Active Hybrid - 465 hp
BMW,Serie 7,G11/G12 - 2016 -> 2019,40e - 326 hp
BMW,Serie 7,G11/G12 LCI - 2019 -> 2022,40e - 326 hp
BMW,Serie 7,G70 - 2023 -> ...,740d - 299 hp
BMW,Serie 7,G70 - 2023 -> ...,750e - 489 hp
BMW,Serie 7,G70 - 2023 -> ...,M760e - 571 hp
BMW,Serie 7,G70 - 2023 -> ...,eDrive 50 - 455 hp
BMW,Serie 7,G70 - 2023 -> ...,xDrive 60 - 544 hp
BMW,Serie 7,G70 - 2023 -> ...,xDrive M70 - 659 hp
BMW,M3,E46 - 1998 -> 2005,E46 M3 - 343 hp
BMW,M3,E46 - 1998 -> 2005,E46 M3 CSL - 360 hp
BMW,M3,E90 - 2005 -> 09/2011,M3 E9x - 420 hp
BMW,M3,F80 - 09/2011 -> 2015,M3 - 431 hp
BMW,M3,F80 - 09/2011 -> 2015,M3 CS - 460 hp
BMW,M3,F80 - 09/2011 -> 2015,M3 Competition - 450 hp
BMW,M3,F80 - 09/2011 -> 2015,M3 Grigio / Avus Edition - 450 hp
BMW,M3,F80 LCI - 2015 -> 2019,M3 - 431 hp
BMW,M3,F80 LCI - 2015 -> 2019,M3 CS - 460 hp
BMW,M3,F80 LCI - 2015 -> 2019,M3 Competition - 450 hp
BMW,M3,G8x - 2021 -> 2024,M3 - 480 hp
BMW,M3,G8x - 2021 -> 2024,M3 CS - 550 hp
BMW,M3,G8x - 2021 -> 2024,M3 Competition - 510 hp
BMW,M3,G8x LCI - 07/2024 -> ...,M3 Competition xDrive - 530 hp
BMW,M3,G8x LCI - 07/2024 -> ...,M3 Touring CS - 550 hp
BMW,M5,E39 - 1995 -> 2003,E39 M5 - 400 hp
BMW,M5,E60 - 2003 -> 2010,E60 M5 - 507 hp
BMW,M5,F10 - 2011 -> 2017,F10 M5 - 560 hp
BMW,M5,F10 - 2011 -> 2017,F10 M5 '30 Jahre Edition' - 600 hp
BMW,M5,F10 - 2011 -> 2017,F10 M5 'Competition' - 575 hp
BMW,M5,F90 - 2017 -> 2023,F90 M5 - 600 hp
BMW,M5,F90 - 2017 -> 2023,F90 M5 Competition - 625 hp
BMW,M5,G90 - 06/2024 -> ...,4.4 V8T PHEV - 727 hp
BMW,M6,All,M6 - 5.0 V10 - 507 hp
BMW,M6,All,M6 - V8 4.4 Bi-Turbo - 560 hp
BMW,M6,All,M6 Compétition- V8 4.4 Bi-Turbo - 600 hp
BMW,M6,E63/E64 - 2005 -> 2010,M6 - 5.0 V10 - 507 hp
BMW,X1,E84 - 2009 -> 2012,18d - 143 hp
BMW,X1,E84 - 2009 -> 2012,18d - 136 hp
BMW,X1,E84 - 2009 -> 2012,18i - 136 hp
BMW,X1,E84 - 2009 -> 2012,18i - 150 hp
BMW,X1,E84 - 2009 -> 2012,20d - 177 hp
BMW,X1,E84 - 2009 -> 2012,20d - 163 hp
BMW,X1,E84 - 2009 -> 2012,23d - 204 hp
BMW,X1,E84 - 2012 -> 2015,16d - 116 hp
BMW,X1,E84 - 2012 -> 2015,18d - 143 hp
BMW,X1,E84 - 2012 -> 2015,18i - 150 hp
BMW,X1,E84 - 2012 -> 2015,20d - 163 hp
BMW,X1,E84 - 2012 -> 2015,20d - 184 hp
BMW,X1,E84 - 2012 -> 2015,20i - 184 hp
BMW,X1,E84 - 2012 -> 2015,25d - 218 hp
BMW,X1,E84 - 2012 -> 2015,28i - 245 hp
BMW,X1,F48 - 10/2015 -> 2019,s16d - 116 hp
BMW,X1,F48 - 10/2015 -> 2019,s18d - 150 hp
BMW,X1,F48 - 10/2015 -> 2019,s18i - 136 hp
BMW,X1,F48 - 10/2015 -> 2019,x18d - 150 hp
BMW,X1,F48 - 10/2015 -> 2019,x20d - 190 hp
BMW,X1,F48 - 10/2015 -> 2019,x20i - 192 hp
BMW,X1,F48 - 10/2015 -> 2019,x25d - 231 hp
BMW,X1,F48 - 10/2015 -> 2019,x25i - 231 hp
BMW,X1,F48 LCI - 08/2019 -> 2022,s16d - 116 hp
BMW,X1,F48 LCI - 08/2019 -> 2022,s18d / x18d - 150 hp
BMW,X1,F48 LCI - 08/2019 -> 2022,s18i - 140 hp
BMW,X1,F48 LCI - 08/2019 -> 2022,s20d / x20d - 190 hp
BMW,X1,F48 LCI - 08/2019 -> 2022,s20i (DKG7) - 192 hp
BMW,X1,F48 LCI - 08/2019 -> 2022,x20i (BVA8) - 192 hp
BMW,X1,F48 LCI - 08/2019 -> 2022,x25i - 231 hp
BMW,X1,F48 LCI - 08/2019 -> 2022,xDrive 25e - 220 hp
BMW,X1,E84 - 2009 -> 2012,18i (2.0i) - 136 hp
BMW,X1,E84 - 2009 -> 2012,18i (2.0i) - 150 hp
BMW,X1,E84 - 2009 -> 2012,25i (3.0i) - 218 hp
BMW,X1,E84 - 2009 -> 2012,28i (3.0i) - 258 hp
BMW,X1,E84 - 2012 -> 2015,18i (2.0i) - 150 hp
BMW,X1,E84 - 2012 -> 2015,20i (2.0T) - 184 hp
BMW,X1,E84 - 2012 -> 2015,28i (2.0T) - 245 hp
BMW,X1,F48 LCI - 08/2019 -> 2022,s20i - 178 hp
BMW,X1,F48 LCI - 08/2019 -> 2022,x20i - 178 hp
BMW,X1,U11 - 2023 -> ...,sDrive 18d - 150 hp
BMW,X1,U11 - 2023 -> ...,sDrive 18i - 136 hp
BMW,X1,U11 - 2023 -> ...,sDrive 20i - 170 hp
BMW,X1,U11 - 2023 -> ...,sDrive 23d - 211 hp
BMW,X1,U11 - 2023 -> ...,sDrive 23i - 218 hp
BMW,X1,U11 - 2023 -> ...,sDrive 25e - 245 hp
BMW,X1,U11 - 2023 -> ...,sDrive 30e - 326 hp
BMW,X1,U11 - 2023 -> ...,xDrive M35i - 300 hp
BMW,X3,E83 - ... -> 2010,18d - 143 hp
BMW,X3,E83 - ... -> 2010,18d - 136 hp
BMW,X3,E83 - ... -> 2010,2.0d - 150 hp
BMW,X3,E83 - ... -> 2010,2.0d - 177 hp
BMW,X3,E83 - ... -> 2010,2.0d - 163 hp
BMW,X3,E83 - ... -> 2010,3.0d - 218 hp
BMW,X3,E83 - ... -> 2010,3.0d - 211 hp
BMW,X3,E83 - ... -> 2010,3.0d - 204 hp
BMW,X3,E83 - ... -> 2010,3.0sd - 286 hp
BMW,X3,F25 - 2011 -> 2017,sDrive 18d - 136 hp
BMW,X3,F25 - 2011 -> 2017,sDrive 18d - 143 hp
BMW,X3,F25 - 2011 -> 2017,sDrive 18d - 150 hp
BMW,X3,F25 - 2011 -> 2017,xDrive 20d - 184 hp
BMW,X3,F25 - 2011 -> 2017,xDrive 20d - 163 hp
BMW,X3,F25 - 2011 -> 2017,xDrive 20d - 190 hp
BMW,X3,F25 - 2011 -> 2017,xDrive 20i - 184 hp
BMW,X3,F25 - 2011 -> 2017,xDrive 28i - 245 hp
BMW,X3,F25 - 2011 -> 2017,xDrive 30d - 258 hp
BMW,X3,F25 - 2011 -> 2017,xDrive 30d - 245 hp
BMW,X3,F25 - 2011 -> 2017,xDrive 30d - 211 hp
BMW,X3,F25 - 2011 -> 2017,xDrive 35d - 313 hp
BMW,X3,F25 - 2011 -> 2017,xDrive 35i - 306 hp
BMW,X3,G01/G08 - 2017 -> 2024,30e - 252 hp
BMW,X3,G01/G08 - 2017 -> 2024,xDrive 18d - 150 hp
BMW,X3,G01/G08 - 2017 -> 2024,xDrive 20d - 190 hp
BMW,X3,G01/G08 - 2017 -> 2024,xDrive 20d - 163 hp
BMW,X3,G01/G08 - 2017 -> 2024,xDrive 20i - 184 hp
BMW,X3,G01/G08 - 2017 -> 2024,xDrive 25d - 231 hp
BMW,X3,G01/G08 - 2017 -> 2024,xDrive 30d - 265 hp
BMW,X3,G01/G08 - 2017 -> 2024,xDrive 30e - 292 hp
BMW,X3,G01/G08 - 2017 -> 2024,xDrive 30i - 252 hp
BMW,X3,G01/G08 - 2017 -> 2024,xDrive M40d - 326 hp
BMW,X3,G01/G08 - 2017 -> 2024,xDrive M40i - 360 hp
BMW,X3,G01/G08 - 2017 -> 2024,M - 3.0 Bi-Turbo - 480 hp
BMW,X3,G01/G08 - 2017 -> 2024,M - 3.0 Bi-Turbo Competition - 510 hp
BMW,X3,G01/G08 - 2017 -> 2024,xDrive 30d - 286 hp
BMW,X3,G01/G08 - 2017 -> 2024,xDrive M40d - 340 hp
BMW,X3,G45 - 06/2024 -> ...,M50i xDrive - 398 hp
BMW,X3,G45 - 06/2024 -> ...,xDrive 20d - 197 hp
BMW,X3,G45 - 06/2024 -> ...,xDrive 20i - 208 hp
BMW,X3,G45 - 06/2024 -> ...,xDrive 30e - 299 hp
BMW,X5,E53 - 2000 -> 2007,3.0d - 184 hp
BMW,X5,E53 - 2000 -> 2007,3.0d - 218 hp
BMW,X5,E70 - 2007 -> 2010,3.0d - 211 hp
BMW,X5,E70 - 2007 -> 2010,3.0d - 235 hp
BMW,X5,E70 - 2007 -> 2010,3.0sd - 286 hp
BMW,X5,E70 - 2007 -> 2010,4.4 Twin Turbo - 407 hp
BMW,X5,E70 - 2007 -> 2010,M - 555 hp
BMW,X5,E70 LCI - 2010 -> 11/2013,30d - 211 hp
BMW,X5,E70 LCI - 2010 -> 11/2013,30d - 245 hp
BMW,X5,E70 LCI - 2010 -> 11/2013,35d - 286 hp
BMW,X5,E70 LCI - 2010 -> 11/2013,35i - 306 hp
BMW,X5,E70 LCI - 2010 -> 11/2013,40d - 306 hp
BMW,X5,E70 LCI - 2010 -> 11/2013,50d - 381 hp
BMW,X5,E70 LCI - 2010 -> 11/2013,50i - 408 hp
BMW,X5,E70 LCI - 2010 -> 11/2013,M - 555 hp
BMW,X5,F15 - 11/2013 -> 2018,40e - 313 hp
BMW,X5,F15 - 11/2013 -> 2018,Active Hybrid - 485 hp
BMW,X5,F15 - 11/2013 -> 2018,x/sDrive 25d - 218 hp
BMW,X5,F15 - 11/2013 -> 2018,xDrive 25d - 231 hp
BMW,X5,F15 - 11/2013 -> 2018,xDrive 28i - 245 hp
BMW,X5,F15 - 11/2013 -> 2018,xDrive 30d - 258 hp
BMW,X5,F15 - 11/2013 -> 2018,xDrive 30d PP - 286 hp
BMW,X5,F15 - 11/2013 -> 2018,xDrive 35i - 306 hp
BMW,X5,F15 - 11/2013 -> 2018,xDrive 40d - 313 hp
BMW,X5,F15 - 11/2013 -> 2018,xDrive 50i - 450 hp
BMW,X5,F15 - 11/2013 -> 2018,xDrive M50d - 381 hp
BMW,X5,G05 - 10/2018 -> 2023,45e - 394 hp
BMW,X5,G05 - 10/2018 -> 2023,M Compétition 4.4 V8 Bi-Turbo - 625 hp
BMW,X5,G05 - 10/2018 -> 2023,xDrive 25d - 231 hp
BMW,X5,G05 - 10/2018 -> 2023,xDrive 30d - 265 hp
BMW,X5,G05 - 10/2018 -> 2023,xDrive 40d - 340 hp
BMW,X5,G05 - 10/2018 -> 2023,xDrive 40i - 340 hp
BMW,X5,G05 - 10/2018 -> 2023,xDrive 40i (PP) - 360 hp
BMW,X5,G05 - 10/2018 -> 2023,xDrive 50i - 450 hp
BMW,X5,G05 - 10/2018 -> 2023,xDrive M50d - 400 hp
BMW,X5,G05 - 10/2018 -> 2023,xDrive M50i - 530 hp
BMW,X5,G05 - 10/2018 -> 2023,xDrive 30d - 286 hp
BMW,X5,G05 - 10/2018 -> 2023,xDrive M60i - 530 hp
BMW,X5,G05 LCI - 2023 -> ...,550e - 489 hp
BMW,X5,G05 LCI - 2023 -> ...,xDrive 30d - 298 hp
BMW,X5 M,E70 - 2010 -> 11/2013,4.4 Turbo - 555 hp
BMW,X5 M,F85 - 11/2013 -> 2019,4.4 V8 Bi-Turbo - 575 hp
BMW,X5 M,G05 - 2020 -> ...,M Compétition 4.4 V8 Bi-Turbo - 625 hp
BMW,X6,E71 - 05/2008 -> 2014,M - 555 hp
BMW,X6,E71 - 05/2008 -> 2014,M - 50d - 381 hp
BMW,X6,E71 - 05/2008 -> 2014,X Drive 30d - 245 hp
BMW,X6,E71 - 05/2008 -> 2014,X Drive 30d - 235 hp
BMW,X6,E71 - 05/2008 -> 2014,X Drive 30d - 211 hp
BMW,X6,E71 - 05/2008 -> 2014,X Drive 30d (May 2010) - 211 hp
BMW,X6,E71 - 05/2008 -> 2014,X Drive 35d - 286 hp
BMW,X6,E71 - 05/2008 -> 2014,X Drive 35i - 306 hp
BMW,X6,E71 - 05/2008 -> 2014,X Drive 40d - 306 hp
BMW,X6,E71 - 05/2008 -> 2014,X Drive 50i - 407 hp
BMW,X6,E71 - 05/2008 -> 2014,X Drive 50i ActiveHybrid - 486 hp
BMW,X6,F16 - 12/2014 -> 2019,40e - 313 hp
BMW,X6,F16 - 12/2014 -> 2019,Active Hybrid - 485 hp
BMW,X6,F16 - 12/2014 -> 2019,M50d - 381 hp
BMW,X6,F16 - 12/2014 -> 2019,xDrive 30d - 258 hp
BMW,X6,F16 - 12/2014 -> 2019,xDrive 30d - 211 hp
BMW,X6,F16 - 12/2014 -> 2019,xDrive 40d - 313 hp
BMW,X6,F16 - 12/2014 -> 2019,xDrive 50i - 450 hp
BMW,X6,G06 - 2020 -> 2023,M Compétition 4.4 V8 Bi-Turbo - 625 hp
BMW,X6,G06 - 2020 -> 2023,M50d - 400 hp
BMW,X6,G06 - 2020 -> 2023,M50i - 530 hp
BMW,X6,G06 - 2020 -> 2023,xDrive 30d - 265 hp
BMW,X6,G06 - 2020 -> 2023,xDrive 40d - 340 hp
BMW,X6,G06 - 2020 -> 2023,xDrive 40i - 340 hp
BMW,X6,F16 - 12/2014 -> 2019,xDrive 35i - 306 hp
BMW,X6,G06 - LCI - 2023 -> ...,xDrive 30d - 298 hp
BMW,X6,G06 - LCI - 2023 -> ...,xDrive M60i - 530 hp
BMW,X6 M,E71 - 2009 -> 2014,4.4 Turbo - 555 hp
BMW,X6 M,F86 - 12/2014 -> 2019,4.4 V8 Bi-Turbo - 575 hp
BMW,X6 M,2020 -> ...,M Compétition 4.4 V8 Bi-Turbo - 625 hp
BMW,Z1,All,2.5 l6 - 170 hp
BMW,Z3,All,18 - 118 hp
BMW,Z3,All,19 - 140 hp
BMW,Z3,All,20 - 150 hp
BMW,Z3,All,22 - 170 hp
BMW,Z3,All,28 - 193 hp
BMW,Z3,All,30 - 231 hp
BMW,Z3,All,M 3.2 - 325 hp
BMW,Z4,E85 - 2003 -> 2009,2.0i - 163 hp
BMW,Z4,E85 - 2003 -> 2009,2.0i - 150 hp
BMW,Z4,E85 - 2003 -> 2009,2.0i - 184 hp
BMW,Z4,E85 - 2003 -> 2009,2.2i - 170 hp
BMW,Z4,E85 - 2003 -> 2009,2.3i - 204 hp
BMW,Z4,E85 - 2003 -> 2009,2.5i - 177 hp
BMW,Z4,E85 - 2003 -> 2009,2.5i - 192 hp
BMW,Z4,E85 - 2003 -> 2009,2.5i - 211 hp
BMW,Z4,E85 - 2003 -> 2009,2.5i - 218 hp
BMW,Z4,E85 - 2003 -> 2009,3.0 - 231 hp
BMW,Z4,E85 - 2003 -> 2009,3.0i - 258 hp
BMW,Z4,E85 - 2003 -> 2009,3.0i SI - 265 hp
BMW,Z4,E85 - 2003 -> 2009,3.5i - N54 - 306 hp
BMW,Z4,E85 - 2003 -> 2009,3.5i - N55 Twinscroll - 306 hp
BMW,Z4,E85 - 2003 -> 2009,3.5is - N54 - 340 hp
BMW,Z4,E85 - 2003 -> 2009,M 3.2 - 343 hp
BMW,Z4,E89 - 2009 -> 2019,18i - 156 hp
BMW,Z4,E89 - 2009 -> 2019,20i - 184 hp
BMW,Z4,E89 - 2009 -> 2019,20i - 163 hp
BMW,Z4,E89 - 2009 -> 2019,28i - 245 hp
BMW,Z4,E89 - 2009 -> 2019,35i - 306 hp
BMW,Z4,G29 - 2019 -> 2023,20i - 197 hp
BMW,Z4,G29 - 2019 -> 2023,30i - 258 hp
BMW,Z4,G29 - 2019 -> 2023,M40i - 340 hp
BMW,Z8,E52 - 2000 -> 2003,5.0 V8 - 400 hp
BMW,1M Coupé,E82 - 2011 -> ...,3.0i Biturbo - 340 hp
BMW,Serie 4,F32/33 - 2013 -> 2016,418d - 150 hp
BMW,Serie 4,F32/33 - 2013 -> 2016,420d - 163 hp
BMW,Serie 4,F32/33 - 2013 -> 2016,420d - 190 hp
BMW,Serie 4,F32/33 - 2013 -> 2016,420d - 184 hp
BMW,Serie 4,F32/33 - 2013 -> 2016,420d PP - 200 hp
BMW,Serie 4,F32/33 - 2013 -> 2016,420i - 184 hp
BMW,Serie 4,F32/33 - 2013 -> 2016,420i - 163 hp
BMW,Serie 4,F32/33 - 2013 -> 2016,425d - 218 hp
BMW,Serie 4,F32/33 - 2013 -> 2016,428i - 245 hp
BMW,Serie 4,F32/33 - 2013 -> 2016,428i SULEV - 245 hp
BMW,Serie 4,F32/33 - 2013 -> 2016,430d - 258 hp
BMW,Serie 4,F32/33 - 2013 -> 2016,430d PP - 286 hp
BMW,Serie 4,F32/33 - 2013 -> 2016,435d - 313 hp
BMW,Serie 4,F32/33 - 2013 -> 2016,435i - 306 hp
BMW,Serie 4,F32/33 - 2013 -> 2016,435i PP - 339 hp
BMW,Serie 4,F32/33 - 2013 -> 2016,GTS - 500 hp
BMW,Serie 4,F32/33 - 2013 -> 2016,M4 - 431 hp
BMW,Serie 4,F32/33 - 2013 -> 2016,M4 CS - 460 hp
BMW,Serie 4,F32/33 - 2013 -> 2016,M4 Competition - 450 hp
BMW,Serie 4,F32/33 LCI - 05/2016 -> 2020,418d - 150 hp
BMW,Serie 4,F32/33 LCI - 05/2016 -> 2020,420d - 163 hp
BMW,Serie 4,F32/33 LCI - 05/2016 -> 2020,420d - 184 hp
BMW,Serie 4,F32/33 LCI - 05/2016 -> 2020,420d - 190 hp
BMW,Serie 4,F32/33 LCI - 05/2016 -> 2020,420i - 184 hp
BMW,Serie 4,F32/33 LCI - 05/2016 -> 2020,425d - 224 hp
BMW,Serie 4,F32/33 LCI - 05/2016 -> 2020,430d - 258 hp
BMW,Serie 4,F32/33 LCI - 05/2016 -> 2020,430i - 252 hp
BMW,Serie 4,F32/33 LCI - 05/2016 -> 2020,430i - 230 hp
BMW,Serie 4,F32/33 LCI - 05/2016 -> 2020,435d - 313 hp
BMW,Serie 4,F32/33 LCI - 05/2016 -> 2020,440i - 326 hp
BMW,Serie 4,F32/33 LCI - 05/2016 -> 2020,440i (PP) - 360 hp
BMW,Serie 4,F32/33 LCI - 05/2016 -> 2020,M4 - 431 hp
BMW,Serie 4,F32/33 LCI - 05/2016 -> 2020,M4 CS - 460 hp
BMW,Serie 4,F32/33 LCI - 05/2016 -> 2020,M4 Competition - 450 hp
BMW,Serie 4,G22 - 2020 -> 2024,420D - 190 hp
BMW,Serie 4,G22 - 2020 -> 2024,420i - 184 hp
BMW,Serie 4,G22 - 2020 -> 2024,430D - 286 hp
BMW,Serie 4,G22 - 2020 -> 2024,430i - 258 hp
BMW,Serie 4,G22 - 2020 -> 2024,M4 - 480 hp
BMW,Serie 4,G22 - 2020 -> 2024,M4 Competition - 510 hp
BMW,Serie 4,G22 - 2020 -> 2024,M440D - 340 hp
BMW,Serie 4,G22 - 2020 -> 2024,M440i - 374 hp
BMW,Serie 4,G22 LCI - 01/2024 -> ...,420d - 190 hp
BMW,Serie 4,G22 LCI - 01/2024 -> ...,420i - 184 hp
BMW,Serie 4,G22 LCI - 01/2024 -> ...,430i xDrive - 245 hp
BMW,Serie 4,G22 LCI - 01/2024 -> ...,M4 CS - 550 hp
BMW,Serie 4,G22 LCI - 01/2024 -> ...,M4 Competition - 530 hp
BMW,Serie 4,G22 LCI - 01/2024 -> ...,M440d xDrive - 340 hp
BMW,Serie 4,G22 LCI - 01/2024 -> ...,M440iA xDrive - 374 hp
BMW,Serie 2,F2x - 2013 -> 2017,218d - 143 hp
BMW,Serie 2,F2x - 2013 -> 2017,218d - 136 hp
BMW,Serie 2,F2x - 2013 -> 2017,218d - 150 hp
BMW,Serie 2,F2x - 2013 -> 2017,218i - 136 hp
BMW,Serie 2,F2x - 2013 -> 2017,220d - 184 hp
BMW,Serie 2,F2x - 2013 -> 2017,220d - 163 hp
BMW,Serie 2,F2x - 2013 -> 2017,220d - 02/2014 > - 190 hp
BMW,Serie 2,F2x - 2013 -> 2017,220d PP - 200 hp
BMW,Serie 2,F2x - 2013 -> 2017,220i - 184 hp
BMW,Serie 2,F2x - 2013 -> 2017,220i - 184 hp
BMW,Serie 2,F2x - 2013 -> 2017,225d - 224 hp
BMW,Serie 2,F2x - 2013 -> 2017,225d - 218 hp
BMW,Serie 2,F2x - 2013 -> 2017,228i - 245 hp
BMW,Serie 2,F2x - 2013 -> 2017,230i - 252 hp
BMW,Serie 2,F2x - 2013 -> 2017,M2 - 370 hp
BMW,Serie 2,F2x - 2013 -> 2017,M2 CS - 455 hp
BMW,Serie 2,F2x - 2013 -> 2017,M2 Competition - 410 hp
BMW,Serie 2,F2x - 2013 -> 2017,M235i - 326 hp
BMW,Serie 2,F2x - 2013 -> 2017,M240i - 340 hp
BMW,Serie 2,F2x - 2013 -> 2017,M240i (PP) - 360 hp
BMW,Serie 2,F2x LCI - 2017 -> 2021,218d - 150 hp
BMW,Serie 2,F2x LCI - 2017 -> 2021,218i - 136 hp
BMW,Serie 2,F2x LCI - 2017 -> 2021,220d - 190 hp
BMW,Serie 2,F2x LCI - 2017 -> 2021,220i - 184 hp
BMW,Serie 2,F2x LCI - 2017 -> 2021,225d - 224 hp
BMW,Serie 2,F2x LCI - 2017 -> 2021,230i - 252 hp
BMW,Serie 2,F2x LCI - 2017 -> 2021,M2 CS - 455 hp
BMW,Serie 2,F2x LCI - 2017 -> 2021,M2 Competition - 410 hp
BMW,Serie 2,F2x LCI - 2017 -> 2021,M240i - 340 hp
BMW,Serie 2,F2x LCI - 2017 -> 2021,M240i (PP) - 360 hp
BMW,Serie 2,G4x - 2021 -> 05/2024,218i - 156 hp
BMW,Serie 2,G4x - 2021 -> 05/2024,220d - 190 hp
BMW,Serie 2,G4x - 2021 -> 05/2024,220i - 184 hp
BMW,Serie 2,G4x - 2021 -> 05/2024,M2 - 460 hp
BMW,Serie 2,G4x - 2021 -> 05/2024,M240i - 374 hp
BMW,Serie 2,G4x - 2021 -> 05/2024,M240i xDrive - 374 hp
BMW,Serie 2,G4x LCI - 06/2024 -> ...,220dA - 190 hp
BMW,Serie 2,G4x LCI - 06/2024 -> ...,220iA - 184 hp
BMW,Serie 2,G4x LCI - 06/2024 -> ...,230iA - 245 hp
BMW,Serie 2,G4x LCI - 06/2024 -> ...,M240iA - 374 hp
BMW,Serie 2,G4x LCI - 06/2024 -> ...,M240iA xDrive - 374 hp
BMW,Serie 3 GT,F34 - 2012 -> 2016,318d - 136 hp
BMW,Serie 3 GT,F34 - 2012 -> 2016,318d - 143 hp
BMW,Serie 3 GT,F34 - 2012 -> 2016,320d - 184 hp
BMW,Serie 3 GT,F34 - 2012 -> 2016,320d - 163 hp
BMW,Serie 3 GT,F34 - 2012 -> 2016,320i - 184 hp
BMW,Serie 3 GT,F34 - 2012 -> 2016,325d - 218 hp
BMW,Serie 3 GT,F34 - 2012 -> 2016,328i - 245 hp
BMW,Serie 3 GT,F34 - 2012 -> 2016,328i SULEV - 245 hp
BMW,Serie 3 GT,F34 - 2012 -> 2016,330d - 258 hp
BMW,Serie 3 GT,F34 - 2012 -> 2016,330d PP - 286 hp
BMW,Serie 3 GT,F34 - 2012 -> 2016,335d - 313 hp
BMW,Serie 3 GT,F34 - 2012 -> 2016,335i - 306 hp
BMW,Serie 3 GT,F34 LCI - 07/2016 -> 01/2020,318d - 150 hp
BMW,Serie 3 GT,F34 LCI - 07/2016 -> 01/2020,320d - 190 hp
BMW,Serie 3 GT,F34 LCI - 07/2016 -> 01/2020,320d - 163 hp
BMW,Serie 3 GT,F34 LCI - 07/2016 -> 01/2020,320i - 184 hp
BMW,Serie 3 GT,F34 LCI - 07/2016 -> 01/2020,330d - 258 hp
BMW,Serie 3 GT,F34 LCI - 07/2016 -> 01/2020,330i - 252 hp
BMW,Serie 3 GT,F34 LCI - 07/2016 -> 01/2020,330i - 230 hp
BMW,Serie 3 GT,F34 LCI - 07/2016 -> 01/2020,335d - 313 hp
BMW,Serie 3 GT,F34 LCI - 07/2016 -> 01/2020,340i - 326 hp
BMW,Serie 3 GT,F34 LCI - 07/2016 -> 01/2020,340i (PP) - 360 hp
BMW,M4,F82/F83 - 2014 -> ...,GTS - 500 hp
BMW,M4,F82/F83 - 2014 -> ...,M4 - 431 hp
BMW,M4,F82/F83 - 2014 -> ...,M4 CS - 460 hp
BMW,M4,F82/F83 - 2014 -> ...,M4 Competition - 450 hp
BMW,M4,G82 - 03/2021 -> 04/2024,M4 - 480 hp
BMW,M4,G82 - 03/2021 -> 04/2024,M4 CSL - 550 hp
BMW,M4,G82 - 03/2021 -> 04/2024,M4 Competition - 510 hp
BMW,M4,G82 LCI - 05/2024 -> ...,M4 CS - 550 hp
BMW,M4,G82 LCI - 05/2024 -> ...,M4 Competition - 530 hp
BMW,X4,F26 - 2014 -> 2018,xDrive 20d - 190 hp
BMW,X4,F26 - 2014 -> 2018,xDrive 20i - 184 hp
BMW,X4,F26 - 2014 -> 2018,xDrive 28i - 245 hp
BMW,X4,F26 - 2014 -> 2018,xDrive 30d - 258 hp
BMW,X4,F26 - 2014 -> 2018,xDrive 30d - 211 hp
BMW,X4,F26 - 2014 -> 2018,xDrive 35d - 313 hp
BMW,X4,F26 - 2014 -> 2018,xDrive 35i - 306 hp
BMW,X4,F26 - 2014 -> 2018,xDrive 35i - 326 hp
BMW,X4,F26 - 2014 -> 2018,xDrive M40i - 360 hp
BMW,X4,G02 - 2018 -> ...,M40D - 326 hp
BMW,X4,G02 - 2018 -> ...,M40i - 354 hp
BMW,X4,G02 - 2018 -> ...,xDrive 20d - 190 hp
BMW,X4,G02 - 2018 -> ...,xDrive 20i - 184 hp
BMW,X4,G02 - 2018 -> ...,xDrive 25d - 231 hp
BMW,X4,G02 - 2018 -> ...,xDrive 30d - 265 hp
BMW,X4,G02 - 2018 -> ...,xDrive 30i - 252 hp
BMW,X4,G02 - 2018 -> ...,M - 3.0 Bi-Turbo - 480 hp
BMW,X4,G02 - 2018 -> ...,M - 3.0 Bi-Turbo Competition - 510 hp
BMW,X4,G02 - 2018 -> ...,M40i - 360 hp
BMW,X4,G02 - 2018 -> ...,XDrive M40d - 326 hp
BMW,X4,G02 - 2018 -> ...,xDrive 30d - 286 hp
BMW,X4,G02 - 2018 -> ...,xDrive 30i - 245 hp
BMW,X4,G02 - 2018 -> ...,xDrive M40d - 340 hp
BMW,Serie 4 GC,F36 - 2014 -> 2016,418d - 143 hp
BMW,Serie 4 GC,F36 - 2014 -> 2016,418d - 136 hp
BMW,Serie 4 GC,F36 - 2014 -> 2016,418d - 150 hp
BMW,Serie 4 GC,F36 - 2014 -> 2016,418i - 136 hp
BMW,Serie 4 GC,F36 - 2014 -> 2016,420d - 184 hp
BMW,Serie 4 GC,F36 - 2014 -> 2016,420d - 190 hp
BMW,Serie 4 GC,F36 - 2014 -> 2016,420d - 163 hp
BMW,Serie 4 GC,F36 - 2014 -> 2016,420i - 184 hp
BMW,Serie 4 GC,F36 - 2014 -> 2016,420i - 163 hp
BMW,Serie 4 GC,F36 - 2014 -> 2016,428i - 245 hp
BMW,Serie 4 GC,F36 - 2014 -> 2016,428i SULEV - 245 hp
BMW,Serie 4 GC,F36 - 2014 -> 2016,430d - 258 hp
BMW,Serie 4 GC,F36 - 2014 -> 2016,435d - 313 hp
BMW,Serie 4 GC,F36 - 2014 -> 2016,435i - 306 hp
BMW,Serie 4 GC,F36 - 2014 -> 2016,435i PP - 339 hp
BMW,Serie 4 GC,F36 - 05/2016 -> 12/2020,418d - 150 hp
BMW,Serie 4 GC,F36 - 05/2016 -> 12/2020,418i - 136 hp
BMW,Serie 4 GC,F36 - 05/2016 -> 12/2020,420d - 190 hp
BMW,Serie 4 GC,F36 - 05/2016 -> 12/2020,420i - 184 hp
BMW,Serie 4 GC,F36 - 05/2016 -> 12/2020,425d - 224 hp
BMW,Serie 4 GC,F36 - 05/2016 -> 12/2020,430d - 258 hp
BMW,Serie 4 GC,F36 - 05/2016 -> 12/2020,430i - 252 hp
BMW,Serie 4 GC,F36 - 05/2016 -> 12/2020,430i - 230 hp
BMW,Serie 4 GC,F36 - 05/2016 -> 12/2020,435d - 313 hp
BMW,Serie 4 GC,F36 - 05/2016 -> 12/2020,440i - 326 hp
BMW,Serie 4 GC,F36 - 05/2016 -> 12/2020,440i (PP) - 360 hp
BMW,Serie 4 GC,G2x - 2021 -> ...,420D - 190 hp
BMW,Serie 4 GC,G2x - 2021 -> ...,420i - 184 hp
BMW,Serie 4 GC,G2x - 2021 -> ...,430D - 286 hp
BMW,Serie 4 GC,G2x - 2021 -> ...,M440i - 374 hp
BMW,Serie 2 Gran/Active Tourer,F45/F46 - 2014 -> 2020,214d - 95 hp
BMW,Serie 2 Gran/Active Tourer,F45/F46 - 2014 -> 2020,216d - 116 hp
BMW,Serie 2 Gran/Active Tourer,F45/F46 - 2014 -> 2020,216i - 102 hp
BMW,Serie 2 Gran/Active Tourer,F45/F46 - 2014 -> 2020,218d - 150 hp
BMW,Serie 2 Gran/Active Tourer,F45/F46 - 2014 -> 2020,218d - 136 hp
BMW,Serie 2 Gran/Active Tourer,F45/F46 - 2014 -> 2020,218i - 136 hp
BMW,Serie 2 Gran/Active Tourer,F45/F46 - 2014 -> 2020,220d - 190 hp
BMW,Serie 2 Gran/Active Tourer,F45/F46 - 2014 -> 2020,220i - 192 hp
BMW,Serie 2 Gran/Active Tourer,F45/F46 - 2014 -> 2020,225i - 231 hp
BMW,Serie 2 Gran/Active Tourer,F45/F46 - 2014 -> 2020,225xe - 224 hp
BMW,Serie 2 Gran/Active Tourer,F45/F46 - 2014 -> 2020,216i - 109 hp
BMW,Serie 2 Gran/Active Tourer,U06 - 2021 -> ...,218d - 150 hp
BMW,Serie 2 Gran/Active Tourer,U06 - 2021 -> ...,218i - 136 hp
BMW,Serie 2 Gran/Active Tourer,U06 - 2021 -> ...,220i Mhev - 170 hp
BMW,Serie 2 Gran/Active Tourer,U06 - 2021 -> ...,Xdrive 30e - 326 hp
BMW,Serie 2 Gran/Active Tourer,U06 - 2021 -> ...,xDrive 25e - 245 hp
BMW,X2,F39 - 2018 -> 2023,M35i (2.0T) (GPF) - 306 hp
BMW,X2,F39 - 2018 -> 2023,s18d / x18d - 150 hp
BMW,X2,F39 - 2018 -> 2023,s18i - 136 hp
BMW,X2,F39 - 2018 -> 2023,s18i (GPF) - 136 hp
BMW,X2,F39 - 2018 -> 2023,s20i / x20i - 192 hp
BMW,X2,F39 - 2018 -> 2023,s20i / x20i (GPF) - 192 hp
BMW,X2,F39 - 2018 -> 2023,x20d - 190 hp
BMW,X2,F39 - 2018 -> 2023,x25d - 231 hp
BMW,X2,F39 - 2018 -> 2023,xDrive 25e - 220 hp
BMW,X2,F39 - 2018 -> 2023,s16d (1500cc) - 116 hp
BMW,X2,F39 - 2018 -> 2023,x28i - 231 hp
BMW,X2,U10 - 2023 -> ...,M35i (2.0T) - 300 hp
BMW,X2,U10 - 2023 -> ...,eDrive20e - 204 hp
BMW,X2,U10 - 2023 -> ...,sDrive 18d - 150 hp
BMW,X2,U10 - 2023 -> ...,sDrive 20i - 170 hp
BMW,X2,U10 - 2023 -> ...,xDrive 20d - 163 hp
BMW,X2,U10 - 2023 -> ...,xDrive M35i - 300 hp
BMW,X2,U10 - 2023 -> ...,xDrive30e - 313 hp
BMW,M2,F87 - 2016 -> 2021,M2 - 370 hp
BMW,M2,F87 - 2016 -> 2021,M2 CS - 455 hp
BMW,M2,F87 - 2016 -> 2021,M2 Competition - 410 hp
BMW,M2,G8x - 2022 -> 2024,M2 - 460 hp
BMW,M2,G8x LCI - 06/2024 -> ...,M2 3.0 Bi-Turbo - 480 hp
BMW,i8,2014 -> 2017,i8 - 362 hp
BMW,i8,2017 -> ...,i8 - 374 hp
BMW,Serie 6 GT,G3x - 2017 -> 2023,620d - 190 hp
BMW,Serie 6 GT,G3x - 2017 -> 2023,630d - 265 hp
BMW,Serie 6 GT,G3x - 2017 -> 2023,630i - 258 hp
BMW,Serie 6 GT,G3x - 2017 -> 2023,640d - 320 hp
BMW,Serie 6 GT,G3x - 2017 -> 2023,640i - 340 hp
BMW,Serie 6 GT,G3x - 2017 -> 2023,640i (PP) - 360 hp
BMW,Serie 8,G14/G15 - 2018 -> 2022,M8 Competition - 625 hp
BMW,Serie 8,G14/G15 - 2018 -> 2022,M850i - 530 hp
BMW,Serie 8,G14/G15 - 2018 -> 2022,xDrive 40d - 320 hp
BMW,Serie 8,G14/G15 - LCI - 2022 -> ...,840d - 340 hp
BMW,Serie 8,G14/G15 - LCI - 2022 -> ...,840i Xdrive - 333 hp
BMW,Serie 8,G14/G15 - LCI - 2022 -> ...,M8 Competition - 625 hp
BMW,Serie 8,G14/G15 - LCI - 2022 -> ...,M850i Xdrive - 530 hp
BMW,X7,G07 - 2019 -> ...,xDrive 30d - 265 hp
BMW,X7,G07 - 2019 -> ...,xDrive 40i - 340 hp
BMW,X7,G07 - 2019 -> ...,xDrive 50i - 450 hp
BMW,X7,G07 - 2019 -> ...,xDrive M50d - 400 hp
BMW,X7,G07 - 2019 -> ...,xDrive M50i - 530 hp
BMW,X7,G07 - 2019 -> ...,XDrive 40i - 333 hp
BMW,X7,G07 - 2019 -> ...,xDrive 40d - 340 hp
BMW,X7,G07 - 2019 -> ...,xDrive M60i - 530 hp
BMW,X3 M,G01 - 2019 -> ...,3.0 Bi-Turbo - 480 hp
BMW,X3 M,G01 - 2019 -> ...,3.0 Bi-Turbo Competition - 510 hp
BMW,X3 M,G01 - 2019 -> ...,M - 3.0 Bi-Turbo - 480 hp
BMW,X3 M,G01 - 2019 -> ...,M - 3.0 Bi-Turbo Competition - 510 hp
BMW,X4 M,G02 - 2019 -> ...,3.0 Bi-Turbo - 480 hp
BMW,X4 M,G02 - 2019 -> ...,3.0 Bi-Turbo Competition - 510 hp
BMW,Serie 6 GC,F06 - 2013 -> 2018,640d - 313 hp
BMW,Serie 6 GC,F06 - 2013 -> 2018,640i - 320 hp
BMW,Serie 6 GC,F06 - 2013 -> 2018,650i Valvetronic - 449 hp
BMW,Serie 6 GC,F06 - 2013 -> 2018,M6 4.4 Bi Turbo - 560 hp
BMW,Serie 6 GC,F06 - 2013 -> 2018,M6 Competition 4.4 Bi Turbo - 575 hp
BMW,Serie 8 GC,G16 - 10/2019 -> 2022,840 xD - 320 hp
BMW,Serie 8 GC,G16 - 10/2019 -> 2022,840 xI - 340 hp
BMW,Serie 8 GC,G16 - 10/2019 -> 2022,M8 Competition - 625 hp
BMW,Serie 8 GC,G16 - 10/2019 -> 2022,M850i X-Drive - 530 hp
BMW,Serie 8 GC,G16 LCI - 2022 -> ...,840d - 340 hp
BMW,Serie 8 GC,G16 LCI - 2022 -> ...,840i Xdrive - 333 hp
BMW,Serie 8 GC,G16 LCI - 2022 -> ...,M8 Competition - 625 hp
BMW,Serie 8 GC,G16 LCI - 2022 -> ...,M850i Xdrive - 530 hp
BMW,M8,G15 - 2019 -> ...,M8 Competition - 625 hp
BMW,Serie 2 GC,03/2020 -> ...,218i (GPF) - 140 hp
BMW,Serie 2 GC,03/2020 -> ...,M235i (2.0T) (GPF) - 306 hp
BMW,Serie 2 GC,03/2020 -> ...,x20d - 190 hp
BMW,Serie 2 GC,F44 - 03/2020 -> ...,216d - 116 hp
BMW,Serie 2 GC,F44 - 03/2020 -> ...,218d - 150 hp
BMW,Serie 2 GC,F44 - 03/2020 -> ...,218i (GPF) - 136 hp
BMW,Serie 2 GC,F44 - 03/2020 -> ...,218i (GPF) - 140 hp
BMW,Serie 2 GC,F44 - 03/2020 -> ...,220d - 190 hp
BMW,Serie 2 GC,F44 - 03/2020 -> ...,220i (GPF) - 178 hp
BMW,Serie 2 GC,F44 - 03/2020 -> ...,M235i (2.0T) (GPF) - 306 hp
BMW,Serie 2 GC,F44 - 03/2020 -> ...,M240i - 374 hp
BMW,Serie 2 GC,F44 - 03/2020 -> ...,xDrive 20d - 190 hp
BMW,XM,12/2022 -> ...,4.4 V8 - 653 hp
BMW,XM,12/2022 -> ...,4.4 V8 Label Red - 748 hp
BMW,XM,12/2022 -> ...,50e - 476 hp
Alfa Romeo,147,2001 -> 2005,1.9Jtd - 100 hp
Alfa Romeo,147,2001 -> 2005,1.9Jtd - 115 hp
Alfa Romeo,147,2001 -> 2005,1.9Jtd - 136 hp
Alfa Romeo,147,2001 -> 2005,1.9Jtd - 140 hp
Alfa Romeo,147,2001 -> 2005,2.0  TS - 150 hp
Alfa Romeo,147,2001 -> 2005,3.2  V6 GTA - 250 hp
Alfa Romeo,147,2005 -> ...,1.9Jtd - 100 hp
Alfa Romeo,147,2005 -> ...,1.9Jtd - 115 hp
Alfa Romeo,147,2005 -> ...,1.9Jtd - 120 hp
Alfa Romeo,147,2005 -> ...,1.9Jtd - 136 hp
Alfa Romeo,147,2005 -> ...,1.9Jtd - 140 hp
Alfa Romeo,147,2005 -> ...,1.9Jtd - 150 hp
Alfa Romeo,147,2005 -> ...,1.9Jtd - 170 hp
Alfa Romeo,147,2005 -> ...,1.9Jtd - 126 hp
Alfa Romeo,147,2005 -> ...,2.0  TS - 150 hp
Alfa Romeo,147,2005 -> ...,3.2  V6 GTA - 250 hp
Alfa Romeo,156,1997 -> 2003,1.9Jtd - 136 hp
Alfa Romeo,156,1997 -> 2003,1.9Jtd - 105 hp
Alfa Romeo,156,1997 -> 2003,1.9Jtd - 110 hp
Alfa Romeo,156,1997 -> 2003,1.9Jtd - 115 hp
Alfa Romeo,156,1997 -> 2003,1.9Jtd - 140 hp
Alfa Romeo,156,1997 -> 2003,2.4Jtd - 150 hp
Alfa Romeo,156,1997 -> 2003,2.4Jtd - 136 hp
Alfa Romeo,156,1997 -> 2003,2.4Jtd - 140 hp
Alfa Romeo,156,1997 -> 2003,2.5  V6 - 190 hp
Alfa Romeo,156,1997 -> 2003,3.2  V6 GTA - 250 hp
Alfa Romeo,156,2002 -> 2005,1.9 jtd - 126 hp
Alfa Romeo,156,2002 -> 2005,1.9Jtd - 115 hp
Alfa Romeo,156,2002 -> 2005,1.9Jtd - 136 hp
Alfa Romeo,156,2002 -> 2005,1.9Jtd - 140 hp
Alfa Romeo,156,2002 -> 2005,1.9Jtd - 150 hp
Alfa Romeo,156,2002 -> 2005,2.4Jtd - 163 hp
Alfa Romeo,156,2002 -> 2005,2.4Jtd - 175 hp
Alfa Romeo,159,2005 -> ...,1.9Jtd - 115 hp
Alfa Romeo,159,2005 -> ...,1.9Jtd - 120 hp
Alfa Romeo,159,2005 -> ...,1.9Jtd - 136 hp
Alfa Romeo,159,2005 -> ...,1.9Jtd - 150 hp
Alfa Romeo,159,2005 -> ...,1750 TB - 200 hp
Alfa Romeo,159,2005 -> ...,2.0Jtdm - 140 hp
Alfa Romeo,159,2005 -> ...,2.0Jtdm - 163 hp
Alfa Romeo,159,2005 -> ...,2.0Jtdm - 170 hp
Alfa Romeo,159,2005 -> ...,2.0Jtdm - 136 hp
Alfa Romeo,159,2005 -> ...,2.4Jtd - 200 hp
Alfa Romeo,159,2005 -> ...,2.4Jtd - 210 hp
Alfa Romeo,159,2005 -> ...,3.2 Q4 JTS - 260 hp
Alfa Romeo,159,2005 -> ...,2.2 JTS - 185 hp
Alfa Romeo,166,1999 -> 2002,2.4 Jtd - 136 hp
Alfa Romeo,166,1999 -> 2002,2.4 Jtd - 140 hp
Alfa Romeo,166,1999 -> 2002,2.4 Jtd - 150 hp
Alfa Romeo,166,2003 -> 2010,2.4 Jtd - 150 hp
Alfa Romeo,166,2003 -> 2010,2.4 Jtd - 163 hp
Alfa Romeo,166,2003 -> 2010,2.4 Jtd - 175 hp
Alfa Romeo,Brera,06/2006 -> 07/2008,2.4  Jtdm 20V - 200 hp
Alfa Romeo,Brera,07/2008 -> ...,1750 TBi - 200 hp
Alfa Romeo,Brera,07/2008 -> ...,2.0 Jtdm - 163 hp
Alfa Romeo,Brera,07/2008 -> ...,2.0 Jtdm - 170 hp
Alfa Romeo,Brera,07/2008 -> ...,2.4  Jtdm 20v - 200 hp
Alfa Romeo,Brera,07/2008 -> ...,2.4 Jtdm 20v - 210 hp
Alfa Romeo,Brera,07/2008 -> ...,3.2 V6 - 260 hp
Alfa Romeo,Brera,07/2008 -> ...,2.2 JTS - 185 hp
Alfa Romeo,CrossWagon,All,1.9  Jtd - 150 hp
Alfa Romeo,Giulietta,2010 -> 2016,1.4  T-jet - 120 hp
Alfa Romeo,Giulietta,2010 -> 2016,1.4T - 105 hp
Alfa Romeo,Giulietta,2010 -> 2016,1.4T Multiair - 163 hp
Alfa Romeo,Giulietta,2010 -> 2016,1.4T Multiair - 120 hp
Alfa Romeo,Giulietta,2010 -> 2016,1.4T Multiair - 170 hp
Alfa Romeo,Giulietta,2010 -> 2016,1.4T Multiair - 150 hp
Alfa Romeo,Giulietta,2010 -> 2016,1.6  Jtdm - 105 hp
Alfa Romeo,Giulietta,2010 -> 2016,1750 TBi - 235 hp
Alfa Romeo,Giulietta,2010 -> 2016,1750 TBi QV - 240 hp
Alfa Romeo,Giulietta,2010 -> 2016,2.0  Jtdm - 140 hp
Alfa Romeo,Giulietta,2010 -> 2016,2.0  Jtdm - 163 hp
Alfa Romeo,Giulietta,2010 -> 2016,2.0 Jtdm - 136 hp
Alfa Romeo,Giulietta,2010 -> 2016,2.0 Jtdm - 170 hp
Alfa Romeo,Giulietta,2010 -> 2016,2.0 Jtdm - 150 hp
Alfa Romeo,Giulietta,2010 -> 2016,2.0 Jtdm - 175 hp
Alfa Romeo,Giulietta,03/2016 -> 2019,1.4 Multiair - 150 hp
Alfa Romeo,Giulietta,03/2016 -> 2019,1.4 Multiair - 170 hp
Alfa Romeo,Giulietta,03/2016 -> 2019,1.4 T-Jet - 120 hp
Alfa Romeo,Giulietta,03/2016 -> 2019,1.6 JTDM - 120 hp
Alfa Romeo,Giulietta,03/2016 -> 2019,1750 TBi - 240 hp
Alfa Romeo,Giulietta,03/2016 -> 2019,2.0 JTDM - 150 hp
Alfa Romeo,Giulietta,03/2016 -> 2019,2.0 JTDM - 175 hp
Alfa Romeo,Giulietta,2019 -> ...,1.4 T - 120 hp
Alfa Romeo,Giulietta,2019 -> ...,1.6 JTD - 120 hp
Alfa Romeo,Giulietta,2019 -> ...,2.0 JTD - 170 hp
Alfa Romeo,GT,All,1.9 JTD - 150 hp
Alfa Romeo,GT,All,1.9 JTD - 170 hp
Alfa Romeo,GT,All,2.0 JTS - 165 hp
Alfa Romeo,GT,All,3.2 V6 - 240 hp
Alfa Romeo,MiTo,09/2008 -> 2016,0.9 TwinAir - 105 hp
Alfa Romeo,MiTo,09/2008 -> 2016,0.9 TwinAir - 85 hp
Alfa Romeo,MiTo,09/2008 -> 2016,1.3 JTD M-jet - 90 hp
Alfa Romeo,MiTo,09/2008 -> 2016,1.3 JTD M-jet - 95 hp
Alfa Romeo,MiTo,09/2008 -> 2016,1.3 JTD M-jet - 85 hp
Alfa Romeo,MiTo,09/2008 -> 2016,1.4  T-Multiair - 135 hp
Alfa Romeo,MiTo,09/2008 -> 2016,1.4  T-Multiair QV - 170 hp
Alfa Romeo,MiTo,09/2008 -> 2016,1.4  Turbo - 115 hp
Alfa Romeo,MiTo,09/2008 -> 2016,1.4  Turbo - 120 hp
Alfa Romeo,MiTo,09/2008 -> 2016,1.4  Turbo - 155 hp
Alfa Romeo,MiTo,09/2008 -> 2016,1.4 16v - 78 hp
Alfa Romeo,MiTo,09/2008 -> 2016,1.4 16v - 95 hp
Alfa Romeo,MiTo,09/2008 -> 2016,1.4 T-Multiair - 163 hp
Alfa Romeo,MiTo,09/2008 -> 2016,1.4 TB MultiAir - 140 hp
Alfa Romeo,MiTo,09/2008 -> 2016,1.6  Jtdm - 115 hp
Alfa Romeo,MiTo,09/2008 -> 2016,1.6  Jtdm - 120 hp
Alfa Romeo,MiTo,2016 -> ...,0.9 TwinAir - 105 hp
Alfa Romeo,MiTo,2016 -> ...,1.3 Multijet - 95 hp
Alfa Romeo,MiTo,2016 -> ...,1.4 16v - 78 hp
Alfa Romeo,MiTo,2016 -> ...,1.4 Multiair - 140 hp
Alfa Romeo,MiTo,2016 -> ...,1.4 Multiair - 170 hp
Alfa Romeo,Spider,All,1.8 TB - 200 hp
Alfa Romeo,Spider,All,2.0 Jtdm - 163 hp
Alfa Romeo,Spider,All,2.0 Jtdm - 170 hp
Alfa Romeo,Spider,All,2.4 Jtdm - 200 hp
Alfa Romeo,Spider,All,2.4 Jtdm - 210 hp
Alfa Romeo,Spider,All,3.2 V6 - 260 hp
Alfa Romeo,4C,2013 -> ...,1750 TBi - 240 hp
Alfa Romeo,Giulia,2016 -> 2019,2.0 TB - 200 hp
Alfa Romeo,Giulia,2016 -> 2019,2.2 JTD - 136 hp
Alfa Romeo,Giulia,2016 -> 2019,2.2 JTD - 150 hp
Alfa Romeo,Giulia,2016 -> 2019,2.2 JTD - 180 hp
Alfa Romeo,Giulia,2016 -> 2019,2.2 JTD - 210 hp
Alfa Romeo,Giulia,2016 -> 2019,Q4 Veloce - 2.0 TB - 280 hp
Alfa Romeo,Giulia,2016 -> 2019,Quadrifoglio - 2.9 V6 Turbo - 510 hp
Alfa Romeo,Giulia,2020 -> ...,2.0 TB (GPF) - 200 hp
Alfa Romeo,Giulia,2020 -> ...,2.2 JTD - 160 hp
Alfa Romeo,Giulia,2020 -> ...,2.2 JTD - 136 hp
Alfa Romeo,Giulia,2020 -> ...,2.2 JTD - 190 hp
Alfa Romeo,Giulia,2020 -> ...,2.2 JTD - 210 hp
Alfa Romeo,Giulia,2020 -> ...,GTA / GTAm 2.9 V6 Turbo - 540 hp
Alfa Romeo,Giulia,2020 -> ...,Q4 2.0 TB (GPF) - 280 hp
Alfa Romeo,Giulia,2020 -> ...,Quadrifoglio 2.9 V6 Turbo - 510 hp
Alfa Romeo,Stelvio,2017 -> ...,2.0 TB - 280 hp
Alfa Romeo,Stelvio,2017 -> ...,2.0 TB - 200 hp
Alfa Romeo,Stelvio,2017 -> ...,2.2 JTD - 150 hp
Alfa Romeo,Stelvio,2017 -> ...,2.2 JTD - 180 hp
Alfa Romeo,Stelvio,2017 -> ...,2.2 JTD - 210 hp
Alfa Romeo,Stelvio,2017 -> ...,Quadrifoglio - 2.9 V6 Turbo - 510 hp
Alfa Romeo,Stelvio,2020 -> ...,2.0 TB (GPF) - 200 hp
Alfa Romeo,Stelvio,2020 -> ...,2.0 TB (GPF) - 280 hp
Alfa Romeo,Stelvio,2020 -> ...,2.2 JTD - 160 hp
Alfa Romeo,Stelvio,2020 -> ...,2.2 JTD - 190 hp
Alfa Romeo,Stelvio,2020 -> ...,2.2 JTD - 210 hp
Alfa Romeo,Stelvio,2020 -> ...,2.9 V6 Turbo - 510 hp
Alfa Romeo,Tonale,2021 -> ...,1.3T - 190 hp
Alfa Romeo,Tonale,2021 -> ...,1.3T - 240 hp
Alfa Romeo,Tonale,2022 -> ...,1.3 PHEV EQ4 - 280 hp
Alfa Romeo,Tonale,2022 -> ...,1.5T - 131 hp
Alfa Romeo,Tonale,2022 -> ...,1.5T - 160 hp
Alfa Romeo,Tonale,2022 -> ...,1.6 Mjet - 130 hp
Alpina,D3,All,2.0d - 200 hp
Alpina,D3,All,2.0d - 214 hp
Alpina,D3,All,D3 Biturbo - 350 hp
Alpina,B3,... -> 2018,3.5  i - 360 hp
Alpina,B3,... -> 2018,B3 Biturbo - 410 hp
Alpina,B3,2019 -> ...,3.0 Bi-Turbo - 462 hp
Alpina,B3 S,All,3.5  i - 400 hp
Alpina,B3 S,All,3.0T - 440 hp
Alpina,B5,2010 -> 2012,4.4 V8 Supercharged - 507 hp
Alpina,B5,2010 -> 2012,B5 Bi-Turbo - 540 hp
Alpina,B5,2017 -> ...,4.4 V8 Bi-Turbo - 608 hp
Alpina,B6,All,4.4  V8 Bi-turbo - 500 hp
Alpina,B6,All,4.4 V8 Bi-turbo - 600 hp
Alpina,B6,All,B6 Biturbo - 540 hp
Alpina,B6 S,All,4.4  V8 Bi-turbo - 530 hp
Alpina,B7,F01 - 2011 -> 2016,B7 Bi-Turbo - 507 hp
Alpina,B7,F01 - 2011 -> 2016,B7 Bi-Turbo - 540 hp
Alpina,B7,G12 - 2017 -> ...,4.4 V8 Bi-Turbo - 608 hp
Alpina,D5,2012 -> ...,D5 Biturbo - 350 hp
Alpina,D4,All,D4 Biturbo - 350 hp
Alpina,B4,All,B4 Biturbo - 410 hp
Alpina,XD3,2015 -> 2018,XD3 Biturbo - 350 hp
Alpina,XD3,2018 -> ...,3.0D - 388 hp
Alpina,XD4,2018 -> ...,3.0D - 388 hp
Alpina,D5 S,2017 -> ...,3.0D - 388 hp
Alpina,XB7,2020 -> ...,4.4 V8 Bi-Turbo - 621 hp
Audi,A1,8X - 2010 -> 2014,1.2 TFSI - 86 hp
Audi,A1,8X - 2010 -> 2014,1.2 TFSI - 105 hp
Audi,A1,8X - 2010 -> 2014,1.4 TFSI - 122 hp
Audi,A1,8X - 2010 -> 2014,1.4 TFSI (CPTA) - 140 hp
Audi,A1,8X - 2010 -> 2014,1.4 TSI (CAVG) - 185 hp
Audi,A1,8X - 2010 -> 2014,1.4 TSI (CTHG) - 185 hp
Audi,A1,8X - 2010 -> 2014,1.6 TDI - 105 hp
Audi,A1,8X - 2010 -> 2014,1.6 TDI - 90 hp
Audi,A1,8X - 2010 -> 2014,2.0 TDI - 143 hp
Audi,A1,8X - 2010 -> 2014,2.0 TDI - 136 hp
Audi,A1,8X - 2010 -> 2014,2.0 TFSi Quattro - 256 hp
Audi,A1,8X - 2010 -> 2014,S1 2.0 TFSi - 231 hp
Audi,A1,8X - 2015 -> 2018,1.0 TFSI - 95 hp
Audi,A1,8X - 2015 -> 2018,1.0 TFSi - 82 hp
Audi,A1,8X - 2015 -> 2018,1.2 TFSI - 86 hp
Audi,A1,8X - 2015 -> 2018,1.4 TDi - 90 hp
Audi,A1,8X - 2015 -> 2018,1.4 TFSI - 125 hp
Audi,A1,8X - 2015 -> 2018,1.4 TFSI (COD) - 150 hp
Audi,A1,8X - 2015 -> 2018,1.6 TDi - 116 hp
Audi,A1,8X - 2015 -> 2018,1.8 TFSI - 192 hp
Audi,A1,8X - 2015 -> 2018,S1 2.0 TFSi - 231 hp
Audi,A1,GB - 2018 -> ...,25 TFSI - (1.0T) - 95 hp
Audi,A1,GB - 2018 -> ...,30 TFSI -  (1.0T) - 116 hp
Audi,A1,GB - 2018 -> ...,35 TFSI - (1.5T) - 150 hp
Audi,A1,GB - 2018 -> ...,40 TFSI (2.0T) - 200 hp
Audi,A2,8Z - 1999 -> 2005,1.2 TDI - 60 hp
Audi,A2,8Z - 1999 -> 2005,1.4 TDI - 75 hp
Audi,A2,8Z - 1999 -> 2005,1.4 TDI - 90 hp
Audi,A3 / A3 Berline,8L - 1996 -> 2003,1.8 20v - 125 hp
Audi,A3 / A3 Berline,8L - 1996 -> 2003,1.8 T - 150 hp
Audi,A3 / A3 Berline,8L - 1996 -> 2003,1.8 T - 180 hp
Audi,A3 / A3 Berline,8L - 1996 -> 2003,1.9 TDi - 100 hp
Audi,A3 / A3 Berline,8L - 1996 -> 2003,1.9 TDi - 110 hp
Audi,A3 / A3 Berline,8L - 1996 -> 2003,1.9 TDi - 130 hp
Audi,A3 / A3 Berline,8L - 1996 -> 2003,1.9 TDi - 90 hp
Audi,A3 / A3 Berline,8L - 1996 -> 2003,S3 210 - 210 hp
Audi,A3 / A3 Berline,8L - 1996 -> 2003,S3 225 - 225 hp
Audi,A3 / A3 Berline,8P Mk1 - 2003 -> 2008,1.6 8V - 102 hp
Audi,A3 / A3 Berline,8P Mk1 - 2003 -> 2008,1.6 FSi - 115 hp
Audi,A3 / A3 Berline,8P Mk1 - 2003 -> 2008,1.9 TDi - 105 hp
Audi,A3 / A3 Berline,8P Mk1 - 2003 -> 2008,2.0 FSi - 150 hp
Audi,A3 / A3 Berline,8P Mk1 - 2003 -> 2008,2.0 TDi - 136 hp
Audi,A3 / A3 Berline,8P Mk1 - 2003 -> 2008,2.0 TDi - 140 hp
Audi,A3 / A3 Berline,8P Mk1 - 2003 -> 2008,2.0 TDi DPF - 136 hp
Audi,A3 / A3 Berline,8P Mk1 - 2003 -> 2008,2.0 TDi DPF - 140 hp
Audi,A3 / A3 Berline,8P Mk1 - 2003 -> 2008,2.0 TDi DPF - 163 hp
Audi,A3 / A3 Berline,8P Mk1 - 2003 -> 2008,2.0 TDi DPF - 170 hp
Audi,A3 / A3 Berline,8P Mk1 - 2003 -> 2008,2.0 TFSi - 200 hp
Audi,A3 / A3 Berline,8P Mk1 - 2003 -> 2008,3.2 V6 - 250 hp
Audi,A3 / A3 Berline,8P Mk1 - 2003 -> 2008,S3 2.0 TFSI - 265 hp
Audi,A3 / A3 Berline,8P Mk2 - 2008 -> 2012,1.2 TSi - 105 hp
Audi,A3 / A3 Berline,8P Mk2 - 2008 -> 2012,1.4 TSI - 125 hp
Audi,A3 / A3 Berline,8P Mk2 - 2008 -> 2012,1.4 TSi - 122 hp
Audi,A3 / A3 Berline,8P Mk2 - 2008 -> 2012,1.6 TDi - 105 hp
Audi,A3 / A3 Berline,8P Mk2 - 2008 -> 2012,1.6 TDi - 90 hp
Audi,A3 / A3 Berline,8P Mk2 - 2008 -> 2012,1.8 TFSi - 160 hp
Audi,A3 / A3 Berline,8P Mk2 - 2008 -> 2012,1.9 TDi - 105 hp
Audi,A3 / A3 Berline,8P Mk2 - 2008 -> 2012,2.0 TDi cr - 136 hp
Audi,A3 / A3 Berline,8P Mk2 - 2008 -> 2012,2.0 TDi cr - 143 hp
Audi,A3 / A3 Berline,8P Mk2 - 2008 -> 2012,2.0 TDi cr - 163 hp
Audi,A3 / A3 Berline,8P Mk2 - 2008 -> 2012,2.0 TDi cr - 170 hp
Audi,A3 / A3 Berline,8P Mk2 - 2008 -> 2012,2.0 TDi cr - 140 hp
Audi,A3 / A3 Berline,8P Mk2 - 2008 -> 2012,2.0 TFSi - 200 hp
Audi,A3 / A3 Berline,8P Mk2 - 2008 -> 2012,RS3 2.5 TFSI - 340 hp
Audi,A3 / A3 Berline,8P Mk2 - 2008 -> 2012,S3 2.0 TFSi - 265 hp
Audi,A3 / A3 Berline,8V Mk1 - 2012 -> 2016,1.2 TSi - 105 hp
Audi,A3 / A3 Berline,8V Mk1 - 2012 -> 2016,1.2 TSi - 110 hp
Audi,A3 / A3 Berline,8V Mk1 - 2012 -> 2016,1.4 TFSI - 150 hp
Audi,A3 / A3 Berline,8V Mk1 - 2012 -> 2016,1.4 TFSI - 125 hp
Audi,A3 / A3 Berline,8V Mk1 - 2012 -> 2016,1.4 TFSI (CHPA-CPTA) - 140 hp
Audi,A3 / A3 Berline,8V Mk1 - 2012 -> 2016,1.4 TGI G-Tron - 110 hp
Audi,A3 / A3 Berline,8V Mk1 - 2012 -> 2016,1.4 TSI (CMBA-CPVA) - 122 hp
Audi,A3 / A3 Berline,8V Mk1 - 2012 -> 2016,1.6 TDI CR - 105 hp
Audi,A3 / A3 Berline,8V Mk1 - 2012 -> 2016,1.6 TDI CR - 110 hp
Audi,A3 / A3 Berline,8V Mk1 - 2012 -> 2016,1.8 TFSi - 180 hp
Audi,A3 / A3 Berline,8V Mk1 - 2012 -> 2016,2.0 TDI CR - 110 hp
Audi,A3 / A3 Berline,8V Mk1 - 2012 -> 2016,2.0 TDi CR - 184 hp
Audi,A3 / A3 Berline,8V Mk1 - 2012 -> 2016,2.0 TDi CR - 136 hp
Audi,A3 / A3 Berline,8V Mk1 - 2012 -> 2016,2.0 TDi CR - 150 hp
Audi,A3 / A3 Berline,8V Mk1 - 2012 -> 2016,2.0 TDi CR - 143 hp
Audi,A3 / A3 Berline,8V Mk1 - 2012 -> 2016,2.0 TFSI - 220 hp
Audi,A3 / A3 Berline,8V Mk1 - 2012 -> 2016,E-Tron - 204 hp
Audi,A3 / A3 Berline,8V Mk1 - 2012 -> 2016,RS3 2.5 TFSI - 367 hp
Audi,A3 / A3 Berline,8V Mk1 - 2012 -> 2016,S3 2.0 TFSI - 300 hp
Audi,A3 / A3 Berline,8V Mk2 - 07/2016 -> 2019,1.0 TFSi - 116 hp
Audi,A3 / A3 Berline,8V Mk2 - 07/2016 -> 2019,1.4 TFSI - 116 hp
Audi,A3 / A3 Berline,8V Mk2 - 07/2016 -> 2019,1.4 TFSI (COD) - 150 hp
Audi,A3 / A3 Berline,8V Mk2 - 07/2016 -> 2019,1.4 TFSI E-Tron - 204 hp
Audi,A3 / A3 Berline,8V Mk2 - 07/2016 -> 2019,1.4 TGI G-Tron - 110 hp
Audi,A3 / A3 Berline,8V Mk2 - 07/2016 -> 2019,1.5 TFSI - 150 hp
Audi,A3 / A3 Berline,8V Mk2 - 07/2016 -> 2019,1.6 TDi - 110 hp
Audi,A3 / A3 Berline,8V Mk2 - 07/2016 -> 2019,1.6 TDi - 116 hp
Audi,A3 / A3 Berline,8V Mk2 - 07/2016 -> 2019,2.0 TDI - 150 hp
Audi,A3 / A3 Berline,8V Mk2 - 07/2016 -> 2019,2.0 TDI - 184 hp
Audi,A3 / A3 Berline,8V Mk2 - 07/2016 -> 2019,2.0 TFSI - 190 hp
Audi,A3 / A3 Berline,8V Mk2 - 07/2016 -> 2019,RS3 2.5 TFSI - 400 hp
Audi,A3 / A3 Berline,8V Mk2 - 07/2016 -> 2019,S3 2.0 TFSI - 310 hp
Audi,A3 / A3 Berline,8V Mk3 - 2019 -> ...,30 TDI (1.6D) - 116 hp
Audi,A3 / A3 Berline,8V Mk3 - 2019 -> ...,30 TFSI -  (1.0T) - 116 hp
Audi,A3 / A3 Berline,8V Mk3 - 2019 -> ...,35 TFSI (1.4T COD) - 150 hp
Audi,A3 / A3 Berline,8V Mk3 - 2019 -> ...,35 TFSI - (1.5T) - 150 hp
Audi,A3 / A3 Berline,8V Mk3 - 2019 -> ...,40 TDI (2.0D) - 184 hp
Audi,A3 / A3 Berline,8V Mk3 - 2019 -> ...,40 TFSI (2.0T) - 190 hp
Audi,A3 / A3 Berline,8V Mk3 - 2019 -> ...,RS TFSI (2.5T GPF) - 400 hp
Audi,A3 / A3 Berline,8V Mk3 - 2019 -> ...,S TFSI (2.0T) - 300 hp
Audi,A3 / A3 Berline,2020 -> ...,1.4 TFSI E-Tron - 204 hp
Audi,A3 / A3 Berline,2020 -> ...,30 TDI (2.0D) - 115 hp
Audi,A3 / A3 Berline,2020 -> ...,35 TDI (2.0D) - 150 hp
Audi,A3 / A3 Berline,2020 -> ...,35 TFSI - (1.5T) - 150 hp
Audi,A3 / A3 Berline,2020 -> ...,35 e-TFSI - (1.5T) - 150 hp
Audi,A3 / A3 Berline,2020 -> ...,40 TDI (2.0D) - 190 hp
Audi,A3 / A3 Berline,8Y - 10/2020 -> 2023,30 TDI (2.0D) - 116 hp
Audi,A3 / A3 Berline,8Y - 10/2020 -> 2023,30 TFSI - (1.0T) - 110 hp
Audi,A3 / A3 Berline,8Y - 10/2020 -> 2023,35 TDI (2.0D) - 150 hp
Audi,A3 / A3 Berline,8Y - 10/2020 -> 2023,35 TFSI - (1.5T) - 150 hp
Audi,A3 / A3 Berline,8Y - 10/2020 -> 2023,40 TDI (2.0D) - 190 hp
Audi,A3 / A3 Berline,8Y - 10/2020 -> 2023,40 TDI (2.0D) - 200 hp
Audi,A3 / A3 Berline,8Y - 10/2020 -> 2023,40 TFSI (2.0T) - 190 hp
Audi,A3 / A3 Berline,8Y - 10/2020 -> 2023,40 TFSIe - (1.4T) - 204 hp
Audi,A3 / A3 Berline,8Y - 10/2020 -> 2023,45 TFSIe - (1.4T) - 245 hp
Audi,A3 / A3 Berline,8Y - 10/2020 -> 2023,S3 2.0 TFSI - 310 hp
Audi,A3 / A3 Berline,8Y MK2 - 2024 -> ...,35 TDI (2.0D) - 150 hp
Audi,A3 / A3 Berline,8Y MK2 - 2024 -> ...,35 TFSI (1.5T) - 150 hp
Audi,A4,B6 - 2001 -> 2004,1.8 T - 150 hp
Audi,A4,B6 - 2001 -> 2004,1.8 T - 163 hp
Audi,A4,B6 - 2001 -> 2004,1.8 T - 190 hp
Audi,A4,B6 - 2001 -> 2004,1.9 TDi - 100 hp
Audi,A4,B6 - 2001 -> 2004,1.9 TDi - 115 hp
Audi,A4,B6 - 2001 -> 2004,1.9 TDi - 130 hp
Audi,A4,B6 - 2001 -> 2004,S4 4.2 V8 - 344 hp
Audi,A4,B7 - 2004 -> 2008,1.8T - 163 hp
Audi,A4,B7 - 2004 -> 2008,1.9 TDi - 115 hp
Audi,A4,B7 - 2004 -> 2008,2.0 FSi - 150 hp
Audi,A4,B7 - 2004 -> 2008,2.0 TDi - 136 hp
Audi,A4,B7 - 2004 -> 2008,2.0 TDi - 140 hp
Audi,A4,B7 - 2004 -> 2008,2.0 TDi DPF - 136 hp
Audi,A4,B7 - 2004 -> 2008,2.0 TDi DPF - 140 hp
Audi,A4,B7 - 2004 -> 2008,2.0 TDi DPF - 163 hp
Audi,A4,B7 - 2004 -> 2008,2.0 TDi DPF - 170 hp
Audi,A4,B7 - 2004 -> 2008,2.0 TFSI - DTM edition - 220 hp
Audi,A4,B7 - 2004 -> 2008,2.0 TFSi - 170 hp
Audi,A4,B7 - 2004 -> 2008,2.0 TFSi - 200 hp
Audi,A4,B7 - 2004 -> 2008,2.7 V6 TDi - 163 hp
Audi,A4,B7 - 2004 -> 2008,2.7 V6 TDi - 180 hp
Audi,A4,B7 - 2004 -> 2008,3.0 V6 - 220 hp
Audi,A4,B7 - 2004 -> 2008,3.0 V6 TDi - 204 hp
Audi,A4,B7 - 2004 -> 2008,3.0 V6 TDi - 233 hp
Audi,A4,B7 - 2004 -> 2008,3.2 V6 - 255 hp
Audi,A4,B7 - 2004 -> 2008,RS4 4.2 V8 - 420 hp
Audi,A4,B7 - 2004 -> 2008,S4 4.2 V8 - 344 hp
Audi,A4,B8 Mk1 - 2008 -> 2011,1.8 TFSi - 120 hp
Audi,A4,B8 Mk1 - 2008 -> 2011,1.8 TFSi - 160 hp
Audi,A4,B8 Mk1 - 2008 -> 2011,2.0 TDi - 163 hp
Audi,A4,B8 Mk1 - 2008 -> 2011,2.0 TDi - 170 hp
Audi,A4,B8 Mk1 - 2008 -> 2011,2.0 TDi - 143 hp
Audi,A4,B8 Mk1 - 2008 -> 2011,2.0 TDi - 136 hp
Audi,A4,B8 Mk1 - 2008 -> 2011,2.0 TDi - 120 hp
Audi,A4,B8 Mk1 - 2008 -> 2011,2.0 TFSi - 211 hp
Audi,A4,B8 Mk1 - 2008 -> 2011,2.0 TFSi - 180 hp
Audi,A4,B8 Mk1 - 2008 -> 2011,2.7 TDi - 190 hp
Audi,A4,B8 Mk1 - 2008 -> 2011,2.7 TDi - 163 hp
Audi,A4,B8 Mk1 - 2008 -> 2011,3.0 TDi DPF - 240 hp
Audi,A4,B8 Mk1 - 2008 -> 2011,3.0 TDi DPF - 211 hp
Audi,A4,B8 Mk1 - 2008 -> 2011,3.0 TFSi - 290 hp
Audi,A4,B8 Mk1 - 2008 -> 2011,3.2 FSi - 256 hp
Audi,A4,B8 Mk1 - 2008 -> 2011,3.2 FSi - 265 hp
Audi,A4,B8 Mk1 - 2008 -> 2011,RS4 4.2 V8 FSI - 450 hp
Audi,A4,B8 Mk1 - 2008 -> 2011,S4 3.0 TFSi - 333 hp
Audi,A4,B8 Mk2 - 2012 -> 2015,1.4 TFSI - 125 hp
Audi,A4,B8 Mk2 - 2012 -> 2015,1.8 TFSI - 170 hp
Audi,A4,B8 Mk2 - 2012 -> 2015,1.8 TFSI - 120 hp
Audi,A4,B8 Mk2 - 2012 -> 2015,2.0 TDI - 120 hp
Audi,A4,B8 Mk2 - 2012 -> 2015,2.0 TDI - 143 hp
Audi,A4,B8 Mk2 - 2012 -> 2015,2.0 TDI - 136 hp
Audi,A4,B8 Mk2 - 2012 -> 2015,2.0 TDI - 177 hp
Audi,A4,B8 Mk2 - 2012 -> 2015,2.0 TDI - 163 hp
Audi,A4,B8 Mk2 - 2012 -> 2015,2.0 TDI - 150 hp
Audi,A4,B8 Mk2 - 2012 -> 2015,2.0 TDI - 190 hp
Audi,A4,B8 Mk2 - 2012 -> 2015,2.0 TFSI - 211 hp
Audi,A4,B8 Mk2 - 2012 -> 2015,2.0 TSI - 225 hp
Audi,A4,B8 Mk2 - 2012 -> 2015,3.0 TDI - 245 hp
Audi,A4,B8 Mk2 - 2012 -> 2015,3.0 TDI - 204 hp
Audi,A4,B8 Mk2 - 2012 -> 2015,3.0 TFSI V6 - 272 hp
Audi,A4,B8 Mk2 - 2012 -> 2015,RS4 4.2 V8 FSI - 450 hp
Audi,A4,B8 Mk2 - 2012 -> 2015,S4 3.0 TFSI - 333 hp
Audi,A4,B9 Mk1 - 07/2015 -> 2019,1.4 TFSI - 150 hp
Audi,A4,B9 Mk1 - 07/2015 -> 2019,2.0 TDI - 190 hp
Audi,A4,B9 Mk1 - 07/2015 -> 2019,2.0 TDI - 150 hp
Audi,A4,B9 Mk1 - 07/2015 -> 2019,2.0 TDI - 122 hp
Audi,A4,B9 Mk1 - 07/2015 -> 2019,2.0 TDI - 136 hp
Audi,A4,B9 Mk1 - 07/2015 -> 2019,2.0 TDI - 163 hp
Audi,A4,B9 Mk1 - 07/2015 -> 2019,2.0 TDI Ultra - 150 hp
Audi,A4,B9 Mk1 - 07/2015 -> 2019,2.0 TFSI - 252 hp
Audi,A4,B9 Mk1 - 07/2015 -> 2019,2.0 TFSI - 150 hp
Audi,A4,B9 Mk1 - 07/2015 -> 2019,2.0 TFSI - 190 hp
Audi,A4,B9 Mk1 - 07/2015 -> 2019,3.0 TDI - 272 hp
Audi,A4,B9 Mk1 - 07/2015 -> 2019,3.0 TDI (Quattro) - 218 hp
Audi,A4,B9 Mk1 - 07/2015 -> 2019,3.0 TDI (Traction) - 218 hp
Audi,A4,B9 Mk1 - 07/2015 -> 2019,RS TFSI (2.9 V6 BiTurbo) - 450 hp
Audi,A4,B9 Mk1 - 07/2015 -> 2019,S TFSI (3.0T) - 354 hp
Audi,A4,B9 Mk2 - 09/2019 -> ...,30 TDI (2.0D) - 122 hp
Audi,A4,B9 Mk2 - 09/2019 -> ...,30 TDI (2.0D) - 136 hp
Audi,A4,B9 Mk2 - 09/2019 -> ...,35 TDI (2.0D) - 150 hp
Audi,A4,B9 Mk2 - 09/2019 -> ...,35 TDI (2.0D) - 163 hp
Audi,A4,B9 Mk2 - 09/2019 -> ...,35 TFSI (2.0T) - 150 hp
Audi,A4,B9 Mk2 - 09/2019 -> ...,40 TDI (2.0D) - 190 hp
Audi,A4,B9 Mk2 - 09/2019 -> ...,40 TFSI (2.0T) - 190 hp
Audi,A4,B9 Mk2 - 09/2019 -> ...,45 TDI (3.0D) - 231 hp
Audi,A4,B9 Mk2 - 09/2019 -> ...,45 TFSI (2.0T) - 245 hp
Audi,A4,B9 Mk2 - 09/2019 -> ...,50 TDI (3.0D) - 286 hp
Audi,A4,B9 Mk2 - 09/2019 -> ...,RS TFSI (2.9 V6 BiTurbo) - 450 hp
Audi,A4,B9 Mk2 - 09/2019 -> ...,S TDI (3.0D) - 347 hp
Audi,A4,B9 Mk2 - 09/2019 -> ...,S TFSI (3.0T) - 354 hp
Audi,A4,B9 Mk2 - 09/2019 -> ...,40 G-Tron (2.0T) - 170 hp
Audi,A4,B9 Mk2 - 09/2019 -> ...,40 TDI (2.0D) - 204 hp
Audi,A4,B9 Mk2 - 09/2019 -> ...,45 TFSI (2.0T) - 265 hp
Audi,A4 Cabrio,B6 - 2002 -> 2006,1.8 T - 163 hp
Audi,A4 Cabrio,B6 - 2002 -> 2006,3.0 V6 - 220 hp
Audi,A4 Cabrio,B7 - 2006 -> ...,1.8 T - 163 hp
Audi,A4 Cabrio,B7 - 2006 -> ...,2.0 TDi DPF - 136 hp
Audi,A4 Cabrio,B7 - 2006 -> ...,2.0 TDi DPF - 140 hp
Audi,A4 Cabrio,B7 - 2006 -> ...,2.0 TFSi - 200 hp
Audi,A4 Cabrio,B7 - 2006 -> ...,2.7 V6 TDi - 180 hp
Audi,A4 Cabrio,B7 - 2006 -> ...,3.0 V6 TDi - 204 hp
Audi,A4 Cabrio,B7 - 2006 -> ...,3.0 V6 TDi - 233 hp
Audi,A4 Cabrio,B7 - 2006 -> ...,3.2 V6 - 255 hp
Audi,A4 Cabrio,B7 - 2006 -> ...,RS4 4.2 V8 - 420 hp
Audi,A4 Cabrio,B7 - 2006 -> ...,S4 4.2 V8 - 344 hp
Audi,A5,8T Mk1 - 2007 -> 2011,1.8 TFSI - 160 hp
Audi,A5,8T Mk1 - 2007 -> 2011,1.8 TFSi - 170 hp
Audi,A5,8T Mk1 - 2007 -> 2011,2.0 CR TDi - 177 hp
Audi,A5,8T Mk1 - 2007 -> 2011,2.0 CR TDi - 143 hp
Audi,A5,8T Mk1 - 2007 -> 2011,2.0 CR TDi - 163 hp
Audi,A5,8T Mk1 - 2007 -> 2011,2.0 CR TDi - 170 hp
Audi,A5,8T Mk1 - 2007 -> 2011,2.0 CR TDi - 136 hp
Audi,A5,8T Mk1 - 2007 -> 2011,2.0 TFSi - 180 hp
Audi,A5,8T Mk1 - 2007 -> 2011,2.0 TFSi - 211 hp
Audi,A5,8T Mk1 - 2007 -> 2011,2.7 TDi - 190 hp
Audi,A5,8T Mk1 - 2007 -> 2011,2.7 TDi - 163 hp
Audi,A5,8T Mk1 - 2007 -> 2011,3.0 TDi - 211 hp
Audi,A5,8T Mk1 - 2007 -> 2011,3.0 TDi - 240 hp
Audi,A5,8T Mk1 - 2007 -> 2011,3.0 TDi - 245 hp
Audi,A5,8T Mk1 - 2007 -> 2011,3.0 TDi - 204 hp
Audi,A5,8T Mk1 - 2007 -> 2011,3.2 FSI - 265 hp
Audi,A5,8T Mk1 - 2007 -> 2011,RS5 4.2 V8 - 450 hp
Audi,A5,8T Mk1 - 2007 -> 2011,S5 3.0 TFSi - 333 hp
Audi,A5,8T Mk1 - 2007 -> 2011,S5 4.2 V8 - 354 hp
Audi,A5,8F - 11/2011 -> 2016,1.8 TFSI - 170 hp
Audi,A5,8F - 11/2011 -> 2016,1.8 TFSI - 177 hp
Audi,A5,8F - 11/2011 -> 2016,1.8 TFSI - 144 hp
Audi,A5,8F - 11/2011 -> 2016,2.0 TDI - 177 hp
Audi,A5,8F - 11/2011 -> 2016,2.0 TDI - 143 hp
Audi,A5,8F - 11/2011 -> 2016,2.0 TDI - 136 hp
Audi,A5,8F - 11/2011 -> 2016,2.0 TDI - 163 hp
Audi,A5,8F - 11/2011 -> 2016,2.0 TDI - 190 hp
Audi,A5,8F - 11/2011 -> 2016,2.0 TDI - 150 hp
Audi,A5,8F - 11/2011 -> 2016,2.0 TFSI - 211 hp
Audi,A5,8F - 11/2011 -> 2016,2.0 TFSi - 225 hp
Audi,A5,8F - 11/2011 -> 2016,2.0 TFSi - 230 hp
Audi,A5,8F - 11/2011 -> 2016,3.0 TDI V6 - 204 hp
Audi,A5,8F - 11/2011 -> 2016,3.0 TDI V6 - 218 hp
Audi,A5,8F - 11/2011 -> 2016,3.0 TDI V6 - 245 hp
Audi,A5,8F - 11/2011 -> 2016,3.0 TFSI V6 - 272 hp
Audi,A5,8F - 11/2011 -> 2016,S5 3.0 TFSi - 333 hp
Audi,A5,F5 Mk1 - 2016 -> 2019,1.4 TFSI - 150 hp
Audi,A5,F5 Mk1 - 2016 -> 2019,2.0 TDI - 190 hp
Audi,A5,F5 Mk1 - 2016 -> 2019,2.0 TDI - 150 hp
Audi,A5,F5 Mk1 - 2016 -> 2019,2.0 TFSI - 252 hp
Audi,A5,F5 Mk1 - 2016 -> 2019,2.0 TFSI - 150 hp
Audi,A5,F5 Mk1 - 2016 -> 2019,2.0 TFSI - 190 hp
Audi,A5,F5 Mk1 - 2016 -> 2019,3.0 TDI - 272 hp
Audi,A5,F5 Mk1 - 2016 -> 2019,3.0 TDI (Quattro) - 218 hp
Audi,A5,F5 Mk1 - 2016 -> 2019,3.0 TDI (Traction) - 218 hp
Audi,A5,F5 Mk1 - 2016 -> 2019,RS TFSI (2.9 V6 BiTurbo) - 450 hp
Audi,A5,F5 Mk1 - 2016 -> 2019,S TFSI (3.0T) - 354 hp
Audi,A5,F5 Mk2 - 2019 -> 06/2024,35 TDI (2.0D) - 163 hp
Audi,A5,F5 Mk2 - 2019 -> 06/2024,35 TDI (2.0D) - 150 hp
Audi,A5,F5 Mk2 - 2019 -> 06/2024,35 TFSI (2.0T) - 150 hp
Audi,A5,F5 Mk2 - 2019 -> 06/2024,40 TDI (2.0D) - 190 hp
Audi,A5,F5 Mk2 - 2019 -> 06/2024,40 TFSI (2.0T) - 190 hp
Audi,A5,F5 Mk2 - 2019 -> 06/2024,45 TDI (3.0D) - 231 hp
Audi,A5,F5 Mk2 - 2019 -> 06/2024,45 TFSI (2.0T) - 245 hp
Audi,A5,F5 Mk2 - 2019 -> 06/2024,50 TDI (3.0D) - 286 hp
Audi,A5,F5 Mk2 - 2019 -> 06/2024,RS TFSI (2.9 V6 BiTurbo) - 450 hp
Audi,A5,F5 Mk2 - 2019 -> 06/2024,S TDI (3.0D) - 347 hp
Audi,A5,F5 Mk2 - 2019 -> 06/2024,S TFSI (3.0T) - 354 hp
Audi,A5,F5 Mk2 - 2019 -> 06/2024,30 TDI (2.0D) - 136 hp
Audi,A5,F5 Mk2 - 2019 -> 06/2024,30 TDI (2.0D) - 122 hp
Audi,A5,F5 Mk2 - 2019 -> 06/2024,40 G-Tron (2.0T) - 170 hp
Audi,A5,F5 Mk2 - 2019 -> 06/2024,40 TDI (2.0D) - 204 hp
Audi,A5,F5 Mk2 - 2019 -> 06/2024,40 TFSI (2.0T) - 204 hp
Audi,A5,F5 Mk2 - 2019 -> 06/2024,45 TFSI (2.0T) - 265 hp
Audi,A6,C5 - 1997 -> 2004,1.8 T - 150 hp
Audi,A6,C5 - 1997 -> 2004,1.9 TDi - 110 hp
Audi,A6,C5 - 1997 -> 2004,1.9 TDi - 115 hp
Audi,A6,C5 - 1997 -> 2004,1.9 TDi - 130 hp
Audi,A6,C5 - 1997 -> 2004,2.4 V6 - 170 hp
Audi,A6,C5 - 1997 -> 2004,2.8 V6 - 193 hp
Audi,A6,C5 - 1997 -> 2004,3.0 V6 - 220 hp
Audi,A6,C5 - 1997 -> 2004,4.2 V8 - 300 hp
Audi,A6,C5 - 1997 -> 2004,S6 4.2 V8 - 340 hp
Audi,A6,C6 Mk1 - 2004 -> 2008,2.0 TDi - 140 hp
Audi,A6,C6 Mk1 - 2004 -> 2008,2.0 TDi - 136 hp
Audi,A6,C6 Mk1 - 2004 -> 2008,2.0 TDi DPF - 140 hp
Audi,A6,C6 Mk1 - 2004 -> 2008,2.0 TFSi - 170 hp
Audi,A6,C6 Mk1 - 2004 -> 2008,2.0 TFSi - 200 hp
Audi,A6,C6 Mk1 - 2004 -> 2008,2.7 V6 TDi - 180 hp
Audi,A6,C6 Mk1 - 2004 -> 2008,2.7 V6 TDi - 163 hp
Audi,A6,C6 Mk1 - 2004 -> 2008,3.0 V6 TDi - 233 hp
Audi,A6,C6 Mk1 - 2004 -> 2008,3.0 V6 TDi - 225 hp
Audi,A6,C6 Mk1 - 2004 -> 2008,3.2 FSi V6 - 255 hp
Audi,A6,C6 Mk1 - 2004 -> 2008,4.2 FSi V8 - 335 hp
Audi,A6,C6 Mk1 - 2004 -> 2008,RS6 5.0 TFSi - 580 hp
Audi,A6,C6 Mk1 - 2004 -> 2008,S6 5.2 FSi V10 - 435 hp
Audi,A6,C6 Mk2 - 2008 -> 2010,2.0 TDi - 136 hp
Audi,A6,C6 Mk2 - 2008 -> 2010,2.0 TDi - 140 hp
Audi,A6,C6 Mk2 - 2008 -> 2010,2.0 TDi - 163 hp
Audi,A6,C6 Mk2 - 2008 -> 2010,2.0 TDi - 170 hp
Audi,A6,C6 Mk2 - 2008 -> 2010,2.0 TFSi - 170 hp
Audi,A6,C6 Mk2 - 2008 -> 2010,2.7 TDi - 163 hp
Audi,A6,C6 Mk2 - 2008 -> 2010,2.7 TDi - 190 hp
Audi,A6,C6 Mk2 - 2008 -> 2010,2.8 FSi - 190 hp
Audi,A6,C6 Mk2 - 2008 -> 2010,2.8 FSi - 220 hp
Audi,A6,C6 Mk2 - 2008 -> 2010,3.0 TDi - 211 hp
Audi,A6,C6 Mk2 - 2008 -> 2010,3.0 TDi - 240 hp
Audi,A6,C6 Mk2 - 2008 -> 2010,3.0 TFSi - 290 hp
Audi,A6,C6 Mk2 - 2008 -> 2010,4.2 FSi - 350 hp
Audi,A6,C6 Mk2 - 2008 -> 2010,5.2 FSi - 435 hp
Audi,A6,C6 Mk2 - 2008 -> 2010,RS6 5.0 TFSi - 580 hp
Audi,A6,C7 - 2011 -> 2018,1.8 TFSi - 190 hp
Audi,A6,C7 - 2011 -> 2018,2.0 TDI - 163 hp
Audi,A6,C7 - 2011 -> 2018,2.0 TDI - 136 hp
Audi,A6,C7 - 2011 -> 2018,2.0 TDI - 150 hp
Audi,A6,C7 - 2011 -> 2018,2.0 TDi - 177 hp
Audi,A6,C7 - 2011 -> 2018,2.0 TDi - 190 hp
Audi,A6,C7 - 2011 -> 2018,2.0 TFSI - 252 hp
Audi,A6,C7 - 2011 -> 2018,2.0 TFSI - 180 hp
Audi,A6,C7 - 2011 -> 2018,2.0 TFSI hybrid - 245 hp
Audi,A6,C7 - 2011 -> 2018,3.0 TFSi - 333 hp
Audi,A6,C7 - 2011 -> 2018,3.0 TFSi - 310 hp
Audi,A6,C7 - 2011 -> 2018,3.0 TFSi - 300 hp
Audi,A6,C7 - 2011 -> 2018,3.0 V6 Bi TDI - 313 hp
Audi,A6,C7 - 2011 -> 2018,3.0 V6 Bi TDI Competition - 326 hp
Audi,A6,C7 - 2011 -> 2018,3.0 V6 TDI - 320 hp
Audi,A6,C7 - 2011 -> 2018,3.0 V6 TDi - 245 hp
Audi,A6,C7 - 2011 -> 2018,3.0 V6 TDi - 204 hp
Audi,A6,C7 - 2011 -> 2018,3.0 V6 TDi - 272 hp
Audi,A6,C7 - 2011 -> 2018,3.0 V6 TDi - 211 hp
Audi,A6,C7 - 2011 -> 2018,3.0 V6 TDi - 190 hp
Audi,A6,C7 - 2011 -> 2018,3.0 V6 TDi (Quattro) - 218 hp
Audi,A6,C7 - 2011 -> 2018,3.0 V6 TDi (Traction) - 218 hp
Audi,A6,C7 - 2011 -> 2018,RS6 4.0 TFSi - 560 hp
Audi,A6,C7 - 2011 -> 2018,RS6 4.0 TFSi Performance - 605 hp
Audi,A6,C7 - 2011 -> 2018,S6 - 4.0 TFSi - 420 hp
Audi,A6,C7 - 2011 -> 2018,S6 - 4.0 TFSi - 450 hp
Audi,A6,C8 - 07/2018 -> ...,2.9 TFSI (USA) - 450 hp
Audi,A6,C8 - 07/2018 -> ...,35 TDI (2.0D) - 163 hp
Audi,A6,C8 - 07/2018 -> ...,40 TDI (2.0D) - 204 hp
Audi,A6,C8 - 07/2018 -> ...,45 TDI (3.0D) - 231 hp
Audi,A6,C8 - 07/2018 -> ...,45 TFSI (2.0T) - 245 hp
Audi,A6,C8 - 07/2018 -> ...,50 TDI (3.0D) - 286 hp
Audi,A6,C8 - 07/2018 -> ...,50 TFSI E-Quattro - 299 hp
Audi,A6,C8 - 07/2018 -> ...,55 TFSI (3.0T) - 340 hp
Audi,A6,C8 - 07/2018 -> ...,55 TFSI E-Quattro - 367 hp
Audi,A6,C8 - 07/2018 -> ...,RS6 4.0 TFSI - 600 hp
Audi,A6,C8 - 07/2018 -> ...,S TDI (3.0D) - 349 hp
Audi,A6,C8 - 07/2018 -> ...,30 TDI (2.0D) - 136 hp
Audi,A6,C8 - 07/2018 -> ...,40 TFSI (2.0T) - 252 hp
Audi,A6,C8 - 07/2018 -> ...,45 TDI (3.0D) - 245 hp
Audi,A6,C8 - 07/2018 -> ...,45 TFSI (2.0T) - 265 hp
Audi,A6,C8 - 07/2018 -> ...,55 TFSI E-Quattro (2.0T) - 367 hp
Audi,A7,4GA - 2010 -> 2018,1.8 TFSi - 190 hp
Audi,A7,4GA - 2010 -> 2018,2.0 TFSi - 252 hp
Audi,A7,4GA - 2010 -> 2018,3.0 TFSi - 310 hp
Audi,A7,4GA - 2010 -> 2018,3.0 TFSi - 333 hp
Audi,A7,4GA - 2010 -> 2018,3.0 TFSi - 300 hp
Audi,A7,4GA - 2010 -> 2018,3.0 V6 Bi TDI - 313 hp
Audi,A7,4GA - 2010 -> 2018,3.0 V6 Bi TDI - 320 hp
Audi,A7,4GA - 2010 -> 2018,3.0 V6 Bi TDI Competition - 326 hp
Audi,A7,4GA - 2010 -> 2018,3.0 V6 TDI - 190 hp
Audi,A7,4GA - 2010 -> 2018,3.0 V6 TDI - 272 hp
Audi,A7,4GA - 2010 -> 2018,3.0 V6 TDI (Quattro) - 218 hp
Audi,A7,4GA - 2010 -> 2018,3.0 V6 TDI (Traction) - 218 hp
Audi,A7,4GA - 2010 -> 2018,3.0 V6 TDi - 211 hp
Audi,A7,4GA - 2010 -> 2018,3.0 V6 TDi - 245 hp
Audi,A7,4GA - 2010 -> 2018,3.0 V6 TDi - 204 hp
Audi,A7,4GA - 2010 -> 2018,RS7 4.0 TFSi - 560 hp
Audi,A7,4GA - 2010 -> 2018,S7 4.0 TFSi - 450 hp
Audi,A7,4GA - 2010 -> 2018,S7 4.0 TFSi - 420 hp
Audi,A7,2018 -> ...,2.9 TFSI (USA) - 450 hp
Audi,A7,2018 -> ...,40 TDI (2.0D) - 204 hp
Audi,A7,2018 -> ...,45 TDI (3.0D) - 231 hp
Audi,A7,2018 -> ...,45 TFSI (2.0T) - 245 hp
Audi,A7,2018 -> ...,50 TDI (3.0D) - 286 hp
Audi,A7,2018 -> ...,50 TFSI E-Quattro - 299 hp
Audi,A7,2018 -> ...,55 TFSI (3.0T) - 340 hp
Audi,A7,2018 -> ...,55 TFSI E-Quattro - 367 hp
Audi,A7,2018 -> ...,RS7 4.0 TFSI - 600 hp
Audi,A7,2018 -> ...,S TDI (3.0D) - 349 hp
Audi,A7,2018 -> ...,45 TFSI (2.0T) - 265 hp
Audi,A7,2018 -> ...,55 TFSI E-Quattro (2.0T) - 367 hp
Audi,A8,D3 - 2003 -> 2010,3.0 V6 TDI - 233 hp
Audi,A8,D3 - 2003 -> 2010,3.0 V6 TDI - 211 hp
Audi,A8,D3 - 2003 -> 2010,4.0 V8 TDI - 275 hp
Audi,A8,D3 - 2003 -> 2010,4.2 FSI V8 - 335 hp
Audi,A8,D3 - 2003 -> 2010,4.2 FSI V8 - 350 hp
Audi,A8,D3 - 2003 -> 2010,4.2 V8 TDI - 326 hp
Audi,A8,D3 - 2003 -> 2010,5.2 FSI V10 - 450 hp
Audi,A8,D3 - 2003 -> 2010,6.0 W12 - 450 hp
Audi,A8,D4 - 2010 -> 2015,3.0 TFSi - 310 hp
Audi,A8,D4 - 2010 -> 2015,3.0 TFSi - 290 hp
Audi,A8,D4 - 2010 -> 2015,3.0 V6 Bi TDI - 313 hp
Audi,A8,D4 - 2010 -> 2015,3.0 V6 TDI - 211 hp
Audi,A8,D4 - 2010 -> 2015,3.0 V6 TDI - 250 hp
Audi,A8,D4 - 2010 -> 2015,3.0 V6 TDI - 258 hp
Audi,A8,D4 - 2010 -> 2015,3.0 V6 TDI - 262 hp
Audi,A8,D4 - 2010 -> 2015,4.0 TFSI - 420 hp
Audi,A8,D4 - 2010 -> 2015,4.0 TFSI - 435 hp
Audi,A8,D4 - 2010 -> 2015,4.2 FSI - 372 hp
Audi,A8,D4 - 2010 -> 2015,4.2 V8 TDI - 350 hp
Audi,A8,D4 - 2010 -> 2015,4.2 V8 TDI - 385 hp
Audi,A8,D4 - 2010 -> 2015,6.3 FSI W12 - 500 hp
Audi,A8,D4 - 2010 -> 2015,S8 - 4.0 TFSi - 520 hp
Audi,A8,D5 - 2016 -> 2017,3.0 TDI CR - 286 hp
Audi,A8,D5 - 2016 -> 2017,4.0 TFSI - 580 hp
Audi,A8,D5 - 2016 -> 2017,6.0 W12 Bi Turbo - 608 hp
Audi,A8,2018 -> ...,50 TDI (3.0D) - 286 hp
Audi,A8,2018 -> ...,55 TFSI (3.0T) - 340 hp
Audi,A8,2018 -> ...,55 TFSI E-Quattro - 367 hp
Audi,A8,2018 -> ...,60 TFSI E-Quattro - 449 hp
Audi,A8,2018 -> ...,S8 - 4.0 V8 TFSI - 571 hp
Audi,A8,D4 - 2010 -> 2015,2.0 TFSI Hybrid - 245 hp
Audi,Q5,8R Mk1 - 2008 -> 2011,2.0 TDi - 136 hp
Audi,Q5,8R Mk1 - 2008 -> 2011,2.0 TDi - 143 hp
Audi,Q5,8R Mk1 - 2008 -> 2011,2.0 TDi - 163 hp
Audi,Q5,8R Mk1 - 2008 -> 2011,2.0 TDi - 170 hp
Audi,Q5,8R Mk1 - 2008 -> 2011,2.0 TFSi - 180 hp
Audi,Q5,8R Mk1 - 2008 -> 2011,2.0 TFSi - 211 hp
Audi,Q5,8R Mk1 - 2008 -> 2011,2.7 TDi - 163 hp
Audi,Q5,8R Mk1 - 2008 -> 2011,3.0 TDi - 211 hp
Audi,Q5,8R Mk1 - 2008 -> 2011,3.0 TDi - 240 hp
Audi,Q5,8R Mk2 - 2012 -> 2016,1.4 TFSI - 150 hp
Audi,Q5,8R Mk2 - 2012 -> 2016,2.0 TDI - 143 hp
Audi,Q5,8R Mk2 - 2012 -> 2016,2.0 TDI - 177 hp
Audi,Q5,8R Mk2 - 2012 -> 2016,2.0 TDI - 163 hp
Audi,Q5,8R Mk2 - 2012 -> 2016,2.0 TDI - 190 hp
Audi,Q5,8R Mk2 - 2012 -> 2016,2.0 TDI - 150 hp
Audi,Q5,8R Mk2 - 2012 -> 2016,2.0 TFSI - 180 hp
Audi,Q5,8R Mk2 - 2012 -> 2016,2.0 TFSI - 225 hp
Audi,Q5,8R Mk2 - 2012 -> 2016,2.0 TFSI - 230 hp
Audi,Q5,8R Mk2 - 2012 -> 2016,2.0 TFSI Hybrid - 245 hp
Audi,Q5,8R Mk2 - 2012 -> 2016,3.0 TDI - 258 hp
Audi,Q5,8R Mk2 - 2012 -> 2016,3.0 TDI - 245 hp
Audi,Q5,8R Mk2 - 2012 -> 2016,3.0 TFSI - 354 hp
Audi,Q5,8R Mk2 - 2012 -> 2016,3.0 TFSi - 272 hp
Audi,Q5,8R Mk2 - 2012 -> 2016,SQ5 3.0 V6 Bi TDI - 313 hp
Audi,Q5,8R Mk2 - 2012 -> 2016,SQ5 3.0 V6 Bi TDI - 326 hp
Audi,Q5,8R Mk2 - 2012 -> 2016,SQ5 Plus 3.0 V6 Bi TDI - 340 hp
Audi,Q5,FY Mk1 - 2017 -> 2019,2.0 TDI CR - 150 hp
Audi,Q5,FY Mk1 - 2017 -> 2019,2.0 TDI CR - 190 hp
Audi,Q5,FY Mk1 - 2017 -> 2019,2.0 TDI CR - 163 hp
Audi,Q5,FY Mk1 - 2017 -> 2019,2.0 TFSi - 252 hp
Audi,Q5,FY Mk1 - 2017 -> 2019,3.0 TDI CR - 286 hp
Audi,Q5,FY Mk1 - 2017 -> 2019,S TFSI (3.0T) - 354 hp
Audi,Q5,FY Mk2 - 2019 -> 08/2024,35 TDI (2.0D) - 163 hp
Audi,Q5,FY Mk2 - 2019 -> 08/2024,40 TDI (2.0D) - 190 hp
Audi,Q5,FY Mk2 - 2019 -> 08/2024,40 TDi (2.0D) - 204 hp
Audi,Q5,FY Mk2 - 2019 -> 08/2024,45 TDI (3.0D) - 231 hp
Audi,Q5,FY Mk2 - 2019 -> 08/2024,45 TFSI (2.0T) - 245 hp
Audi,Q5,FY Mk2 - 2019 -> 08/2024,50 TDI (3.0D) - 286 hp
Audi,Q5,FY Mk2 - 2019 -> 08/2024,50 TFSI E-Quattro - 299 hp
Audi,Q5,FY Mk2 - 2019 -> 08/2024,55 TFSI E-Quattro - 367 hp
Audi,Q5,FY Mk2 - 2019 -> 08/2024,S TDI (3.0D) - 347 hp
Audi,Q5,8R Mk1 - 2008 -> 2011,3.2 FSi - 270 hp
Audi,Q5,FY Mk2 - 2019 -> 08/2024,30 TDI (2.000cc) - 136 hp
Audi,Q7,4L Mk1 - 2006 -> 2010,3.0 TDi - 211 hp
Audi,Q7,4L Mk1 - 2006 -> 2010,3.0 TDi - 233 hp
Audi,Q7,4L Mk1 - 2006 -> 2010,3.0 TDi - 240 hp
Audi,Q7,4L Mk1 - 2006 -> 2010,3.0 TFSi - 272 hp
Audi,Q7,4L Mk1 - 2006 -> 2010,3.0 TFSi - 333 hp
Audi,Q7,4L Mk1 - 2006 -> 2010,3.6 FSi - 280 hp
Audi,Q7,4L Mk1 - 2006 -> 2010,4.2 FSi - 350 hp
Audi,Q7,4L Mk1 - 2006 -> 2010,4.2 TDi - 326 hp
Audi,Q7,4L Mk1 - 2006 -> 2010,6.0 TDi - 500 hp
Audi,Q7,4L Mk2 - 2010 -> 2014,3.0 TDi - 204 hp
Audi,Q7,4L Mk2 - 2010 -> 2014,3.0 TDi - 240 hp
Audi,Q7,4L Mk2 - 2010 -> 2014,3.0 TDi - 245 hp
Audi,Q7,4L Mk2 - 2010 -> 2014,3.0 TFSi - 272 hp
Audi,Q7,4L Mk2 - 2010 -> 2014,3.0 TFSi - 333 hp
Audi,Q7,4L Mk2 - 2010 -> 2014,4.2 TDi - 340 hp
Audi,Q7,4L Mk2 - 2010 -> 2014,6.0 TDi - 500 hp
Audi,Q7,4M Mk1 - 2015 -> 2019,3.0 TDI CR - 272 hp
Audi,Q7,4M Mk1 - 2015 -> 2019,3.0 TDI CR - 211 hp
Audi,Q7,4M Mk1 - 2015 -> 2019,3.0 TDI CR - 218 hp
Audi,Q7,4M Mk1 - 2015 -> 2019,3.0 TFSI - 333 hp
Audi,Q7,4M Mk1 - 2015 -> 2019,E-Tron - 373 hp
Audi,Q7,4M Mk2 - 2019 -> ...,45 TDI (3.0D) - 231 hp
Audi,Q7,4M Mk2 - 2019 -> ...,50 TDI (3.0D) - 286 hp
Audi,Q7,4M Mk2 - 2019 -> ...,55 TFSI (3.0T) - 340 hp
Audi,Q7,4M Mk2 - 2019 -> ...,55 TFSI-e - 381 hp
Audi,Q7,4M Mk2 - 2019 -> ...,60 TFSI-e - 456 hp
Audi,Q7,4M Mk2 - 2019 -> ...,S TDI (4.0 TDI V8) - 435 hp
Audi,Q7,4M Mk1 - 2015 -> 2019,2.0 TFSI - 256 hp
Audi,Q7,4M Mk1 - 2015 -> 2019,3.0 TDI E-Tron - 373 hp
Audi,Q7,4M Mk1 - 2015 -> 2019,S TDI (4.0 TDI V8) - 435 hp
Audi,Q7,4M Mk2 - 2019 -> ...,40 TFSI (2.0T) - 252 hp
Audi,Q7,4M Mk2 - 2019 -> ...,SQ7 - 4.0 TFSI - 507 hp
Audi,R8,2007 -> 2015,4.2 V8 - 420 hp
Audi,R8,2007 -> 2015,4.2 V8 - 430 hp
Audi,R8,2007 -> 2015,5.2 V10 - 525 hp
Audi,R8,2007 -> 2015,5.2 V10 + - 550 hp
Audi,R8,2007 -> 2015,GT - 560 hp
Audi,R8,2015 -> 2019,5.2 V10 - 540 hp
Audi,R8,2015 -> 2019,5.2 V10 Plus - 610 hp
Audi,R8,2019 -> ...,5.2 V10 - 570 hp
Audi,R8,2019 -> ...,5.2 V10 Performance - 620 hp
Audi,R8,2019 -> ...,5.2 V10 RWD - 540 hp
Audi,RS4,B7 - 2004 -> 2008,RS4 4.2 V8 - 420 hp
Audi,RS4,B8 - 2012 -> 2016,RS4 4.2 V8 FSI - 450 hp
Audi,RS4,B9 Mk1 - 2017 -> 2019,RS TFSI (2.9 V6 BiTurbo) - 450 hp
Audi,RS4,B9 Mk2 - 2019 -> 2023,RS TFSI (2.9 V6 BiTurbo) - 450 hp
Audi,RS4,B9 Mk3 - 05/2024 -> ...,2.9 V6 TFSI - 470 hp
Audi,RS5,8T - 2010 -> 2016,RS5 4.2 V8 - 450 hp
Audi,RS5,F5 Mk1 - 2017 -> 2019,RS TFSI (2.9 V6 BiTurbo) - 450 hp
Audi,RS5,F5 Mk2 - 2019 -> ...,RS TFSI (2.9 V6 BiTurbo) - 450 hp
Audi,RS6,C6 - 2004 -> 2011,RS6 5.0 TFSi - 580 hp
Audi,RS6,C7 - 2012 -> 2019,RS6 4.0 TFSi - 560 hp
Audi,RS6,C7 - 2012 -> 2019,RS6 4.0 TFSi Performance - 605 hp
Audi,RS6,C8 - 2020 -> ...,RS6 4.0 TFSI - 600 hp
Audi,RS6,C8 - 2020 -> ...,RS6  4.0 TFSI Performance - 630 hp
Audi,S3,8L - 1996 -> 2003,S3 1.8T - 210 hp
Audi,S3,8L - 1996 -> 2003,S3 1.8T - 225 hp
Audi,S3,8P Mk1 - 2003 -> 2008,S3 2.0 TFSi - 265 hp
Audi,S3,8P Mk2 - 2008 -> 2012,S3 2.0 TFSi - 265 hp
Audi,S3,8V Mk1 - 2012 -> 2016,S3 2.0 TFSI - 300 hp
Audi,S3,8V Mk2 - 07/2016 -> 2020,S3 2.0 TFSI - 310 hp
Audi,S3,8V Mk2 - 07/2016 -> 2020,S3 2.0 TFSI (GPF) - 310 hp
Audi,S3,2019 -> ...,S TFSI (2.0T) - 300 hp
Audi,S3,8Y - 10/2020 -> 2023,S3 2.0 TFSI - 310 hp
Audi,S3,8Y Mk2 - 2024 -> ...,S3 2.0 TFSI - 333 hp
Audi,S4,B6 - 2001 -> 2004,S4 4.2 V8 - 344 hp
Audi,S4,B7 - 2004 -> 2008,S4 4.2 V8 - 344 hp
Audi,S4,B8 - 2008 -> 2015,S4 3.0 TFSI - 333 hp
Audi,S4,B9 Mk1 - 2016 -> 2019,S TFSI (3.0T) - 354 hp
Audi,S4,B9 Mk2 - 2019 -> ...,S TDI (3.0D) - 347 hp
Audi,S4,B9 Mk2 - 2019 -> ...,S TFSI (3.0T) - 354 hp
Audi,S4,B9 Mk2 - 2019 -> ...,S TDI (3.0D) - 341 hp
Audi,S5,8T - 2007 -> 2016,S5 3.0 TFSi - 333 hp
Audi,S5,8T - 2007 -> 2016,S5 4.2 V8 - 354 hp
Audi,S5,F5 Mk1 - 2016 -> 2019,S TFSI (3.0T) - 354 hp
Audi,S5,F5 Mk2 - 2019 -> 06/2024,S TDI (3.0D) - 347 hp
Audi,S5,F5 Mk2 - 2019 -> 06/2024,S TFSI (3.0T) - 354 hp
Audi,S5,F5 Mk2 - 2019 -> 06/2024,S TDI (3.0D) - 341 hp
Audi,S5,07/2024 -> ...,3.0 TFSI MHEV - 367 hp
Audi,S6,C5 - 1996 -> 2004,S6 4.2 V8 - 340 hp
Audi,S6,C6 - 2004 -> 2011,S6 5.2 FSI V10 - 435 hp
Audi,S6,C7 - 2012 -> 2018,4.0 TFSi - 420 hp
Audi,S6,C7 - 2012 -> 2018,4.0 TFSi - 450 hp
Audi,S6,C8 - 2019 -> ...,2.9 TFSI (USA) - 450 hp
Audi,S6,C8 - 2019 -> ...,S TDI (3.0D) - 349 hp
Audi,S6,C8 - 2019 -> ...,S TDI (3.0TDI MHEV) - 344 hp
Audi,S8,2006 -> 2009,5.2 FSI V10 - 450 hp
Audi,S8,2012 -> 2019,4.0 TFSi - 520 hp
Audi,S8,2012 -> 2019,S8 Plus - 4.0 TFSI - 605 hp
Audi,S8,2020 -> ...,S8 - 4.0 V8 TFSI - 571 hp
Audi,TT,8N - 11/1997 -> 10/2006,1.8 T - 150 hp
Audi,TT,8N - 11/1997 -> 10/2006,1.8 T - 180 hp
Audi,TT,8N - 11/1997 -> 10/2006,1.8 T - 225 hp
Audi,TT,8N - 11/1997 -> 10/2006,3.2 V6 - 250 hp
Audi,TT,8J - 2006 -> 2014,1.8 TFSI - 160 hp
Audi,TT,8J - 2006 -> 2014,2.0 TDI CR - 170 hp
Audi,TT,8J - 2006 -> 2014,2.0 TFSI - 200 hp
Audi,TT,8J - 2006 -> 2014,2.0 TFSI - 211 hp
Audi,TT,8J - 2006 -> 2014,2.0 TFSI S - 272 hp
Audi,TT,8J - 2006 -> 2014,2.5 TFSI RS - 340 hp
Audi,TT,8J - 2006 -> 2014,2.5 TFSI RS Plus - 360 hp
Audi,TT,8J - 2006 -> 2014,3.2 V6 - 250 hp
Audi,TT,8S Mk1 - 2014 -> 2018,1.8 TFSi - 180 hp
Audi,TT,8S Mk1 - 2014 -> 2018,2.0 TDi CR - 184 hp
Audi,TT,8S Mk1 - 2014 -> 2018,2.0 TFSi - 230 hp
Audi,TT,8S Mk1 - 2014 -> 2018,RS - 2.5 TFSI - 400 hp
Audi,TT,8S Mk1 - 2014 -> 2018,S - 2.0 TFSi - 310 hp
Audi,TT,8S Mk2 - 09/2018 -> ...,40 TFSI (2.0T) - 197 hp
Audi,TT,8S Mk2 - 09/2018 -> ...,45 TFSI (2.0T) - 245 hp
Audi,TT,8S Mk2 - 09/2018 -> ...,RS TFSI (2.5T GPF) - 400 hp
Audi,TT,8S Mk2 - 09/2018 -> ...,S (2.0 TFSI) - 306 hp
Audi,TT RS,8J - 2006 -> 2014,2.5 TFSI RS - 340 hp
Audi,TT RS,8J - 2006 -> 2014,2.5 TFSI RS Plus - 360 hp
Audi,TT RS,8S mk1 - 2014 -> 2018,RS - 2.5 TFSI - 400 hp
Audi,TT RS,8S mk2 - 2018 -> ...,RS TFSI (2.5T GPF) - 400 hp
Audi,TT S,8J - 2006 -> 2014,8J - 2.0 TFSI - 272 hp
Audi,TT S,8S Mk1 - 2014 -> 2018,8S - 2.0 TSi - 310 hp
Audi,TT S,8S Mk2 - 09/2018 -> ...,S (2.0 TFSI) - 306 hp
Audi,Q3,U8 Mk1 - 09/2011 -> 2014,1.4 TFSI - 150 hp
Audi,Q3,U8 Mk1 - 09/2011 -> 2014,2.0 TDI CR - 177 hp
Audi,Q3,U8 Mk1 - 09/2011 -> 2014,2.0 TDI CR - 140 hp
Audi,Q3,U8 Mk1 - 09/2011 -> 2014,2.0 TDI CR - 136 hp
Audi,Q3,U8 Mk1 - 09/2011 -> 2014,2.0 TDI CR - 163 hp
Audi,Q3,U8 Mk1 - 09/2011 -> 2014,2.0 TFSI - 170 hp
Audi,Q3,U8 Mk1 - 09/2011 -> 2014,2.0 TFSI - 211 hp
Audi,Q3,U8 Mk1 - 09/2011 -> 2014,RSQ3 - 2.5 TFSI - 310 hp
Audi,Q3,U8 Mk2 - 2015 -> 2018,1.4 TFSI - 150 hp
Audi,Q3,U8 Mk2 - 2015 -> 2018,1.4 TFSI - 125 hp
Audi,Q3,U8 Mk2 - 2015 -> 2018,2.0 TDI CR - 184 hp
Audi,Q3,U8 Mk2 - 2015 -> 2018,2.0 TDI CR - 150 hp
Audi,Q3,U8 Mk2 - 2015 -> 2018,2.0 TDI CR - 120 hp
Audi,Q3,U8 Mk2 - 2015 -> 2018,2.0 TFSI - 180 hp
Audi,Q3,U8 Mk2 - 2015 -> 2018,2.0 TFSI - 220 hp
Audi,Q3,U8 Mk2 - 2015 -> 2018,RSQ3 - 2.5 TFSI - 310 hp
Audi,Q3,U8 Mk2 - 2015 -> 2018,RSQ3 - 2.5 TFSI - 340 hp
Audi,Q3,U8 Mk2 - 2015 -> 2018,RSQ3 Performance - 2.5 TFSI - 367 hp
Audi,Q3,F3 - 2018 -> ...,35 TDI (2.0D) - 150 hp
Audi,Q3,F3 - 2018 -> ...,35 TFSI (1.4T COD) - 150 hp
Audi,Q3,F3 - 2018 -> ...,35 TFSI - (1.5T) - 150 hp
Audi,Q3,F3 - 2018 -> ...,40 TDI (2.0D) - 190 hp
Audi,Q3,F3 - 2018 -> ...,40 TFSI (2.0T) - 190 hp
Audi,Q3,F3 - 2018 -> ...,45 TFSI (2.0T) - 230 hp
Audi,Q3,F3 - 2018 -> ...,RS TFSI (2.5T GPF) - 400 hp
Audi,Q3,F3 - 2018 -> ...,40 TDI (2.0D) - 200 hp
Audi,Q3,F3 - 2018 -> ...,45 TFSI (2.0T) - 245 hp
Audi,Q3,F3 - 2018 -> ...,45 TFSIe - (1.4T) - 245 hp
Audi,RS3,8P - 2011 -> 2014,RS3 2.5 TFSI - 340 hp
Audi,RS3,8V Mk1 - 2015 -> 2016,RS3 2.5 TFSI - 367 hp
Audi,RS3,8V Mk2 - 2017 -> 2019,RS3 2.5 TFSI - 400 hp
Audi,RS3,2019 -> ...,RS TFSI (2.5T GPF) - 400 hp
Audi,RS3,8V MK2.5 - 2019 -> 2021,RS TFSI (2.5T GPF) - 400 hp
Audi,RS3,8Y - 10/2021 -> 2024,RS3 2.5 TFSI (GPF) - 400 hp
Audi,RS3,8Y - 10/2021 -> 2024,RS3 Performance 2.5 TFSI (GPF) - 407 hp
Audi,RS3,8Y MK2 - 2024 -> ...,RS3 2.5 TFSI (GPF) - 400 hp
Audi,S7,2012 -> 2019,4.0 TFSi - 420 hp
Audi,S7,2012 -> 2019,4.0 TFSi - 450 hp
Audi,S7,2019 -> ...,2.9 TFSI (USA) - 450 hp
Audi,S7,2019 -> ...,S TDI (3.0D) - 349 hp
Audi,Q2,GA - 2016 -> 2019,1.0 TFSi - 116 hp
Audi,Q2,GA - 2016 -> 2019,1.4 TFSi - 150 hp
Audi,Q2,GA - 2016 -> 2019,1.6 TDI - 116 hp
Audi,Q2,GA - 2016 -> 2019,2.0 TDI - 150 hp
Audi,Q2,GA - 2016 -> 2019,2.0 TDI - 190 hp
Audi,Q2,GA - 2016 -> 2019,2.0 TFSI - 190 hp
Audi,Q2,2019 -> ...,30 TDI (1.6D) - 116 hp
Audi,Q2,2019 -> ...,30 TFSI -  (1.0T) - 116 hp
Audi,Q2,2019 -> ...,35 TDI (2.0D) - 150 hp
Audi,Q2,2019 -> ...,35 TFSI (1.4T COD) - 150 hp
Audi,Q2,2019 -> ...,35 TFSI - (1.5T) - 150 hp
Audi,Q2,2019 -> ...,40 TFSI (2.0T) - 190 hp
Audi,Q2,2019 -> ...,S TFSI (2.0T) - 300 hp
Audi,Q2,2019 -> ...,30 TDI (2.0D) - 116 hp
Audi,Q2,2019 -> ...,30 TFSI - (1.0T) - 110 hp
Audi,SQ5,8R Mk1 - 2012 -> 2017,3.0 TFSI - 354 hp
Audi,SQ5,8R Mk1 - 2012 -> 2017,3.0 V6 Bi TDI - 313 hp
Audi,SQ5,8R Mk1 - 2012 -> 2017,3.0 V6 Bi TDI - 326 hp
Audi,SQ5,8R Mk1 - 2012 -> 2017,3.0 V6 Bi TDI - Plus - 340 hp
Audi,SQ5,FY Mk1 - 2017 -> 2019,S TFSI (3.0T) - 354 hp
Audi,SQ5,FY Mk2 - 2019 -> 08/2024,S TDI (3.0D) - 347 hp
Audi,SQ5,FY Mk2 - 2019 -> 08/2024,SQ5 (3.0TDi MHEV) - 341 hp
Audi,RS7,C7 - 2013 -> 2019,'Performance' - 605 hp
Audi,RS7,C7 - 2013 -> 2019,RS7 4.0 TFSI - 560 hp
Audi,RS7,2020 -> ...,RS7 4.0 TFSI - 600 hp
Audi,RS7,C8 - 2020 -> ...,RS7 4.0 TFSI - 600 hp
Audi,RS7,C8 - 2020 -> ...,RS7 Performance 4.0 TFSI - 630 hp
Audi,S1,8X - 2014 -> ...,S1 2.0 TFSi - 231 hp
Audi,RSQ3,2013 -> 2020,2.5 TFSI - 310 hp
Audi,RSQ3,2013 -> 2020,2.5 TFSI - 340 hp
Audi,RSQ3,2013 -> 2020,2.5 TFSI 'Performance' - 367 hp
Audi,RSQ3,2020 -> ...,RS TFSI (2.5T GPF) - 400 hp
Audi,SQ7,4M - 2016 -> ...,S TDI (4.0 TDI V8) - 435 hp
Audi,SQ7,2020 -> ...,SQ7 - 4.0 TFSI - 507 hp
Audi,Q8,2018 -> ...,45 TDI (3.0D) - 231 hp
Audi,Q8,2018 -> ...,50 TDI (3.0D) - 286 hp
Audi,Q8,2018 -> ...,55 TFSI (3.0T) - 340 hp
Audi,Q8,2018 -> ...,RSQ8 - 4.0 V8 Bi-Turbo - 600 hp
Audi,Q8,2018 -> ...,S TDI (4.0 TDI V8) - 435 hp
Audi,Q8,2018 -> ...,55 TFSI E (3.0T) - 381 hp
Audi,Q8,2018 -> ...,60 TFSI E (3.0T) - 462 hp
Audi,Q8,2018 -> ...,SQ8 - 4.0 TFSI - 507 hp
Audi,SQ2,8Y - 2020 -> ...,S TFSI (2.0T) - 300 hp
Audi,SQ8,2019 -> ...,S TDI (4.0 TDI V8) - 435 hp
Audi,SQ8,2019 -> ...,SQ8 - 4.0 TFSI - 507 hp
Audi,RSQ8,2020 -> 2024,RSQ8 - 4.0 V8 Bi-Turbo - 600 hp
Audi,RSQ8,06/2024 -> ...,RSQ8 4.0 V8 BiTFSI 640ch MHEV Performance - 640 hp
Bentley,Continental Flying Spur,All,4.0 TFSi V8 - 507 hp
Bentley,Continental Flying Spur,All,6.0 W12 Bi-Turbo - 560 hp
Bentley,Continental Flying Spur,All,6.0 W12 Bi-Turbo - 610 hp
Bentley,Continental Flying Spur,All,6.0 W12 Bi-Turbo - 625 hp
Bentley,Continental GT / S,2003 -> 2019,4.0 TFSi V8 - 507 hp
Bentley,Continental GT / S,2003 -> 2019,4.0 TFSi V8 S - 528 hp
Bentley,Continental GT / S,2003 -> 2019,6.0 W12 Bi-Turbo - 560 hp
Bentley,Continental GT / S,2003 -> 2019,6.0 W12 Bi-Turbo - 610 hp
Bentley,Continental GT / S,2003 -> 2019,6.0 W12 Bi-Turbo - 630 hp
Bentley,Continental GT / S,2003 -> 2019,6.0 W12 Bi-Turbo - 575 hp
Bentley,Continental GT / S,2003 -> 2019,6.0 W12 Bi-Turbo - 590 hp
Bentley,Continental GT / S,2020 -> ...,4.0 TFSI V8 - 550 hp
Bentley,Continental GTC,All,4.0 TFSi V8 - 507 hp
Bentley,Continental GTC,All,4.0 TFSi V8 S - 528 hp
Bentley,Continental GTC,All,6.0 W12 Bi-Turbo - 560 hp
Bentley,Continental GTC,All,6.0 W12 Bi-Turbo - 610 hp
Bentley,Continental GTC,All,6.0 W12 Bi-Turbo - 630 hp
Bentley,Mulsanne,... -> 2016,6.75 V8 Bi-Turbo - 537 hp
Bentley,Mulsanne,2016 -> ...,6.75 V8 - 512 hp
Bentley,Continental GT3-R,All,4.0 TFSi V8 - 580 hp
Bentley,Continental GT Speed,All,6.0 W12 Bi-Turbo - 635 hp
Bentley,Bentayga,2016 -> ...,3.0 TFSI - 449 hp
Bentley,Bentayga,2016 -> ...,4.0 V8 Bi-Turbo - 550 hp
Bentley,Bentayga,2016 -> ...,6.0 W12 Bi Turbo - 608 hp
Bentley,Bentayga,2016 -> ...,6.0 W12 Bi Turbo 'Speed' - 635 hp
Bentley,Bentayga,2016 -> ...,S TDI (4.0 TDI V8) - 435 hp
Bentley,Continental Supersports,2017 -> ...,W12 6.0 - 710 hp
Bentley,Bacalar,2020 -> ...,6.0 W12 Bi-Turbo - 659 hp
Bentley,Flying Spur,2021 -> ...,2.9T Hybrid - 544 hp
Bugatti,Veyron,All,8.0L - 1001 hp
Bugatti,Veyron,All,SS - 8.0L W16 - 1200 hp
Bugatti,Chiron,2016 -> ...,8.0 W16 - 1500 hp
Cadillac,BLS,2006 -> ...,1.9D - 150 hp
Cadillac,BLS,2006 -> ...,1.9D - 180 hp
Cadillac,BLS,2006 -> ...,2.0t - 175 hp
Cadillac,BLS,2006 -> ...,2.0t - 210 hp
Cadillac,CTS,2005 -> ...,2.0 T - 272 hp
Cadillac,CTS,2005 -> ...,3.6 V6 - 257 hp
Cadillac,CTS,2005 -> ...,6.2 V8 Supercharged - 556 hp
Cadillac,ATS,All,2.0 T - 272 hp
Chevrolet,Orlando,2010 -> 2015,1.4T - 140 hp
Chevrolet,Orlando,2010 -> 2015,1.8 16V Ecotec - 141 hp
Chevrolet,Orlando,2010 -> 2015,2.0 VCDI - 130 hp
Chevrolet,Orlando,2010 -> 2015,2.0 VCDi - 163 hp
Chevrolet,Nubira,2007 -> 2010,2.0 VCDi - 121 hp
Chevrolet,Aveo,2011 -> 2015,1.2 16V - 86 hp
Chevrolet,Aveo,2011 -> 2015,1.3 VCDi - 75 hp
Chevrolet,Aveo,2011 -> 2015,1.3 VCDi - 95 hp
Chevrolet,Aveo,2011 -> 2015,1.4T RS - 140 hp
Chevrolet,Captiva,2006 -> 2011,2.0 VCDi - 127 hp
Chevrolet,Captiva,2006 -> 2011,2.0 VCDi - 150 hp
Chevrolet,Captiva,2012 -> 2014,2.2 VCDi - 163 hp
Chevrolet,Captiva,2012 -> 2014,2.2 VCDi - 184 hp
Chevrolet,Cruze,2009 -> 2015,1.6T - 180 hp
Chevrolet,Cruze,2009 -> 2015,1.7 VCDi - 130 hp
Chevrolet,Cruze,2009 -> 2015,1.7 VCDi - 110 hp
Chevrolet,Cruze,2009 -> 2015,1.8 16v Ecotec - 141 hp
Chevrolet,Cruze,2009 -> 2015,2.0 VCDI - 163 hp
Chevrolet,Cruze,2009 -> 2015,2.0 VCDi - 125 hp
Chevrolet,Cruze,2009 -> 2015,2.0 VCDi - 150 hp
Chevrolet,Epica,2008 -> 2011,2.0 VCDi - 150 hp
Chevrolet,Lacetti,2007 -> 2011,2.0 VCDi - 121 hp
Chevrolet,Camaro,2010 -> 2016,3.6 V6 - 305 hp
Chevrolet,Camaro,2010 -> 2016,3.6 V6 - 323 hp
Chevrolet,Camaro,2010 -> 2016,6.2 V8 - 405 hp
Chevrolet,Camaro,2010 -> 2016,6.2 V8 - 432 hp
Chevrolet,Camaro,2016 -> 2019,2.0 T - 272 hp
Chevrolet,Camaro,2016 -> 2019,3.6 V6 - 335 hp
Chevrolet,Camaro,2016 -> 2019,6.2 V8 - 455 hp
Chevrolet,Camaro,2016 -> 2019,6.2 V8 Supercharged - 650 hp
Chevrolet,Trax,2012 -> 2015,1.4T - 140 hp
Chevrolet,Trax,2012 -> 2015,1.7 VCDi - 110 hp
Chevrolet,Trax,2012 -> 2015,1.7 VCDi - 130 hp
Chevrolet,Malibu,2012 -> 2014,1.6T - 180 hp
Chevrolet,Malibu,2012 -> 2014,2.0 VCDi - 163 hp
Chevrolet,Malibu,2012 -> 2014,2.0T - 250 hp
Chevrolet,Corvette ZR1,2009 -> ...,6.2 V8 Compressor - 647 hp
Chevrolet,Corvette Z06,All,7.0 V8 - 512 hp
Chevrolet,Spark,2011 -> ...,1.2 16v - 81 hp
Chevrolet,Lumina,2012 -> ...,6.0 V8 - 367 hp
Chevrolet,Corvette C8,2020 -> ...,6.2 V8 - 490 hp
Chrysler,Voyager,2001 -> 2009,2.5 CRDI - 141 hp
Chrysler,Voyager,2001 -> 2009,2.5 CRDI - 143 hp
Chrysler,Voyager,2001 -> 2009,2.8 CRDI - 150 hp
Chrysler,Voyager,2001 -> 2009,2.8 CRDI - 163 hp
Chrysler,300C,10/2005 -> 2011,3.0 CRD - 211 hp
Chrysler,300C,10/2005 -> 2011,3.0 CRD - 218 hp
Chrysler,Crossfire,2003 -> 2009,3.2 SRT6 - 335 hp
Chrysler,Crossfire,2003 -> 2009,3.2 V6 - 218 hp
Chrysler,Grand voyager,2004 -> 2011,2.8 CRDi - 163 hp
Chrysler,Grand voyager,2004 -> 2011,2.8 CRDi - 150 hp
Chrysler,PT Cruiser,2002 -> 2011,2.2 CRD - 121 hp
Chrysler,PT Cruiser,2002 -> 2011,2.2 CRD - 150 hp
Chrysler,Sebring,2007 -> 2011,2.0crd - 136 hp
Citroën,Berlingo,2000 -> 2015,1.6 HDI - 116 hp
Citroën,Berlingo,2000 -> 2015,1.6 Hdi - 110 hp
Citroën,Berlingo,2000 -> 2015,1.6 Hdi - 75 hp
Citroën,Berlingo,2000 -> 2015,1.6 Hdi - 90 hp
Citroën,Berlingo,2000 -> 2015,1.6 Hdi - 112 hp
Citroën,Berlingo,2000 -> 2015,1.6 Hdi - 92 hp
Citroën,Berlingo,2000 -> 2015,2.0 Hdi - 109 hp
Citroën,Berlingo,2000 -> 2015,2.0 Hdi - 90 hp
Citroën,Berlingo,06/2015 -> 2017,1.2T PureTech - 110 hp
Citroën,Berlingo,06/2015 -> 2017,1.6 BlueHDI - 75 hp
Citroën,Berlingo,06/2015 -> 2017,1.6 BlueHDI - 100 hp
Citroën,Berlingo,06/2015 -> 2017,1.6 BlueHDI - 120 hp
Citroën,Berlingo,2018 -> ...,1.2 PureTech (GPF) - 130 hp
Citroën,Berlingo,2018 -> ...,1.2 PureTech (GPF) - 110 hp
Citroën,Berlingo,2018 -> ...,1.5 BlueHDI - 75 hp
Citroën,Berlingo,2018 -> ...,1.5 BlueHDi - 100 hp
Citroën,Berlingo,2018 -> ...,1.5 BlueHDi - 130 hp
Citroën,Berlingo,2000 -> 2015,1.6 16v - 110 hp
Citroën,Berlingo,2000 -> 2015,1.6 16v VTI - 120 hp
Citroën,C-Crosser,2007 -> 2013,2.2HDi - 156 hp
Citroën,C1,06/2005 -> ...,1.4 HDi - 55 hp
Citroën,C2,09/2003 -> 11/2009,1.4HDi - 68 hp
Citroën,C2,09/2003 -> 11/2009,1.6 16v VTS - 125 hp
Citroën,C2,09/2003 -> 11/2009,1.6 HDi - 110 hp
Citroën,C3 / C3 Picasso,2002 -> 2009,1.4 HDi - 70 hp
Citroën,C3 / C3 Picasso,2002 -> 2009,1.6 HDi - 90 hp
Citroën,C3 / C3 Picasso,2002 -> 2009,1.6 HDi - 110 hp
Citroën,C3 / C3 Picasso,2009 -> 2016,1.4 HDi - 70 hp
Citroën,C3 / C3 Picasso,2009 -> 2016,1.6 BlueHDI - 75 hp
Citroën,C3 / C3 Picasso,2009 -> 2016,1.6 BlueHDI - 100 hp
Citroën,C3 / C3 Picasso,2009 -> 2016,1.6 HDi - 110 hp
Citroën,C3 / C3 Picasso,2009 -> 2016,1.6 HDi - 90 hp
Citroën,C3 / C3 Picasso,2009 -> 2016,1.6 HDi - 92 hp
Citroën,C3 / C3 Picasso,2009 -> 2016,1.6 HDi - 112 hp
Citroën,C3 / C3 Picasso,2009 -> 2016,1.6 VTi - 120 hp
Citroën,C3 / C3 Picasso,11/2016 -> 2020,1.2 PureTech (GPF) - 110 hp
Citroën,C3 / C3 Picasso,11/2016 -> 2020,1.2T PureTech - 110 hp
Citroën,C3 / C3 Picasso,11/2016 -> 2020,1.6 BlueHDI - 75 hp
Citroën,C3 / C3 Picasso,11/2016 -> 2020,1.6 BlueHDI - 100 hp
Citroën,C3 / C3 Picasso,05/2020 -> 2023,1.2 PureTech (GPF) - 110 hp
Citroën,C3 / C3 Picasso,05/2020 -> 2023,1.5 BlueHDi - 100 hp
Citroën,C4,2005 -> 2010,1.6 HDi - 110 hp
Citroën,C4,2005 -> 2010,1.6 HDi - 90 hp
Citroën,C4,2005 -> 2010,1.6 THP - 150 hp
Citroën,C4,2005 -> 2010,2.0 16v VTS - 180 hp
Citroën,C4,2005 -> 2010,2.0 HDi - 138 hp
Citroën,C4,2010 -> 2014,1.6 HDI - 112 hp
Citroën,C4,2010 -> 2014,1.6 HDI - 92 hp
Citroën,C4,2010 -> 2014,1.6 THP - 155 hp
Citroën,C4,2010 -> 2014,1.6 VTi - 120 hp
Citroën,C4,2010 -> 2014,1.6 eHDi - 115 hp
Citroën,C4,2010 -> 2014,1.8 HDi - 150 hp
Citroën,C4,2010 -> 2014,2.0 HDI - 150 hp
Citroën,C4,2010 -> 2014,2.0 HDi - 136 hp
Citroën,C4,2010 -> 2014,2.0 HDi - 163 hp
Citroën,C4,2015 -> 2020,1.2 PureTech (GPF) - 110 hp
Citroën,C4,2015 -> 2020,1.2 PureTech (GPF) - 130 hp
Citroën,C4,2015 -> 2020,1.2T PureTech - 110 hp
Citroën,C4,2015 -> 2020,1.2T PureTech - 130 hp
Citroën,C4,2015 -> 2020,1.6 BlueHDI - 100 hp
Citroën,C4,2015 -> 2020,1.6 BlueHDI - 120 hp
Citroën,C4,2015 -> 2020,1.6 HDI - 92 hp
Citroën,C4,2015 -> 2020,2.0 BlueHDi - 150 hp
Citroën,C4,12/2020 -> 2023,1.2 PureTech (GPF) - 100 hp
Citroën,C4,12/2020 -> 2023,1.2 PureTech (GPF) - 155 hp
Citroën,C4,12/2020 -> 2023,1.2 PureTech (GPF) - 130 hp
Citroën,C4,12/2020 -> 2023,1.5 BlueHDI - 110 hp
Citroën,C4,12/2020 -> 2023,1.5 BlueHDI (2021 -> ...) - 110 hp
Citroën,C4,12/2020 -> 2023,1.5 BlueHDI (2021 -> ...) - 130 hp
Citroën,C4,12/2020 -> 2023,1.5 BlueHDi - 130 hp
Citroën,C5 / C5 Aircross,2001 -> 2017,1.6 HDi - 110 hp
Citroën,C5 / C5 Aircross,2001 -> 2017,1.6 HDi - 115 hp
Citroën,C5 / C5 Aircross,2001 -> 2017,1.6 THP - 155 hp
Citroën,C5 / C5 Aircross,2001 -> 2017,1.6 e-Hdi - 112 hp
Citroën,C5 / C5 Aircross,2001 -> 2017,1.8 THP - 204 hp
Citroën,C5 / C5 Aircross,2001 -> 2017,2.0 BlueHDi - 150 hp
Citroën,C5 / C5 Aircross,2001 -> 2017,2.0 BlueHDi (EAT6) - 180 hp
Citroën,C5 / C5 Aircross,2001 -> 2017,2.0 HDI - 163 hp
Citroën,C5 / C5 Aircross,2001 -> 2017,2.0 HDI - 138 hp
Citroën,C5 / C5 Aircross,2001 -> 2017,2.0 HDI - 110 hp
Citroën,C5 / C5 Aircross,2001 -> 2017,2.0 HDI FAP - 136 hp
Citroën,C5 / C5 Aircross,2001 -> 2017,2.2 HDI - 173 hp
Citroën,C5 / C5 Aircross,2001 -> 2017,2.2 HDI - 163 hp
Citroën,C5 / C5 Aircross,2001 -> 2017,2.2 HDI - 136 hp
Citroën,C5 / C5 Aircross,2001 -> 2017,2.2 HDi - 204 hp
Citroën,C5 / C5 Aircross,2001 -> 2017,2.7HDI - 207 hp
Citroën,C5 / C5 Aircross,2001 -> 2017,3.0 V6 - 210 hp
Citroën,C5 / C5 Aircross,2001 -> 2017,3.0HDI - 243 hp
Citroën,C5 / C5 Aircross,2001 -> 2017,3.0HDI - 207 hp
Citroën,C5 / C5 Aircross,2018 -> ...,1.2 PureTech (GPF) - 130 hp
Citroën,C5 / C5 Aircross,2018 -> ...,1.5 BlueHDi - 130 hp
Citroën,C5 / C5 Aircross,2018 -> ...,1.6 PureTech (GPF) - 180 hp
Citroën,C5 / C5 Aircross,2018 -> ...,1.6 Puretech - 180 hp
Citroën,C5 / C5 Aircross,2018 -> ...,1.6 Puretech Hybrid - 225 hp
Citroën,C5 / C5 Aircross,2018 -> ...,2.0 BlueHDi - 180 hp
Citroën,C6,2007 -> 2010,1.8 THP - 204 hp
Citroën,C6,2007 -> 2010,2.2 HDI - 173 hp
Citroën,C6,2007 -> 2010,2.7 V6 HDI - 207 hp
Citroën,C6,2007 -> 2010,3.0HDI - 207 hp
Citroën,C6,2007 -> 2010,3.0HDI - 240 hp
Citroën,C8,All,2.0 HDI - 110 hp
Citroën,C8,All,2.0 HDI - 120 hp
Citroën,C8,All,2.0 HDI - 138 hp
Citroën,C8,All,2.0 HDI - 163 hp
Citroën,C8,All,2.2 HDI - 138 hp
Citroën,C8,All,2.2 HDI - 163 hp
Citroën,C8,All,3.0 V6 - 210 hp
Citroën,C8,All,2.2 HDI - 130 hp
Citroën,C8,All,2.2 HDi - 128 hp
Citroën,DS3,2009 -> 2020,1.2 PureTech (GPF) - 110 hp
Citroën,DS3,2009 -> 2020,1.2T PureTech - 110 hp
Citroën,DS3,2009 -> 2020,1.4 HDi - 68 hp
Citroën,DS3,2009 -> 2020,1.6 BlueHDi - 120 hp
Citroën,DS3,2009 -> 2020,1.6 HDi - 112 hp
Citroën,DS3,2009 -> 2020,1.6 HDi - 90 hp
Citroën,DS3,2009 -> 2020,1.6 HDi - 92 hp
Citroën,DS3,2009 -> 2020,1.6 THP - 150 hp
Citroën,DS3,2009 -> 2020,1.6 THP - 156 hp
Citroën,DS3,2009 -> 2020,1.6 THP - 165 hp
Citroën,DS3,2009 -> 2020,1.6 THP - Racing - 202 hp
Citroën,DS3,2009 -> 2020,1.6 THP - Racing - 207 hp
Citroën,DS3,2009 -> 2020,1.6 VTi - 120 hp
Citroën,DS3,2009 -> 2020,1.6 e-HDi - 115 hp
Citroën,DS3,2009 -> 2020,1.2 PureTech (GPF) - 130 hp
Citroën,DS3,2009 -> 2020,1.2T PureTech - 130 hp
Citroën,DS4,2010 -> 2015,1.2T PureTech - 130 hp
Citroën,DS4,2010 -> 2015,1.6 BlueHDi - 120 hp
Citroën,DS4,2010 -> 2015,1.6 HDi - 112 hp
Citroën,DS4,2010 -> 2015,1.6 THP - 155 hp
Citroën,DS4,2010 -> 2015,1.6 THP - 200 hp
Citroën,DS4,2010 -> 2015,1.6 THP - 160 hp
Citroën,DS4,2010 -> 2015,1.6 VTi - 120 hp
Citroën,DS4,2010 -> 2015,1.6 e-HDI - 115 hp
Citroën,DS4,2010 -> 2015,1.6 e-HDI - 92 hp
Citroën,DS4,2010 -> 2015,2.0 HDI - 160 hp
Citroën,DS4,2010 -> 2015,2.0 HDi - 136 hp
Citroën,DS4,2015 -> 2019,1.2 PureTech (GPF) - 130 hp
Citroën,DS4,2015 -> 2019,1.2T PureTech - 130 hp
Citroën,DS4,2015 -> 2019,1.6 BlueHDI - 115 hp
Citroën,DS4,2015 -> 2019,1.6 THP - 165 hp
Citroën,DS4,2015 -> 2019,1.6 THP - 210 hp
Citroën,DS4,2015 -> 2019,2.0 BlueHDI - 150 hp
Citroën,DS4,2015 -> 2019,2.0 BlueHDi (EAT6) - 180 hp
Citroën,Jumper,... -> 2014,2.0 HDI - 84 hp
Citroën,Jumper,... -> 2014,2.2 HDI - 101 hp
Citroën,Jumper,... -> 2014,2.2 HDI - 120 hp
Citroën,Jumper,... -> 2014,2.2 HDI - 150 hp
Citroën,Jumper,... -> 2014,2.2 HDI - 130 hp
Citroën,Jumper,... -> 2014,2.2 HDI - 110 hp
Citroën,Jumper,... -> 2014,2.8 HDI - 128 hp
Citroën,Jumper,... -> 2014,3.0 HDI - 158 hp
Citroën,Jumper,... -> 2014,3.0 HDI - 180 hp
Citroën,Jumper,2014 -> 2019,2.0 BlueHDI - 130 hp
Citroën,Jumper,2014 -> 2019,2.0 BlueHDI - 160 hp
Citroën,Jumper,2014 -> 2019,2.0 BlueHDI - 110 hp
Citroën,Jumper,2014 -> 2019,2.2 HDI - 150 hp
Citroën,Jumper,2014 -> 2019,2.2 HDi - 110 hp
Citroën,Jumper,2014 -> 2019,2.2 HDi - 130 hp
Citroën,Jumper,2014 -> 2019,3.0 HDi - 180 hp
Citroën,Jumper,2019 -> ...,2.2 BlueHDI - 165 hp
Citroën,Jumper,2019 -> ...,2.2 BlueHDI - 140 hp
Citroën,Jumper,2019 -> ...,2.2 BlueHDi - 120 hp
Citroën,Jumpy / SpaceTourer,... -> 2016,1.6 HDi - 90 hp
Citroën,Jumpy / SpaceTourer,... -> 2016,2.0 HDI - 110 hp
Citroën,Jumpy / SpaceTourer,... -> 2016,2.0 HDI 16v - 120 hp
Citroën,Jumpy / SpaceTourer,... -> 2016,2.0 HDI 16v - 136 hp
Citroën,Jumpy / SpaceTourer,... -> 2016,2.0 HDI 16v - 160 hp
Citroën,Jumpy / SpaceTourer,... -> 2016,2.0 HDI 16v - 90 hp
Citroën,Jumpy / SpaceTourer,... -> 2016,2.0 HDi (... -> 2011) - 128 hp
Citroën,Jumpy / SpaceTourer,... -> 2016,2.0 HDi (2011 -> ...) - 128 hp
Citroën,Jumpy / SpaceTourer,2016 -> 2019,1.6 BlueHDi - 95 hp
Citroën,Jumpy / SpaceTourer,2016 -> 2019,1.6 BlueHDi - 115 hp
Citroën,Jumpy / SpaceTourer,2016 -> 2019,2.0 BlueHDi - 120 hp
Citroën,Jumpy / SpaceTourer,2016 -> 2019,2.0 BlueHDi - 150 hp
Citroën,Jumpy / SpaceTourer,2016 -> 2019,2.0 BlueHDi (EAT6) - 180 hp
Citroën,Jumpy / SpaceTourer,2019 -> 2024,1.5 BlueHDI - 120 hp
Citroën,Jumpy / SpaceTourer,2019 -> 2024,1.5 BlueHDi - 100 hp
Citroën,Jumpy / SpaceTourer,2019 -> 2024,2.0 BlueHDi - 120 hp
Citroën,Jumpy / SpaceTourer,2019 -> 2024,2.0 BlueHDi - 150 hp
Citroën,Jumpy / SpaceTourer,2019 -> 2024,2.0 BlueHDi - 180 hp
Citroën,Jumpy / SpaceTourer,2019 -> 2024,2.0 BlueHDi - 145 hp
Citroën,Jumpy / SpaceTourer,03/2024 -> ...,1.5 BlueHDI - 120 hp
Citroën,Jumpy / SpaceTourer,03/2024 -> ...,2.0 BlueHDI - 145 hp
Citroën,Jumpy / SpaceTourer,03/2024 -> ...,2.0 BlueHDI - 180 hp
Citroën,Nemo,All,1.3 HDI - 80 hp
Citroën,Nemo,All,1.3 HDi - 75 hp
Citroën,Nemo,All,1.4 HDi - 70 hp
Citroën,C4 Picasso / Picasso / C4 Space Tourer,1999 -> 2006,2.0 HDI - 110 hp
Citroën,C4 Picasso / Picasso / C4 Space Tourer,1999 -> 2006,2.0 HDI - 90 hp
Citroën,C4 Picasso / Picasso / C4 Space Tourer,08/2006 -> 05/2013,1.6 HDi - 109 hp
Citroën,C4 Picasso / Picasso / C4 Space Tourer,08/2006 -> 05/2013,1.6 HDi - 90 hp
Citroën,C4 Picasso / Picasso / C4 Space Tourer,08/2006 -> 05/2013,1.6 HDi - 92 hp
Citroën,C4 Picasso / Picasso / C4 Space Tourer,08/2006 -> 05/2013,1.6 HDi - 112 hp
Citroën,C4 Picasso / Picasso / C4 Space Tourer,08/2006 -> 05/2013,2.0 HDI - 138 hp
Citroën,C4 Picasso / Picasso / C4 Space Tourer,08/2006 -> 05/2013,2.0 HDI - 150 hp
Citroën,C4 Picasso / Picasso / C4 Space Tourer,08/2006 -> 05/2013,2.0 HDI - 163 hp
Citroën,C4 Picasso / Picasso / C4 Space Tourer,06/2013 -> 2016,1.2T PureTech - 130 hp
Citroën,C4 Picasso / Picasso / C4 Space Tourer,06/2013 -> 2016,1.6 BlueHDI - 120 hp
Citroën,C4 Picasso / Picasso / C4 Space Tourer,06/2013 -> 2016,1.6 THP - 155 hp
Citroën,C4 Picasso / Picasso / C4 Space Tourer,06/2013 -> 2016,1.6 THP - 165 hp
Citroën,C4 Picasso / Picasso / C4 Space Tourer,06/2013 -> 2016,1.6 VTi - 120 hp
Citroën,C4 Picasso / Picasso / C4 Space Tourer,06/2013 -> 2016,1.6 e-HDi - 92 hp
Citroën,C4 Picasso / Picasso / C4 Space Tourer,06/2013 -> 2016,1.6 e-HDi - 115 hp
Citroën,C4 Picasso / Picasso / C4 Space Tourer,06/2013 -> 2016,1.8 THP - 204 hp
Citroën,C4 Picasso / Picasso / C4 Space Tourer,06/2013 -> 2016,2.0 BlueHDi - 150 hp
Citroën,C4 Picasso / Picasso / C4 Space Tourer,2016 -> ...,1.2 PureTech (GPF) - 130 hp
Citroën,C4 Picasso / Picasso / C4 Space Tourer,2016 -> ...,1.2 PureTech (GPF) - 110 hp
Citroën,C4 Picasso / Picasso / C4 Space Tourer,2016 -> ...,1.2T PureTech - 130 hp
Citroën,C4 Picasso / Picasso / C4 Space Tourer,2016 -> ...,1.2T PureTech - 110 hp
Citroën,C4 Picasso / Picasso / C4 Space Tourer,2016 -> ...,1.5 BlueHDi - 130 hp
Citroën,C4 Picasso / Picasso / C4 Space Tourer,2016 -> ...,1.6 BlueHDi - 100 hp
Citroën,C4 Picasso / Picasso / C4 Space Tourer,2016 -> ...,1.6 BlueHDi - 120 hp
Citroën,C4 Picasso / Picasso / C4 Space Tourer,2016 -> ...,1.6 PureTech (GPF) - 180 hp
Citroën,C4 Picasso / Picasso / C4 Space Tourer,2016 -> ...,1.6 THP - 165 hp
Citroën,C4 Picasso / Picasso / C4 Space Tourer,2016 -> ...,2.0 BlueHDi - 150 hp
Citroën,C4 Picasso / Picasso / C4 Space Tourer,2016 -> ...,2.0 BlueHDi (EAT8) - 160 hp
Citroën,DS5,2011 -> 2015,1.6 BlueHDi - 120 hp
Citroën,DS5,2011 -> 2015,1.6 E-HDi - 115 hp
Citroën,DS5,2011 -> 2015,1.6 E-HDi - 110 hp
Citroën,DS5,2011 -> 2015,1.6 THP - 159 hp
Citroën,DS5,2011 -> 2015,1.6 THP - 200 hp
Citroën,DS5,2011 -> 2015,2.0 BlueHDi - 150 hp
Citroën,DS5,2011 -> 2015,2.0 BlueHDi (EAT6) - 180 hp
Citroën,DS5,2011 -> 2015,2.0 HDi - 167 hp
Citroën,DS5,2011 -> 2015,2.0 HDi - 138 hp
Citroën,DS5,2011 -> 2015,2.0 HDi - 163 hp
Citroën,DS5,2011 -> 2015,2.0 HDi Hybri4 - 200 hp
Citroën,DS5,06/2015 -> 2019,1.6 Blue HDI - 120 hp
Citroën,DS5,06/2015 -> 2019,1.6 THP - 165 hp
Citroën,DS5,06/2015 -> 2019,1.6 THP - 210 hp
Citroën,DS5,06/2015 -> 2019,2.0 BlueHDI - 150 hp
Citroën,DS5,06/2015 -> 2019,2.0 BlueHDi (EAT6) - 180 hp
Citroën,DS5,2011 -> 2015,1.6 E-HDi - 112 hp
Citroën,C4 Cactus,06/2014 -> 2017,1.2 BlueHDI - 110 hp
Citroën,C4 Cactus,06/2014 -> 2017,1.2T PureTech - 110 hp
Citroën,C4 Cactus,06/2014 -> 2017,1.6 BlueHDi - 100 hp
Citroën,C4 Cactus,06/2014 -> 2017,1.6 e-HDI - 92 hp
Citroën,C4 Cactus,11/2017 -> ...,1.2 PureTech (GPF) - 110 hp
Citroën,C4 Cactus,11/2017 -> ...,1.2 Puretech - 110 hp
Citroën,C4 Cactus,11/2017 -> ...,1.5 BlueHDi - 100 hp
Citroën,C4 Cactus,11/2017 -> ...,1.2 PureTech (GPF) - 130 hp
Citroën,C4 Cactus,11/2017 -> ...,1.2 Puretech - 130 hp
Citroën,C4 Cactus,11/2017 -> ...,1.5 BlueHDI - 120 hp
Citroën,C4 Aircross,2012 -> ...,1.6 e-HDI - 115 hp
Citroën,C4 Aircross,2012 -> ...,1.8 e-HDI - 150 hp
Citroën,C- Elysée,06/2012 -> ...,1.6 e-HDI - 92 hp
Citroën,C- Elysée,11/2016 -> ...,1.6 BlueHDI - 100 hp
Citroën,C- Elysée,11/2016 -> ...,1.5 BlueHDI - 100 hp
Citroën,C3 Aircross,10/2017 -> 2023,1.2 PureTech (GPF) - 110 hp
Citroën,C3 Aircross,10/2017 -> 2023,1.2 PureTech (GPF) - 130 hp
Citroën,C3 Aircross,10/2017 -> 2023,1.2T PureTech - 110 hp
Citroën,C3 Aircross,10/2017 -> 2023,1.2T PureTech - 130 hp
Citroën,C3 Aircross,10/2017 -> 2023,1.6 BlueHDi - 100 hp
Citroën,C3 Aircross,10/2017 -> 2023,1.6 BlueHDi - 120 hp
Citroën,C3 Aircross,10/2017 -> 2023,1.5 BlueHDI - 120 hp
Citroën,C3 Aircross,10/2017 -> 2023,1.5 BlueHDI - 110 hp
Citroën,C3 Aircross,10/2024 -> ...,1.2 PureTech - 100 hp
Citroën,Holidays,04/2024 -> ...,2.0 BlueHDI - 145 hp
Citroën,Holidays,04/2024 -> ...,2.0 BlueHDI - 180 hp
Citroën,C4X,2022 -> ...,1.2 PureTech (GPF) - 100 hp
Citroën,C4X,2022 -> ...,1.2 PureTech (GPF) - 130 hp
Citroën,C4X,2022 -> ...,1.5 BlueHDI - 130 hp
Citroën,C5X,2021 -> ...,1.2 PureTech (GPF) - 130 hp
Citroën,C5X,2021 -> ...,1.6 Puretech Hybrid - 225 hp
Dacia,Duster,... -> 2017,1.2 TCe - 125 hp
Dacia,Duster,... -> 2017,1.5 dci - 105 hp
Dacia,Duster,... -> 2017,1.5 dci - 110 hp
Dacia,Duster,... -> 2017,1.5 dci - 85 hp
Dacia,Duster,... -> 2017,1.5 dci - 90 hp
Dacia,Duster,2018 -> 2023,1.0 TCE - 100 hp
Dacia,Duster,2018 -> 2023,1.2 TCE - 125 hp
Dacia,Duster,2018 -> 2023,1.3 TCE - 130 hp
Dacia,Duster,2018 -> 2023,1.3 TCE - 150 hp
Dacia,Duster,2018 -> 2023,1.5 BlueDCI - 95 hp
Dacia,Duster,2018 -> 2023,1.5 BlueDCI - 115 hp
Dacia,Duster,2018 -> 2023,1.5 DCI - 90 hp
Dacia,Duster,2018 -> 2023,1.5 DCI - 110 hp
Dacia,Duster,2018 -> 2023,1.0 TCE - 90 hp
Dacia,Duster,2018 -> 2023,1.2 TCE 48v - 130 hp
Dacia,Duster,01/2024 -> ...,1.0 Eco-G - 100 hp
Dacia,Duster,01/2024 -> ...,1.2 TCE 48v - 130 hp
Dacia,Duster,01/2024 -> ...,1.6 Hybrid - 140 hp
Dacia,Logan,2004 -> 2012,1.5 dci - 70 hp
Dacia,Logan,2004 -> 2012,1.5 dci - 85 hp
Dacia,Logan,2004 -> 2012,1.5 dci - 88 hp
Dacia,Logan,2004 -> 2012,1.5 dci - 75 hp
Dacia,Logan,2004 -> 2012,1.5 dci - 90 hp
Dacia,Logan,2004 -> 2012,1.5 dci - 68 hp
Dacia,Logan,2013 -> 2016,0.9 TCE - 90 hp
Dacia,Logan,2013 -> 2016,1.2 16v - 75 hp
Dacia,Logan,2013 -> 2016,1.5 DCI - 90 hp
Dacia,Logan,2013 -> 2016,1.5 DCI - 75 hp
Dacia,Logan,2016 -> ...,0.9 TCE - 90 hp
Dacia,Logan,2016 -> ...,1.5 BlueDCI - 75 hp
Dacia,Logan,2016 -> ...,1.5 BlueDCI - 95 hp
Dacia,Logan,2016 -> ...,1.5 DCi - 75 hp
Dacia,Logan,2016 -> ...,1.5 DCi - 90 hp
Dacia,Sandero,2007 -> 2012,1.5 dci - 70 hp
Dacia,Sandero,2007 -> 2012,1.5 dci - 85 hp
Dacia,Sandero,2007 -> 2012,1.5 dci - 75 hp
Dacia,Sandero,2007 -> 2012,1.5 dci - 90 hp
Dacia,Sandero,2013 -> 2016,0.9 TCE - 90 hp
Dacia,Sandero,2013 -> 2016,1.2 16v - 75 hp
Dacia,Sandero,2013 -> 2016,1.5 DCI - 75 hp
Dacia,Sandero,2013 -> 2016,1.5 DCI - 90 hp
Dacia,Sandero,2013 -> 2016,2.0i RS - 145 hp
Dacia,Sandero,2016 -> 2020,0.9 TCE - 90 hp
Dacia,Sandero,2016 -> 2020,1.5 BlueDCI - 75 hp
Dacia,Sandero,2016 -> 2020,1.5 BlueDCI - 95 hp
Dacia,Sandero,2016 -> 2020,1.5 DCi - 75 hp
Dacia,Sandero,2016 -> 2020,1.5 DCi - 90 hp
Dacia,Sandero,2016 -> 2020,2.0i RS - 145 hp
Dacia,Sandero,2020 -> ...,1.0 TCE - 100 hp
Dacia,Sandero,2020 -> ...,1.5 BlueDCI - 85 hp
Dacia,Sandero,2020 -> ...,0.9 TCE - 90 hp
Dacia,Sandero,2020 -> ...,1.0 Eco-G - 100 hp
Dacia,Sandero,2020 -> ...,1.0 TCE - 90 hp
Dacia,Lodgy,2012 -> 2017,1.2 TCe (Euro 5) - 115 hp
Dacia,Lodgy,2012 -> 2017,1.2 TCe (Euro 6) - 115 hp
Dacia,Lodgy,2012 -> 2017,1.5 Dci - 90 hp
Dacia,Lodgy,2012 -> 2017,1.5 Dci - 110 hp
Dacia,Lodgy,2017 -> 2018,1.2 TCE (Euro 6) - 115 hp
Dacia,Lodgy,2017 -> 2018,1.5 DCI - 90 hp
Dacia,Lodgy,2017 -> 2018,1.5 DCI - 110 hp
Dacia,Lodgy,2018 -> ...,1.3 TCE - 130 hp
Dacia,Lodgy,2018 -> ...,1.3 TCE - 100 hp
Dacia,Lodgy,2018 -> ...,1.5 BlueDCI - 95 hp
Dacia,Lodgy,2018 -> ...,1.5 BlueDCI - 115 hp
Dacia,Dokker,2010 -> 2017,1.5 DCi - 90 hp
Dacia,Dokker,2010 -> 2017,1.5 DCi - 75 hp
Dacia,Dokker,2017 -> ...,1.2 TCE (Euro 6) - 115 hp
Dacia,Dokker,2017 -> ...,1.5 BlueDCI - 75 hp
Dacia,Dokker,2017 -> ...,1.5 BlueDCI - 95 hp
Dacia,Dokker,2017 -> ...,1.5 DCI - 75 hp
Dacia,Dokker,2017 -> ...,1.5 DCI - 90 hp
Dacia,Dokker,2010 -> 2017,1.2 TCe - 115 hp
Dacia,Jogger,2021 -> ...,1.0 TCE - 110 hp
Daewoo,Tosca,All,2.0 VCDI - 150 hp
Daewoo,Winstorm,All,2.0 VCDI - 150 hp
Dodge,Avenger,05/2006 -> 11/2007,2.0 CRD - 140 hp
Dodge,Caliber,05/2006 -> 11/2007,2.0 CRD - 140 hp
Dodge,Caliber,05/2006 -> 11/2007,2.2 CRD - 163 hp
Dodge,Journey,05/2006 -> 2009,2.0 CRD - 140 hp
Dodge,Nitro,2007 -> 2011,2.8 CRD - 177 hp
Dodge,Charger,2006 -> 2010,6.1 SRT8 - 425 hp
Dodge,Viper,2008 -> ...,8.4 V10 SRT-10 - 500 hp
Dodge,Viper,2008 -> ...,GTS R - 650 hp
Dodge,Ram,Mk4 - 2013 -> ...,1500 - 3.0D Ecodiesel - 240 hp
Dodge,Ram,Mk4 - 2013 -> ...,1500 - 5.7 V8 HEMI - 390 hp
Dodge,Ram,Mk4 - 2013 -> ...,3500 - 5.7 V8 HEMI - 383 hp
Dodge,Ram,Mk4 - 2013 -> ...,3500 - 6.4 V8 HEMI - 410 hp
Ferrari,348 GTS/GTB/Spider,All,3.4 V8 - 320 hp
Ferrari,355 GTS/GTB/Spider,All,3.5 v8 - 380 hp
Ferrari,360 Modena/Spider,1999 -> 2004,3.6 V8 - 401 hp
Ferrari,456,All,5.5 v12 - 428 hp
Ferrari,458 Italia,All,4.5 V8 - 570 hp
Ferrari,458 Italia,All,4.5 V8 Speciale - 605 hp
Ferrari,458 Italia,All,Challenge V8 (Track Only) - 570 hp
Ferrari,599 GTB,All,6.0 V12 - 620 hp
Ferrari,599 GTO,All,6.0 V12 - 670 hp
Ferrari,612 Scaglietti,All,5.7 V12 - 540 hp
Ferrari,California,All,3.9 V8 Turbo - 560 hp
Ferrari,California,All,4.3 V8 - 460 hp
Ferrari,F430,10/2004 -> ...,4.3 V8 - 490 hp
Ferrari,F430,10/2004 -> ...,4.3 V8 - 510 hp
Ferrari,M575,All,5.8 v12 - 515 hp
Ferrari,F12,2012 -> ...,6.3 V12 - 740 hp
Ferrari,F12,2012 -> ...,6.3 V12 TDF - 780 hp
Ferrari,FF,2011 -> ...,6.3 V12 - 660 hp
Ferrari,488 GTB/Spider,2015 -> ...,3.9 V8 Bi-Turbo - 670 hp
Ferrari,488 GTB/Spider,2015 -> ...,3.9 V8 Bi-Turbo Pista - 720 hp
Ferrari,F150 / La Ferrari,All,6.3 V12 - 963 hp
Ferrari,Portofino,2017 -> ...,3.9 V8 Bi-Turbo - 600 hp
Ferrari,GTC 4 Lusso,2016 -> ...,3.9 V8 Bi-Turbo - 610 hp
Ferrari,GTC 4 Lusso,2016 -> ...,6.3 V12 - 690 hp
Ferrari,812 Superfast,2017 -> ...,6.5 V12 - 800 hp
Ferrari,Enzo,2002 -> 2004,6.0 V12 - 660 hp
Ferrari,F8 Tributo / Spider,2020 -> ...,3.9 V8 Bi-Turbo - 710 hp
Ferrari,SF90 Stradale,2020 -> ...,4.0 V8 Bi-Turbo - 1000 hp
Ferrari,SF90 Stradale,2020 -> ...,4.0 V8 Bi-turbo Hybrid - 1030 hp
Ferrari,Roma,2020 -> ...,3.9 V8 Bi-Turbo - 620 hp
Ferrari,296 GTB,12/2021 -> ...,V6 Hybrid - 830 hp
Ferrari,Purosangue,2022 -> ...,6.5 V12 - 725 hp
Fiat,500 / 595 / 695,2007 -> 2015,0.9 TwinAir - 85 hp
Fiat,500 / 595 / 695,2007 -> 2015,0.9 TwinAir - 105 hp
Fiat,500 / 595 / 695,2007 -> 2015,1.2 8v - 70 hp
Fiat,500 / 595 / 695,2007 -> 2015,1.3 MultiJet - 75 hp
Fiat,500 / 595 / 695,2007 -> 2015,1.3 MultiJet - 95 hp
Fiat,500 / 595 / 695,2007 -> 2015,1.4i 16v - 100 hp
Fiat,500 / 595 / 695,2007 -> 2015,Abarth 1.4 Tjet - 135 hp
Fiat,500 / 595 / 695,2007 -> 2015,Abarth 1.4 Tjet - 140 hp
Fiat,500 / 595 / 695,2007 -> 2015,Abarth 595 1.4 Tjet - 160 hp
Fiat,500 / 595 / 695,2007 -> 2015,Abarth 595 Competizione 1.4 Tjet - 180 hp
Fiat,500 / 595 / 695,2007 -> 2015,Abarth 595 Competizione 1.4 Tjet - 160 hp
Fiat,500 / 595 / 695,2007 -> 2015,Abarth 695 Biposto 1.4 Tjet - 190 hp
Fiat,500 / 595 / 695,2007 -> 2015,Abarth 695 Tributo Ferrari 1.4 Tjet - 180 hp
Fiat,500 / 595 / 695,2007 -> 2015,Abarth 695 Tributo Maserati 1.4 Tjet - 180 hp
Fiat,500 / 595 / 695,2007 -> 2015,Abarth Assetto Corse 1.4 Tjet - 190 hp
Fiat,500 / 595 / 695,2007 -> 2015,Abarth EsseEsse 1.4 Tjet - 160 hp
Fiat,500 / 595 / 695,2015 -> 2023,0.9 TwinAir - 85 hp
Fiat,500 / 595 / 695,2015 -> 2023,0.9 TwinAir - 105 hp
Fiat,500 / 595 / 695,2015 -> 2023,1.2 8V - 69 hp
Fiat,500 / 595 / 695,2015 -> 2023,1.3 Multijet - 95 hp
Fiat,500 / 595 / 695,2015 -> 2023,Abarth 595 1.4 T - 145 hp
Fiat,500 / 595 / 695,2015 -> 2023,Abarth 595 1.4 T - 140 hp
Fiat,500 / 595 / 695,2015 -> 2023,Abarth 595 1.4 T - 135 hp
Fiat,500 / 595 / 695,2015 -> 2023,Abarth 595 Competizione / Rivale / Esse Esse - 1.4 T - 180 hp
Fiat,500 / 595 / 695,2015 -> 2023,Abarth 595 Esse Esse 1.4 T - 160 hp
Fiat,500 / 595 / 695,2015 -> 2023,Abarth 595 Pista 1.4 T - 160 hp
Fiat,500 / 595 / 695,2015 -> 2023,Abarth 595 Pista 1.4 T - 165 hp
Fiat,500 / 595 / 695,2015 -> 2023,Abarth 595 Turismo 1.4 T - 160 hp
Fiat,500 / 595 / 695,2015 -> 2023,Abarth 595 Turismo 1.4 T - 165 hp
Fiat,500 / 595 / 695,2015 -> 2023,Abarth 695 Biposto - 1.4 T - 190 hp
Fiat,500 / 595 / 695,2015 -> 2023,Abarth 695 XSR 1.4 T - 163 hp
Fiat,500 / 595 / 695,2015 -> 2023,Abarth 695 1.4T (2022) - 180 hp
Fiat,500 / 595 / 695,2015 -> 2023,Abarth F595 1.4T (2021) - 165 hp
Fiat,Brava,... -> 2002,1.6 JTDm - 105 hp
Fiat,Brava,... -> 2002,1.9 JTD - 100 hp
Fiat,Brava,... -> 2002,1.9 JTD - 105 hp
Fiat,Bravo,2000 -> 2007,1.9 JTD - 100 hp
Fiat,Bravo,2000 -> 2007,1.9 JTD - 105 hp
Fiat,Bravo,2000 -> 2007,1.9 JTD - 115 hp
Fiat,Bravo,2007 -> 2015,1.4 Multiair - 140 hp
Fiat,Bravo,2007 -> 2015,1.4 Tjet - 120 hp
Fiat,Bravo,2007 -> 2015,1.4 Tjet - 155 hp
Fiat,Bravo,2007 -> 2015,1.6 JTDm - 105 hp
Fiat,Bravo,2007 -> 2015,1.6 JTDm - 120 hp
Fiat,Bravo,2007 -> 2015,1.6 JTDm - 90 hp
Fiat,Bravo,2007 -> 2015,1.9 JTDm - 115 hp
Fiat,Bravo,2007 -> 2015,1.9 JTDm - 120 hp
Fiat,Bravo,2007 -> 2015,1.9 JTDm - 90 hp
Fiat,Bravo,2007 -> 2015,1.9 JTDm 16v - 150 hp
Fiat,Bravo,2007 -> 2015,2.0 Mjet - 135 hp
Fiat,Bravo,2007 -> 2015,2.0 Mjet - 150 hp
Fiat,Bravo,2007 -> 2015,2.0 Mjet - 163 hp
Fiat,Croma,2007 -> 2008,1.9 Jtd - 115 hp
Fiat,Croma,2007 -> 2008,1.9 Jtd - 150 hp
Fiat,Croma,2007 -> 2008,1.9 Jtd - 120 hp
Fiat,Croma,2007 -> 2008,2.4 Jtd - 200 hp
Fiat,Croma,2008 -> ...,1.9 Jtd - 115 hp
Fiat,Croma,2008 -> ...,1.9 Jtd - 136 hp
Fiat,Croma,2008 -> ...,1.9 Jtd - 150 hp
Fiat,Croma,2008 -> ...,1.9 Jtd - 120 hp
Fiat,Croma,2008 -> ...,2.4 Jtd - 200 hp
Fiat,Doblo,... -> 2015,1.3 JTD - 69 hp
Fiat,Doblo,... -> 2015,1.3 JTD - 75 hp
Fiat,Doblo,... -> 2015,1.3 JTD - 85 hp
Fiat,Doblo,... -> 2015,1.3 JTD - 90 hp
Fiat,Doblo,... -> 2015,1.6 Mjet - 105 hp
Fiat,Doblo,... -> 2015,1.6 Mjet - 90 hp
Fiat,Doblo,... -> 2015,1.9 JTD - 100 hp
Fiat,Doblo,... -> 2015,1.9 JTD - 105 hp
Fiat,Doblo,... -> 2015,1.9 JTD - 120 hp
Fiat,Doblo,... -> 2015,2.0 Mjet - 135 hp
Fiat,Doblo,2015 -> 2020,1.3 Multijet - 90 hp
Fiat,Doblo,2015 -> 2020,1.3 Multijet (Euro 6) - 95 hp
Fiat,Doblo,2015 -> 2020,1.4 T-Jet (GNV) - 120 hp
Fiat,Doblo,2015 -> 2020,1.6 Multijet - 105 hp
Fiat,Doblo,2015 -> 2020,1.6 Multijet - 90 hp
Fiat,Doblo,2015 -> 2020,1.6 Multijet (Euro 6) - 120 hp
Fiat,Doblo,2015 -> 2020,1.6 Multijet (Euro 6) - 95 hp
Fiat,Doblo,2015 -> 2020,2.0 Multijet - 135 hp
Fiat,Doblo,2022 -> ...,1.2 PureTech (GPF) - 110 hp
Fiat,Doblo,2022 -> ...,1.5 BlueHDI - 130 hp
Fiat,Doblo,2022 -> ...,1.5 BlueHDI (2021 -> ...) - 100 hp
Fiat,Ducato,... -> 09/2011,2.0 JTD - 84 hp
Fiat,Ducato,... -> 09/2011,2.2 JTD - 100 hp
Fiat,Ducato,... -> 09/2011,2.3 JTD - 110 hp
Fiat,Ducato,... -> 09/2011,2.3 JTDm - 120 hp
Fiat,Ducato,... -> 09/2011,2.3 JTDm - 130 hp
Fiat,Ducato,... -> 09/2011,2.5 TDI - 116 hp
Fiat,Ducato,... -> 09/2011,2.8 JTD - 128 hp
Fiat,Ducato,... -> 09/2011,2.8 JTD - 146 hp
Fiat,Ducato,... -> 09/2011,3.0 JTDm - 158 hp
Fiat,Ducato,09/2011 -> 2016,115 Multijet - 116 hp
Fiat,Ducato,09/2011 -> 2016,120 Multijet - 120 hp
Fiat,Ducato,09/2011 -> 2016,130 Multijet - 131 hp
Fiat,Ducato,09/2011 -> 2016,150 Multijet - 148 hp
Fiat,Ducato,09/2011 -> 2016,160 Multijet - 157 hp
Fiat,Ducato,09/2011 -> 2016,180 Multijet - 177 hp
Fiat,Ducato,2016 -> 2019,115 Multijet² (Euro 6) - 116 hp
Fiat,Ducato,2016 -> 2019,130 Multijet² (Euro 6) - 131 hp
Fiat,Ducato,2016 -> 2019,150 Multijet² (Euro 6) - 150 hp
Fiat,Ducato,2016 -> 2019,180 Multijet² (Euro 6) - 177 hp
Fiat,Ducato,2019 -> 2021,2.3D (Euro 6d) - 180 hp
Fiat,Ducato,2019 -> 2021,2.3D (Euro 6d) - 160 hp
Fiat,Ducato,2019 -> 2021,2.3D (Euro 6d) - 140 hp
Fiat,Ducato,2019 -> 2021,2.3D (Euro 6d) - 120 hp
Fiat,Ducato,2019 -> 2021,2.3D (Euro 6d) (9 Speed) - 180 hp
Fiat,Ducato,2019 -> 2021,2.3D (Euro 6d) (9 Speed) - 170 hp
Fiat,Ducato,2021 -> ...,2.2 Multijet - 120 hp
Fiat,Ducato,2021 -> ...,2.2 Multijet - 140 hp
Fiat,Ducato,2021 -> ...,2.2 Multijet - 160 hp
Fiat,Ducato,2021 -> ...,2.2 Multijet - 180 hp
Fiat,Fiorino,2011 -> 2013,1.3 JTD - 75 hp
Fiat,Fiorino,2011 -> 2013,1.3 JTD - 95 hp
Fiat,Grande Punto,10/2005 -> ...,1.3 JTD - 70 hp
Fiat,Grande Punto,10/2005 -> ...,1.3 JTD - 75 hp
Fiat,Grande Punto,10/2005 -> ...,1.3 JTD - 85 hp
Fiat,Grande Punto,10/2005 -> ...,1.3 JTD - 90 hp
Fiat,Grande Punto,10/2005 -> ...,1.3 Mjet - 95 hp
Fiat,Grande Punto,10/2005 -> ...,1.4 T-jet - 120 hp
Fiat,Grande Punto,10/2005 -> ...,1.4 T-jet Abarth - 155 hp
Fiat,Grande Punto,10/2005 -> ...,1.4 T-jet Supersport - 180 hp
Fiat,Grande Punto,10/2005 -> ...,1.6 JTDm - 120 hp
Fiat,Grande Punto,10/2005 -> ...,1.9 JTD - 120 hp
Fiat,Grande Punto,10/2005 -> ...,1.9 JTD - 130 hp
Fiat,Idea,2004 -> 2012,1.3 JTD - 70 hp
Fiat,Idea,2004 -> 2012,1.3 JTD - 90 hp
Fiat,Idea,2004 -> 2012,1.3 M-Jet - 95 hp
Fiat,Idea,2004 -> 2012,1.9 JTD - 100 hp
Fiat,Marea,1999 -> 2002,1.9 JTD - 105 hp
Fiat,Marea,1999 -> 2002,2.4 JTD - 124 hp
Fiat,Marea,1999 -> 2002,2.4 JTD - 130 hp
Fiat,Panda,... -> 2017,0.9 TwinAir - 85 hp
Fiat,Panda,... -> 2017,1.2 8V - 69 hp
Fiat,Panda,... -> 2017,1.3 JTD Mjet II - 75 hp
Fiat,Panda,... -> 2017,1.3 JTDm - 70 hp
Fiat,Panda,... -> 2017,1.3 MJT - 95 hp
Fiat,Panda,... -> 2017,1.3 MJT (4x4) - 80 hp
Fiat,Panda,2017 -> 2023,1.3 MultiJet - 95 hp
Fiat,Panda,2017 -> 2023,0.9 TwinAir Natural Power - 80 hp
Fiat,Punto,06/2003 -> 01/2006,1.2 8V - 69 hp
Fiat,Punto,06/2003 -> 01/2006,1.3 JTD 16V - 70 hp
Fiat,Punto,06/2003 -> 01/2006,1.9 JTD - 100 hp
Fiat,Punto,06/2003 -> 01/2006,1.9 JTD - 85 hp
Fiat,Punto EVO,2010 -> ...,1.2 8V - 69 hp
Fiat,Punto EVO,2010 -> ...,1.3 Mjet - 70 hp
Fiat,Punto EVO,2010 -> ...,1.3 Mjet - 85 hp
Fiat,Punto EVO,2010 -> ...,1.3 Mjet - 95 hp
Fiat,Punto EVO,2010 -> ...,1.3 Mjet - 75 hp
Fiat,Punto EVO,2010 -> ...,1.4 8V - 77 hp
Fiat,Punto EVO,2010 -> ...,1.4 Multiair - 135 hp
Fiat,Punto EVO,2010 -> ...,1.4 T Abarth - 165 hp
Fiat,Punto EVO,2010 -> ...,1.4 T Abarth EsseEsse - 180 hp
Fiat,Punto EVO,2010 -> ...,1.4 T Abarth Scorpione - 180 hp
Fiat,Punto EVO,2010 -> ...,1.4 T Abarth Supersport - 180 hp
Fiat,Punto EVO,2010 -> ...,1.6 Mjet - 120 hp
Fiat,Qubo,2008 -> 2016,1.3 MJet - 75 hp
Fiat,Qubo,2008 -> 2016,1.3 MJet - 95 hp
Fiat,Qubo,2016 -> ...,1.3 MJet - 80 hp
Fiat,Qubo,2016 -> ...,1.3 Mjet - 95 hp
Fiat,Scudo,2008 -> 2020,1.6 JTDM - 90 hp
Fiat,Scudo,2008 -> 2020,2.0 JTD - 80 hp
Fiat,Scudo,2008 -> 2020,2.0 JTDM - 120 hp
Fiat,Scudo,2008 -> 2020,2.0 JTDM - 136 hp
Fiat,Scudo,2008 -> 2020,2.0 JTDM - 163 hp
Fiat,Scudo,2008 -> 2020,2.0 JTDM (2011 > ...) - 128 hp
Fiat,Scudo,12/2021 -> 2024,1.5 BlueHDI - 120 hp
Fiat,Scudo,12/2021 -> 2024,1.5 BlueHDi - 102 hp
Fiat,Scudo,12/2021 -> 2024,2.0 BlueHDi - 145 hp
Fiat,Scudo,12/2021 -> 2024,2.0 BlueHDi - 180 hp
Fiat,Scudo,04/2024 -> ...,120 Multijet 3 - 120 hp
Fiat,Scudo,04/2024 -> ...,145 Multijet 3 - 145 hp
Fiat,Scudo,04/2024 -> ...,180 Multijet 3 - 177 hp
Fiat,Scudo,04/2024 -> ...,180 Multijet 3 - 180 hp
Fiat,Sedici,2006 -> 2015,1.9 JTD - 120 hp
Fiat,Sedici,2006 -> 2015,2.0 Mjet - 135 hp
Fiat,Sedici,2006 -> 2015,2.0 Mjet - 150 hp
Fiat,Stilo,11/2001 -> 07/2007,1.9 JTD Multijet - 100 hp
Fiat,Stilo,11/2001 -> 07/2007,1.9 JTD Multijet - 115 hp
Fiat,Stilo,11/2001 -> 07/2007,1.9 JTD Multijet - 120 hp
Fiat,Stilo,11/2001 -> 07/2007,1.9 JTD Multijet - 140 hp
Fiat,Stilo,11/2001 -> 07/2007,1.9 JTD Multijet - 150 hp
Fiat,Stilo,11/2001 -> 07/2007,1.9 JTD Multijet - 80 hp
Fiat,Strada,2006 -> ...,1.3 MJT - 85 hp
Fiat,Strada,2006 -> ...,1.3 MJT - 95 hp
Fiat,Strada,2006 -> ...,1.9 JTD - 80 hp
Fiat,Freemont,2012 -> ...,2.0 Mjet - 140 hp
Fiat,Freemont,2012 -> ...,2.0 Mjet - 170 hp
Fiat,Freemont,2012 -> ...,2.0 Mjet - 163 hp
Fiat,Freemont,2012 -> ...,2.0 Mjet - 136 hp
Fiat,Multipla,2002 -> 2010,1.9 JTD - 115 hp
Fiat,Multipla,2002 -> 2010,1.9 Multijet - 120 hp
Fiat,Viaggio,2014 -> ...,1.4 T-Jet - 120 hp
Fiat,Viaggio,2014 -> ...,1.4 T-Jet - 150 hp
Fiat,Ottimo,2014 -> ...,1.4 T-Jet - 120 hp
Fiat,Ottimo,2014 -> ...,1.4 T-Jet - 150 hp
Fiat,Linea,2007 -> ...,1.3 MJT - 90 hp
Fiat,500X,2014 -> 2018,1.3 Multijet - 95 hp
Fiat,500X,2014 -> 2018,1.4 Multiair - 140 hp
Fiat,500X,2014 -> 2018,1.4 Multiair - 170 hp
Fiat,500X,2014 -> 2018,1.6 MultiJet - 120 hp
Fiat,500X,2014 -> 2018,2.0 MultiJet - 140 hp
Fiat,500X,2018 -> ...,0.9 TwinAir - 85 hp
Fiat,500X,2018 -> ...,1.0 GSE T3 - 120 hp
Fiat,500X,2018 -> ...,1.3 GSE T4 - 150 hp
Fiat,500X,2018 -> ...,1.3 MJT - 95 hp
Fiat,500X,2018 -> ...,1.6 MJT - 120 hp
Fiat,500X,2018 -> ...,2.0 MJT - 150 hp
Fiat,500X,2014 -> 2018,1.4 Multiair - 120 hp
Fiat,500X,2014 -> 2018,1.6 E-torQ - 110 hp
Fiat,500X,2018 -> ...,1.0 GSE - 130 hp
Fiat,500X,2018 -> ...,1.3 GSE - 160 hp
Fiat,500X,2018 -> ...,1.5 T FireFly - 130 hp
Fiat,500X,2018 -> ...,1.6 Multijet - 130 hp
Fiat,500L,2012 -> 2017,0.9 TwinAir - 105 hp
Fiat,500L,2012 -> 2017,0.9 TwinAir - 85 hp
Fiat,500L,2012 -> 2017,1.3 MultiJet - 85 hp
Fiat,500L,2012 -> 2017,1.3 Multijet - 95 hp
Fiat,500L,2012 -> 2017,1.4 T-Jet - 120 hp
Fiat,500L,2012 -> 2017,1.4i 16v - 95 hp
Fiat,500L,2012 -> 2017,1.6 MultiJet - 105 hp
Fiat,500L,2012 -> 2017,1.6 MultiJet - 120 hp
Fiat,500L,2017 -> ...,1.3 Multijet - 95 hp
Fiat,500L,2017 -> ...,1.4i 16v - 95 hp
Fiat,500L,2017 -> ...,1.6 Multijet - 120 hp
Fiat,500L,2017 -> ...,0.9 TwinAir- 80 hp
Fiat,124 Spider,2016 -> ...,1.4 Multiair - 140 hp
Fiat,124 Spider,2016 -> ...,1.4 Multiair - 170 hp
Fiat,Tipo,2016 -> ...,1.3 MJT - 95 hp
Fiat,Tipo,2016 -> ...,1.4 T-Jet - 120 hp
Fiat,Tipo,2016 -> ...,1.6 MJT - 120 hp
Fiat,Tipo,2021 -> 2023,1.0T Firefly - 100 hp
Fiat,Tipo,2021 -> 2023,1.3 Multijet - 95 hp
Fiat,Tipo,2021 -> 2023,1.5 T FireFly - 130 hp
Fiat,Tipo,2021 -> 2023,1.6 Multijet - 130 hp
Fiat,Tipo,10/2024 -> ...,1.6 Multijet - 130 hp
Fiat,Talento,2016 -> 2020,1.6 Mjet - 95 hp
Fiat,Talento,2016 -> 2020,1.6 Mjet - 120 hp
Fiat,Talento,2016 -> 2020,1.6 Mjet TwinTurbo - 125 hp
Fiat,Talento,2016 -> 2020,1.6 Mjet TwinTurbo - 145 hp
Fiat,Talento,2020 -> 2024,1.6 EcoJet - 95 hp
Fiat,Talento,2020 -> 2024,2.0 EcoJet - 170 hp
Fiat,Talento,2020 -> 2024,2.0 EcoJet - 145 hp
Fiat,Talento,2020 -> 2024,2.0 EcoJet - 120 hp
Fiat,Fullback,2017 -> ...,2.4D - 154 hp
Fiat,Fullback,2017 -> ...,2.4D - 180 hp
Fiat,Toro,2017 -> ...,1.4 T-Jet - 150 hp
Fiat,Toro,2017 -> ...,2.0 Mjet - 170 hp
Fiat,Toro,2017 -> ...,1.3 GSE T4 - 150 hp
Fiat,600,2023 -> ...,1.2 PureTech Micro Hybrid - 100 hp
Fiat,Ulysse,12/2021 -> ...,2.0 BlueHDi - 180 hp
Fiat,Ulysse,12/2021 -> ...,2.0 BlueHDi - 120 hp
Fiat,Ulysse,12/2021 -> ...,2.0 BlueHDi - 145 hp
Ford,C-Max,... -> 2010,1.6 TDCi - 109 hp
Ford,C-Max,... -> 2010,1.6 TDCi - 90 hp
Ford,C-Max,... -> 2010,1.8 TDCi - 115 hp
Ford,C-Max,... -> 2010,2.0 TDCi - 110 hp
Ford,C-Max,... -> 2010,2.0 TDCi - 136 hp
Ford,C-Max,2011 -> 2015,1.0T Ecoboost - 125 hp
Ford,C-Max,2011 -> 2015,1.0T Ecoboost - 100 hp
Ford,C-Max,2011 -> 2015,1.6 TDCi - 115 hp
Ford,C-Max,2011 -> 2015,1.6 TDCi - 95 hp
Ford,C-Max,2011 -> 2015,1.6T Ecoboost - 150 hp
Ford,C-Max,2011 -> 2015,1.6T Ecoboost - 182 hp
Ford,C-Max,2011 -> 2015,2.0 TDCi - 115 hp
Ford,C-Max,2011 -> 2015,2.0 TDCi - 136 hp
Ford,C-Max,2011 -> 2015,2.0 TDCi - 163 hp
Ford,C-Max,2015 -> ...,1.0T Ecoboost - 100 hp
Ford,C-Max,2015 -> ...,1.0T Ecoboost - 125 hp
Ford,C-Max,2015 -> ...,1.5 Ecoboost - 150 hp
Ford,C-Max,2015 -> ...,1.5 TDCi - 95 hp
Ford,C-Max,2015 -> ...,1.5 TDCi - 105 hp
Ford,C-Max,2015 -> ...,1.5 TDCi - 120 hp
Ford,C-Max,2015 -> ...,2.0 TDCi - 150 hp
Ford,C-Max,2015 -> ...,2.0 TDCi - 170 hp
Ford,Fiesta,Mk5 - 2003 -> 2008,1.4 TDCi - 68 hp
Ford,Fiesta,Mk5 - 2003 -> 2008,1.6 TDCi 16V - 90 hp
Ford,Fiesta,Mk5 - 2003 -> 2008,2.0i ST - 150 hp
Ford,Fiesta,Mk6 - 2008 -> 2012,1.25i Duratec - 60 hp
Ford,Fiesta,Mk6 - 2008 -> 2012,1.25i Duratec - 82 hp
Ford,Fiesta,Mk6 - 2008 -> 2012,1.4 TDCI - 70 hp
Ford,Fiesta,Mk6 - 2008 -> 2012,1.4 TDCi - 68 hp
Ford,Fiesta,Mk6 - 2008 -> 2012,1.6 STCI - 180 hp
Ford,Fiesta,Mk6 - 2008 -> 2012,1.6 TDCI - 95 hp
Ford,Fiesta,Mk6 - 2008 -> 2012,1.6 TDCI - 90 hp
Ford,Fiesta,Mk6 - 2008 -> 2012,1.6 TI-VCT - 120 hp
Ford,Fiesta,Mk6 - 2008 -> 2012,1.6 TI-VCT - 134 hp
Ford,Fiesta,Mk6 - 2008 -> 2012,1.6 Ti-VCT - 105 hp
Ford,Fiesta,Mk7 - 2013 -> 2017,1.0T Ecoboost - 100 hp
Ford,Fiesta,Mk7 - 2013 -> 2017,1.0T Ecoboost - 125 hp
Ford,Fiesta,Mk7 - 2013 -> 2017,1.0T Ecoboost - 140 hp
Ford,Fiesta,Mk7 - 2013 -> 2017,1.0i Ecoboost - 80 hp
Ford,Fiesta,Mk7 - 2013 -> 2017,1.0i Ecoboost - 65 hp
Ford,Fiesta,Mk7 - 2013 -> 2017,1.25i Duratec - 60 hp
Ford,Fiesta,Mk7 - 2013 -> 2017,1.25i Duratec - 82 hp
Ford,Fiesta,Mk7 - 2013 -> 2017,1.5 TDCI - 75 hp
Ford,Fiesta,Mk7 - 2013 -> 2017,1.5 TDCI - 95 hp
Ford,Fiesta,Mk7 - 2013 -> 2017,1.6 TDCI - 95 hp
Ford,Fiesta,Mk7 - 2013 -> 2017,ST - 1.6T - 182 hp
Ford,Fiesta,Mk7 - 2013 -> 2017,ST - 1.6T - 200 hp
Ford,Fiesta,Mk8 / Active - 2017 -> ...,1.0T Ecoboost - 100 hp
Ford,Fiesta,Mk8 / Active - 2017 -> ...,1.0T Ecoboost - 125 hp
Ford,Fiesta,Mk8 / Active - 2017 -> ...,1.0T Ecoboost - 140 hp
Ford,Fiesta,Mk8 / Active - 2017 -> ...,1.5 TDCi - 85 hp
Ford,Fiesta,Mk8 / Active - 2017 -> ...,1.5 TDCi - 120 hp
Ford,Fiesta,Mk8 / Active - 2017 -> ...,ST - 1.5T Ecoboost - 200 hp
Ford,Fiesta,Mk8 / Active - 2017 -> ...,1.0T EcoBoost - 95 hp
Ford,Fiesta,Mk8 / Active - 2017 -> ...,1.0T Ecoboost - 85 hp
Ford,Fiesta,Mk8 / Active - 2017 -> ...,1.0T Ecoboost - 155 hp
Ford,Focus,2004 -> 2010,1.6 TDCi - 109 hp
Ford,Focus,2004 -> 2010,1.6 TDCi - 90 hp
Ford,Focus,2004 -> 2010,1.6 Ti-VCT - 105 hp
Ford,Focus,2004 -> 2010,1.6 Ti-VCT - 115 hp
Ford,Focus,2004 -> 2010,1.8 TDCi - 115 hp
Ford,Focus,2004 -> 2010,2.0 TDCi - 110 hp
Ford,Focus,2004 -> 2010,2.0 TDCi - 136 hp
Ford,Focus,2004 -> 2010,RS - 304 hp
Ford,Focus,2004 -> 2010,RS 500 - 350 hp
Ford,Focus,2004 -> 2010,ST - 225 hp
Ford,Focus,2011 -> 2014,1.0T Ecoboost - 100 hp
Ford,Focus,2011 -> 2014,1.0T Ecoboost - 125 hp
Ford,Focus,2011 -> 2014,1.5 TDCi - 95 hp
Ford,Focus,2011 -> 2014,1.5 TDCi - 120 hp
Ford,Focus,2011 -> 2014,1.5 TDCi - 105 hp
Ford,Focus,2011 -> 2014,1.6 TDCI - 105 hp
Ford,Focus,2011 -> 2014,1.6 TDCi - 95 hp
Ford,Focus,2011 -> 2014,1.6 TDCi - 115 hp
Ford,Focus,2011 -> 2014,1.6 Ti-VCT - 125 hp
Ford,Focus,2011 -> 2014,1.6 Ti-VCT - 105 hp
Ford,Focus,2011 -> 2014,1.6T Ecoboost - 150 hp
Ford,Focus,2011 -> 2014,1.6T Ecoboost - 182 hp
Ford,Focus,2011 -> 2014,2.0 TDCi - 163 hp
Ford,Focus,2011 -> 2014,2.0 TDCi - 140 hp
Ford,Focus,2011 -> 2014,2.0 TDCi - 115 hp
Ford,Focus,2011 -> 2014,2.0 TDCi - 136 hp
Ford,Focus,2011 -> 2014,ST - 2.0T Ecoboost - 250 hp
Ford,Focus,2015 -> 2018,1.0T Ecoboost - 100 hp
Ford,Focus,2015 -> 2018,1.0T Ecoboost - 125 hp
Ford,Focus,2015 -> 2018,1.0T Ecoboost - 140 hp
Ford,Focus,2015 -> 2018,1.5 TDCi - 95 hp
Ford,Focus,2015 -> 2018,1.5 TDCi - 105 hp
Ford,Focus,2015 -> 2018,1.5 TDCi - 120 hp
Ford,Focus,2015 -> 2018,1.5T Ecoboost - 150 hp
Ford,Focus,2015 -> 2018,1.5T Ecoboost - 182 hp
Ford,Focus,2015 -> 2018,1.6 TDCi - 115 hp
Ford,Focus,2015 -> 2018,1.6 TDCi - 95 hp
Ford,Focus,2015 -> 2018,1.6 Ti-VCT - 105 hp
Ford,Focus,2015 -> 2018,2.0 TDCi - 150 hp
Ford,Focus,2015 -> 2018,2.0 TDCi ST - 185 hp
Ford,Focus,2015 -> 2018,RS - 2.3T Ecoboost - 350 hp
Ford,Focus,2015 -> 2018,ST - 2.0T Ecoboost - 250 hp
Ford,Focus,2018 -> ...,1.0T Ecoboost - 100 hp
Ford,Focus,2018 -> ...,1.0T Ecoboost - 125 hp
Ford,Focus,2018 -> ...,1.5 TDCI Ecoblue - 120 hp
Ford,Focus,2018 -> ...,1.5 TDCi Ecoblue - 95 hp
Ford,Focus,2018 -> ...,1.5T Ecoboost - 150 hp
Ford,Focus,2018 -> ...,1.5T Ecoboost - 182 hp
Ford,Focus,2018 -> ...,2.0 Ecoblue - 150 hp
Ford,Focus,2018 -> ...,2.0 Ecoblue - 190 hp
Ford,Focus,2018 -> ...,ST - 2.3T Ecoboost - 280 hp
Ford,Fusion,2002 -> 2013,1.4 TDCi - 68 hp
Ford,Fusion,2002 -> 2013,1.6 TDCi - 90 hp
Ford,Galaxy,2006 -> 2015,1.6 TDCi - 115 hp
Ford,Galaxy,2006 -> 2015,1.6T Ecoboost - 160 hp
Ford,Galaxy,2006 -> 2015,1.8 TDCi - 100 hp
Ford,Galaxy,2006 -> 2015,1.8 TDCi - 125 hp
Ford,Galaxy,2006 -> 2015,2.0 TDCI - 130 hp
Ford,Galaxy,2006 -> 2015,2.0 TDCI Euro V > 2010 - 136 hp
Ford,Galaxy,2006 -> 2015,2.0 TDCI Euro V > 2010 - 140 hp
Ford,Galaxy,2006 -> 2015,2.0 TDCi - 115 hp
Ford,Galaxy,2006 -> 2015,2.0 TDCi - 136 hp
Ford,Galaxy,2006 -> 2015,2.0 TDCi - 140 hp
Ford,Galaxy,2006 -> 2015,2.0 TDCi - 163 hp
Ford,Galaxy,2006 -> 2015,2.0T ecoboost - 203 hp
Ford,Galaxy,2006 -> 2015,2.2 TDCI - 200 hp
Ford,Galaxy,2006 -> 2015,2.2 TDCi - 175 hp
Ford,Galaxy,2015 -> 2018,1.5 Ecoboost - 160 hp
Ford,Galaxy,2015 -> 2018,2.0 Ecoboost - 240 hp
Ford,Galaxy,2015 -> 2018,2.0 TDCI - 120 hp
Ford,Galaxy,2015 -> 2018,2.0 TDCI - 150 hp
Ford,Galaxy,2015 -> 2018,2.0 TDCI - 180 hp
Ford,Galaxy,2015 -> 2018,2.0 TDCI - 210 hp
Ford,Galaxy,2018 -> ...,1.5T Ecoboost - 165 hp
Ford,Galaxy,2018 -> ...,2.0 Ecoblue - 120 hp
Ford,Galaxy,2018 -> ...,2.0 Ecoblue - 190 hp
Ford,Galaxy,2018 -> ...,2.0 Ecoblue - 150 hp
Ford,Galaxy,2018 -> ...,2.0 Ecoblue - 240 hp
Ford,Galaxy,2018 -> ...,2.5 Duratec - 190 hp
Ford,Ka / Ka+,... -> 2016,1.3Tdci - 75 hp
Ford,Ka / Ka+,2016 -> ...,1.5 TDCi - 95 hp
Ford,Kuga/Escape,2008 -> 2012,2.0 TDCI - 140 hp
Ford,Kuga/Escape,2008 -> 2012,2.0 TDCi - 136 hp
Ford,Kuga/Escape,2008 -> 2012,2.0 TDCi - 163 hp
Ford,Kuga/Escape,2008 -> 2012,2.5 T - 200 hp
Ford,Kuga/Escape,09/2012 -> 2016,1.5T Ecoboost - 182 hp
Ford,Kuga/Escape,09/2012 -> 2016,1.5T Ecoboost - 150 hp
Ford,Kuga/Escape,09/2012 -> 2016,1.6 TDCI - 95 hp
Ford,Kuga/Escape,09/2012 -> 2016,1.6T Ecoboost - 150 hp
Ford,Kuga/Escape,09/2012 -> 2016,1.6T Ecoboost - 182 hp
Ford,Kuga/Escape,09/2012 -> 2016,2.0 TDCI - 163 hp
Ford,Kuga/Escape,09/2012 -> 2016,2.0 TDCI - 140 hp
Ford,Kuga/Escape,09/2012 -> 2016,2.0 TDCI - 120 hp
Ford,Kuga/Escape,09/2012 -> 2016,2.0 TDCI - 150 hp
Ford,Kuga/Escape,09/2012 -> 2016,2.0 TDCI - 180 hp
Ford,Kuga/Escape,09/2012 -> 2016,2.0 TDCI - 115 hp
Ford,Kuga/Escape,09/2012 -> 2016,2.0T Ecoboost - 240 hp
Ford,Kuga/Escape,2016 -> 2020,1.5 TDCi - 120 hp
Ford,Kuga/Escape,2016 -> 2020,1.5T EcoBoost - 120 hp
Ford,Kuga/Escape,2016 -> 2020,1.5T EcoBoost - 182 hp
Ford,Kuga/Escape,2016 -> 2020,1.5T Ecoboost - 150 hp
Ford,Kuga/Escape,2016 -> 2020,1.5T Flexfuel - 150 hp
Ford,Kuga/Escape,2016 -> 2020,2.0 TDCi - 150 hp
Ford,Kuga/Escape,2016 -> 2020,2.0 TDCi - 180 hp
Ford,Kuga/Escape,2016 -> 2020,2.0 TDCi - 120 hp
Ford,Kuga/Escape,2020 -> 2024,1.5 T Ecoboost - 120 hp
Ford,Kuga/Escape,2020 -> 2024,1.5 TDCI Ecoblue - 120 hp
Ford,Kuga/Escape,2020 -> 2024,1.5T Ecoboost - 150 hp
Ford,Kuga/Escape,2020 -> 2024,2.0 Ecoblue - 190 hp
Ford,Kuga/Escape,2020 -> 2024,2.0 Ecoblue - 150 hp
Ford,Kuga/Escape,2016 -> 2020,2.0T Ecoboost - 243 hp
Ford,Kuga/Escape,2020 -> 2024,2.0 Ecoblue Hybrid 03/2019> - 150 hp
Ford,Kuga/Escape,2020 -> 2024,2.5 Duratec - 225 hp
Ford,Kuga/Escape,2020 -> 2024,2.5 Duratec MAHEV - 190 hp
Ford,Mondeo,2000 -> 2006,2.0 TDCi - 115 hp
Ford,Mondeo,2000 -> 2006,2.0 TDCi - 130 hp
Ford,Mondeo,2000 -> 2006,2.0 TDDi - 115 hp
Ford,Mondeo,2000 -> 2006,2.0 TDDi - 90 hp
Ford,Mondeo,2000 -> 2006,2.2 TDCi - 155 hp
Ford,Mondeo,2000 -> 2006,3.0 V6 ST220 - 226 hp
Ford,Mondeo,2004 -> 2010,1.8 TDCi - 100 hp
Ford,Mondeo,2004 -> 2010,1.8 TDCi - 115 hp
Ford,Mondeo,2004 -> 2010,1.8 TDCi - 125 hp
Ford,Mondeo,2004 -> 2010,2.0 TDCi - 115 hp
Ford,Mondeo,2004 -> 2010,2.0 TDCi - 136 hp
Ford,Mondeo,2004 -> 2010,2.0 TDCi - 140 hp
Ford,Mondeo,2004 -> 2010,2.0 TDCi - 163 hp
Ford,Mondeo,2004 -> 2010,2.0 TDCi - 130 hp
Ford,Mondeo,2004 -> 2010,2.2 TDCi - 175 hp
Ford,Mondeo,2004 -> 2010,2.5T - 220 hp
Ford,Mondeo,2010 -> 2014,1.6 TDCi - 115 hp
Ford,Mondeo,2010 -> 2014,1.6T Ecoboost - 160 hp
Ford,Mondeo,2010 -> 2014,2.0 TDCi - 115 hp
Ford,Mondeo,2010 -> 2014,2.0 TDCi - 136 hp
Ford,Mondeo,2010 -> 2014,2.0 TDCi - 140 hp
Ford,Mondeo,2010 -> 2014,2.0 TDCi - 163 hp
Ford,Mondeo,2010 -> 2014,2.0T  Ecoboost - 240 hp
Ford,Mondeo,2010 -> 2014,2.0T Ecoboost - 203 hp
Ford,Mondeo,2010 -> 2014,2.2 TDCi - 200 hp
Ford,Mondeo,2015 -> 2019,1.0T Ecoboost - 125 hp
Ford,Mondeo,2015 -> 2019,1.5 TDCi - 120 hp
Ford,Mondeo,2015 -> 2019,1.5T Ecoboost - 160 hp
Ford,Mondeo,2015 -> 2019,2.0 TDCI - 150 hp
Ford,Mondeo,2015 -> 2019,2.0 TDCI - 180 hp
Ford,Mondeo,2015 -> 2019,2.0 TDCI - 115 hp
Ford,Mondeo,2015 -> 2019,2.0 TDCI - 120 hp
Ford,Mondeo,2015 -> 2019,2.0 TDCI - 210 hp
Ford,Mondeo,2015 -> 2019,2.0T Ecoboost - 240 hp
Ford,Mondeo,2019 -> ...,1.5T Ecoboost - 165 hp
Ford,Mondeo,2019 -> ...,2.0 Ecoblue - 190 hp
Ford,Mondeo,2019 -> ...,2.0 Ecoblue - 150 hp
Ford,Mondeo,2019 -> ...,2.0 Ecoblue - 120 hp
Ford,Mondeo,2019 -> ...,2.0 Hybrid - 187 hp
Ford,Ranger,... -> 2010,2.5 TDCi - 143 hp
Ford,Ranger,... -> 2010,3.0 TDCi - 156 hp
Ford,Ranger,2011 -> 2016,2.2 TDCi - 150 hp
Ford,Ranger,2011 -> 2016,3.2 TDCi - 200 hp
Ford,Ranger,2016 -> 2020,2.2 TDCi - 130 hp
Ford,Ranger,2016 -> 2020,2.2 TDCi - 160 hp
Ford,Ranger,2016 -> 2020,3.2 TDCi - 200 hp
Ford,Ranger,2020 -> 2023,2.0 EcoBlue - 170 hp
Ford,Ranger,2020 -> 2023,2.0 EcoBlue Bi-Turbo - 213 hp
Ford,Ranger,2024 -> ...,2.0 Ecoblue - 205 hp
Ford,Ranger,2024 -> ...,2.0 Ecoblue - 170 hp
Ford,Ranger,2024 -> ...,3.0D V6 - 240 hp
Ford,S-Max,2006 -> 2009,1.8 TDCi - 125 hp
Ford,S-Max,2006 -> 2009,2.0 TDCi - 130 hp
Ford,S-Max,2006 -> 2009,2.0 TDCi - 140 hp
Ford,S-Max,2006 -> 2009,2.0 TDCi - 136 hp
Ford,S-Max,2006 -> 2009,2.2 TDCi - 175 hp
Ford,S-Max,2006 -> 2009,2.5 20v Turbo - 220 hp
Ford,S-Max,2009 -> 2015,1.6 SCTi - 160 hp
Ford,S-Max,2009 -> 2015,1.6 TDCi - 115 hp
Ford,S-Max,2009 -> 2015,2.0 SCTi - 203 hp
Ford,S-Max,2009 -> 2015,2.0 SCTi - 240 hp
Ford,S-Max,2009 -> 2015,2.0 TDCi - 115 hp
Ford,S-Max,2009 -> 2015,2.0 TDCi - 140 hp
Ford,S-Max,2009 -> 2015,2.0 TDCi - 136 hp
Ford,S-Max,2009 -> 2015,2.0 TDCi - 163 hp
Ford,S-Max,2009 -> 2015,2.2 TDCi - 200 hp
Ford,S-Max,09/2015 -> 2018,1.5 EcoBoost - 160 hp
Ford,S-Max,09/2015 -> 2018,2.0 Ecoboost - 240 hp
Ford,S-Max,09/2015 -> 2018,2.0 TDCi - 120 hp
Ford,S-Max,09/2015 -> 2018,2.0 TDCi - 150 hp
Ford,S-Max,09/2015 -> 2018,2.0 TDCi - 180 hp
Ford,S-Max,09/2015 -> 2018,2.0 TDCi - 210 hp
Ford,S-Max,2018 -> ...,1.5T Ecoboost - 165 hp
Ford,S-Max,2018 -> ...,2.0 Ecoblue - 150 hp
Ford,S-Max,2018 -> ...,2.0 Ecoblue - 190 hp
Ford,S-Max,2018 -> ...,2.0 Ecoblue - 120 hp
Ford,S-Max,2018 -> ...,2.0 Ecoblue - 240 hp
Ford,S-Max,2018 -> ...,2.5 Duratec - 190 hp
Ford,Tourneo,All,1.0T EcoBoost - 100 hp
Ford,Tourneo,All,1.8 TDCi - 110 hp
Ford,Tourneo,All,1.8 TDCi - 75 hp
Ford,Tourneo,All,1.8 TDCi - 90 hp
Ford,Transit / Transit Custom,2006 -> 2013,2.2 TDCi - 115 hp
Ford,Transit / Transit Custom,2006 -> 2013,2.2 TDCi - 140 hp
Ford,Transit / Transit Custom,2006 -> 2013,2.2 TDCi - 85 hp
Ford,Transit / Transit Custom,2006 -> 2013,2.2 TDCi - 130 hp
Ford,Transit / Transit Custom,2006 -> 2013,2.4 TDCi - 100 hp
Ford,Transit / Transit Custom,2006 -> 2013,2.4 TDCi - 115 hp
Ford,Transit / Transit Custom,2006 -> 2013,2.4 TDCi - 140 hp
Ford,Transit / Transit Custom,2006 -> 2013,3.2 TDCi - 200 hp
Ford,Transit / Transit Custom,2013 -> 2016,2.2 TDCi - 100 hp
Ford,Transit / Transit Custom,2013 -> 2016,2.2 TDCi - 125 hp
Ford,Transit / Transit Custom,2013 -> 2016,2.2 TDCi - 85 hp
Ford,Transit / Transit Custom,2013 -> 2016,2.2 TDCi - 115 hp
Ford,Transit / Transit Custom,2013 -> 2016,2.2 TDCi - 140 hp
Ford,Transit / Transit Custom,2013 -> 2016,2.2 TDCi - 155 hp
Ford,Transit / Transit Custom,2013 -> 2016,2.4 TDCi - 100 hp
Ford,Transit / Transit Custom,2013 -> 2016,2.4 TDCi - 115 hp
Ford,Transit / Transit Custom,2013 -> 2016,2.4 TDCi - 140 hp
Ford,Transit / Transit Custom,(7th gen) - 2017 -> ...,2.0 EcoBlue - 185 hp
Ford,Transit / Transit Custom,(7th gen) - 2017 -> ...,2.0 TDCi EcoBlue - 105 hp
Ford,Transit / Transit Custom,(7th gen) - 2017 -> ...,2.0 TDCi EcoBlue - 130 hp
Ford,Transit / Transit Custom,(7th gen) - 2017 -> ...,2.0 TDCi EcoBlue - 170 hp
Ford,Transit / Transit Custom,2019 -> 2023,2.0 EcoBlue - 185 hp
Ford,Transit / Transit Custom,2019 -> 2023,2.0 Ecoblue - 105 hp
Ford,Transit / Transit Custom,2019 -> 2023,2.0 Ecoblue - 130 hp
Ford,Transit / Transit Custom,2019 -> 2023,2.0 Ecoblue - 170 hp
Ford,Transit / Transit Custom,2006 -> 2013,2.2 TDCI - 101 hp
Ford,Transit / Transit Custom,2019 -> 2023,1.0T EcoBoost - 100 hp
Ford,B-Max,2011 -> ...,1.0T Ecoboost - 120 hp
Ford,B-Max,2011 -> ...,1.0T Ecoboost - 100 hp
Ford,B-Max,2011 -> ...,1.0T Ecoboost - 125 hp
Ford,B-Max,2011 -> ...,1.5 TDCI - 75 hp
Ford,B-Max,2011 -> ...,1.5 TDCi - 95 hp
Ford,B-Max,2011 -> ...,1.6 TDCI - 95 hp
Ford,B-Max,2011 -> ...,1.6 Ti-VCT - 105 hp
Ford,F350,2008 -> ...,6.4 V8 - 350 hp
Ford,F350,2008 -> ...,2.8D - 150 hp
Ford,EcoSport,2014 -> 2017,1.0T Ecoboost - 125 hp
Ford,EcoSport,2014 -> 2017,1.0T Ecoboost - 140 hp
Ford,EcoSport,2014 -> 2017,1.5 TDCi - 90 hp
Ford,EcoSport,2014 -> 2017,1.5 TDCi - 110 hp
Ford,EcoSport,2018 -> ...,1.0T Ecoboost - 140 hp
Ford,EcoSport,2018 -> ...,1.0T Ecoboost - 125 hp
Ford,EcoSport,2018 -> ...,1.0T Ecoboost - 100 hp
Ford,EcoSport,2018 -> ...,1.5 Ecoblue - 125 hp
Ford,EcoSport,2018 -> ...,1.5 Ecoblue - 100 hp
Ford,EcoSport,2014 -> 2017,1.5 TDCi - 95 hp
Ford,Transit Connect,2002 -> 2012,1.8 TDCi - 75 hp
Ford,Transit Connect,2002 -> 2012,1.8 TDCi - 90 hp
Ford,Transit Connect,2013 -> 2016,1.0T Ecoboost - 100 hp
Ford,Transit Connect,2013 -> 2016,1.5 TDCi - 75 hp
Ford,Transit Connect,2013 -> 2016,1.6 TDCi - 75 hp
Ford,Transit Connect,2013 -> 2016,1.6 TDCi - 95 hp
Ford,Transit Connect,2013 -> 2016,1.6 TDCi - 115 hp
Ford,Transit Connect,2013 -> 2016,1.6T Ecoboost - 150 hp
Ford,Transit Connect,(3th gen) - 2016 -> ...,1.0T Ecoboost - 100 hp
Ford,Transit Connect,(3th gen) - 2016 -> ...,1.5 TDCi - 75 hp
Ford,Transit Connect,(3th gen) - 2016 -> ...,1.5 TDCi - 100 hp
Ford,Transit Connect,(3th gen) - 2016 -> ...,1.5 TDCi - 120 hp
Ford,Transit Connect,(3th gen) - 2016 -> ...,1.5 TDCi Ecoblue (2019 -> ...) - 120 hp
Ford,Transit Connect,(3th gen) - 2016 -> ...,1.5 TDCi Ecoblue (2019 -> ...) - 100 hp
Ford,Transit Connect,(3th gen) - 2016 -> ...,1.5 TDCi Ecoblue (2019 -> ...) - 75 hp
Ford,Edge,2011 -> 2018,2.0 TDCi - 210 hp
Ford,Edge,2011 -> 2018,2.0 TDCi - 180 hp
Ford,Edge,2011 -> 2018,2.0T Ecoboost - 243 hp
Ford,Edge,2011 -> 2018,2.7T Ecoboost - 325 hp
Ford,Edge,2018 -> ...,2.0 Bi-TDCi - 238 hp
Ford,Edge,2018 -> ...,2.0 Ecoblue - 150 hp
Ford,Edge,2018 -> ...,2.0 Ecoblue - 190 hp
Ford,Edge,2018 -> ...,2.0T Ecoboost - 243 hp
Ford,Mustang,... -> 2014,4.6 V8 GT - 300 hp
Ford,Mustang,... -> 2014,4.6 V8 GT - 319 hp
Ford,Mustang,... -> 2014,5.0 V8 GT - 412 hp
Ford,Mustang,... -> 2014,5.0 V8 GT - 420 hp
Ford,Mustang,... -> 2014,5.0 V8 GT - 444 hp
Ford,Mustang,... -> 2014,5.4 V8 GT500 - 507 hp
Ford,Mustang,2015 -> 2018,2.3 Ecoboost - 317 hp
Ford,Mustang,2015 -> 2018,5.0 V8 - 421 hp
Ford,Mustang,2015 -> 2018,5.0 V8 GT - 460 hp
Ford,Mustang,2018 -> 2023,2.3 Ecoboost - 290 hp
Ford,Mustang,2018 -> 2023,2.3 Ecoboost High Performance - 330 hp
Ford,Mustang,2018 -> 2023,5.0 V8 GT - 421 hp
Ford,Mustang,2018 -> 2023,5.0 V8 GT - 441 hp
Ford,Mustang,2018 -> 2023,5.0 V8 GT - 450 hp
Ford,Mustang,2018 -> 2023,5.0 V8 GT Bullitt - 460 hp
Ford,Mustang,2015 -> 2018,3.7 V6 - 304 hp
Ford,Mustang,2015 -> 2018,5.2 V8 Shelby GT500 - 533 hp
Ford,Mustang,2018 -> 2023,5.0 V8 - Mach 1 - 460 hp
Ford,Mustang,2024 -> ...,"5,0 V8 GT - 446 hp"
Ford,Mustang,2024 -> ...,5.2 V8T - 815 hp
Ford,Explorer,2011 -> 2019,2.0 T Ecoboost - 240 hp
Ford,Explorer,2011 -> 2019,3.5T V6 Ecoboost - 370 hp
Ford,Explorer,2020 -> 2023,3.0 V6 Ecoboost - 450 hp
Ford,Explorer,2011 -> 2019,2.3 T Ecoboost - 276 hp
Ford,Tourneo Custom / Connect,2014 -> 2018,1.5 TDCI - 95 hp
Ford,Tourneo Custom / Connect,2014 -> 2018,1.5 TDCi - 75 hp
Ford,Tourneo Custom / Connect,2014 -> 2018,1.5 TDCi - 100 hp
Ford,Tourneo Custom / Connect,2014 -> 2018,1.5 TDCi - 120 hp
Ford,Tourneo Custom / Connect,2014 -> 2018,1.6 TDCi - 115 hp
Ford,Tourneo Custom / Connect,2014 -> 2018,1.6 TDCi - 75 hp
Ford,Tourneo Custom / Connect,2014 -> 2018,1.6T Ecoboost - 150 hp
Ford,Tourneo Custom / Connect,2014 -> 2018,2.0 TDCi EcoBlue - 130 hp
Ford,Tourneo Custom / Connect,2014 -> 2018,2.0 TDCi EcoBlue - 105 hp
Ford,Tourneo Custom / Connect,2014 -> 2018,2.0 TDCi EcoBlue - 170 hp
Ford,Tourneo Custom / Connect,2014 -> 2018,2.2 TDCi - 100 hp
Ford,Tourneo Custom / Connect,2014 -> 2018,2.2 TDCi - 125 hp
Ford,Tourneo Custom / Connect,2014 -> 2018,2.2 TDCi - 155 hp
Ford,Tourneo Custom / Connect,2019 -> 2023,1.0T Ecoboost - 100 hp
Ford,Tourneo Custom / Connect,2019 -> 2023,1.5 Ecoblue - 120 hp
Ford,Tourneo Custom / Connect,2019 -> 2023,1.5 Ecoblue - 100 hp
Ford,Tourneo Custom / Connect,2019 -> 2023,1.5 Ecoblue - 75 hp
Ford,Tourneo Custom / Connect,2019 -> 2023,2.0 Ecoblue - 105 hp
Ford,Tourneo Custom / Connect,2019 -> 2023,2.0 Ecoblue - 170 hp
Ford,Tourneo Custom / Connect,2019 -> 2023,2.0 Ecoblue - 130 hp
Ford,Tourneo Custom / Connect,2014 -> 2018,1.6 TDCi - 95 hp
Ford,Tourneo Custom / Connect,2019 -> 2023,1.5T - 114 hp
Ford,Tourneo Custom / Connect,2019 -> 2023,2.0 Ecoblue - 122 hp
Ford,Tourneo Custom / Connect,2023 -> ...,2.0 Ecoblue - 150 hp
Ford,Tourneo Custom / Connect,2023 -> ...,2.0 Ecoblue - 170 hp
Ford,Tourneo Custom / Connect,2023 -> ...,2.5 Duratec - 232 hp
Ford,F150,2017 -> ...,3.0D V6 Powerstroke - 253 hp
Ford,F150,2017 -> ...,3.5T V6 Ecoboost - 370 hp
Ford,F150,2017 -> ...,3.5T V6 Raptor - 450 hp
Ford,F150,2017 -> ...,5.0 V8 - 395 hp
Ford,F250,... -> 2015,6.4 V8 - 350 hp
Ford,F250,... -> 2015,6.7 Scorpion - 395 hp
Ford,F250,... -> 2015,6.7 Scorpion - 400 hp
Ford,F250,2015 -> ...,6.7 Scorpion - 440 hp
Ford,GT,2016 -> ...,3.5 V6 Bi-turbo - 647 hp
Ford,F450,2008 -> ...,6.4 V8 - 350 hp
Ford,F550,2008 -> ...,6.4 V8 - 350 hp
Ford,Ranger Raptor,2019 -> ...,2.0 Bi-TDCI - 213 hp
Ford,Ranger Raptor,2019 -> ...,3.0T V6 Ecoboost - 292 hp
Ford,Puma,2019 -> 2024,1.0T Ecoboost - 155 hp
Ford,Puma,2019 -> 2024,1.0T Ecoboost - 125 hp
Ford,Puma,2019 -> 2024,1.5 TDCI Ecoblue - 120 hp
Ford,Puma,2019 -> 2024,ST - 1.5T Ecoboost - 200 hp
Ford,Puma,2019 -> 2024,1.0T Ecoboost - 170 hp
Ford,Puma,2019 -> 2024,1.0T Flexifuel - 125 hp
Ford,Puma,2019 -> 2024,1.0T Flexifuel Micro-Hybrid - 155 hp
Ford,Puma,2019 -> 2024,1.0T Flexifuel Micro-Hybrid - 125 hp
Ford,Puma,12/2024 -> ...,1.0T Ecoboost - 125 hp
Ford,Puma,12/2024 -> ...,1.0T Ecoboost - 155 hp
Ford,Puma,12/2024 -> ...,ST 1.0T Ecoboost - 170 hp
Ford,Bronco,2020 -> ...,2.3 Ecoboost - 274 hp
Ford,Bronco,2020 -> ...,2.7T Ecoboost - 330 hp
Ford,Bronco,2020 -> ...,3.5T Ecoboost - 380 hp
Ford,F4000,2012 -> ...,2.8D - 150 hp
Honda,Accord,2003 -> 2015,2.2 CTDi - 140 hp
Honda,Accord,2003 -> 2015,2.2 i-DTEC - 150 hp
Honda,Accord,2003 -> 2015,2.2 i-DTEC - 180 hp
Honda,Civic,7th - 2002 -> 2005,1.7 CTDI - 100 hp
Honda,Civic,8th - 2006 -> 2012,2.2 CTDi - 140 hp
Honda,Civic,8th - 2006 -> 2012,2.2 i-DTEC - 150 hp
Honda,Civic,8th - 2006 -> 2012,Type R - 2.0 i-VTEC - 201 hp
Honda,Civic,9th - 2013 -> 2016,1.6 i-DTEC - 120 hp
Honda,Civic,9th - 2013 -> 2016,2.0T Type R - 310 hp
Honda,Civic,9th - 2013 -> 2016,2.2 i-DTEC - 150 hp
Honda,Civic,10th - 2017 -> 2020,1.0T VTec - 129 hp
Honda,Civic,10th - 2017 -> 2020,1.5T VTec - 182 hp
Honda,Civic,10th - 2017 -> 2020,1.6 i-DTEC - 120 hp
Honda,Civic,10th - 2017 -> 2020,2.0T Type R - 320 hp
Honda,Civic,01/2020 -> ...,1.5T VTec - 182 hp
Honda,Civic,01/2020 -> ...,1.6 iDTEC - 120 hp
Honda,Civic,8th - 2006 -> 2012,1.8 V-Tec - 140 hp
Honda,Civic,9th - 2013 -> 2016,1.8 V-Tec - 140 hp
Honda,Civic,10th - mk2 - 01/2020 -> 10/2022,1.5T VTec - 182 hp
Honda,Civic,10th - mk2 - 01/2020 -> 10/2022,1.6 iDTEC - 120 hp
Honda,Civic,10th - mk2 - 01/2020 -> 10/2022,2.0T Type R (GPF) - 320 hp
Honda,Civic,11th - 11/2022 -> ...,2.0T Type R (GPF) 2023 - 329 hp
Honda,CR-V,Mk3 - 2007 -> 2012,2.2 CTDi - 140 hp
Honda,CR-V,Mk3 - 2007 -> 2012,2.2 i-DTEC - 150 hp
Honda,CR-V,Mk4 - 11/2012 -> 2019,1.6 iDTEC - 120 hp
Honda,CR-V,Mk4 - 11/2012 -> 2019,1.6 iDTEC - 160 hp
Honda,CR-V,Mk4 - 11/2012 -> 2019,2.2 iDTEC - 150 hp
Honda,CR-V,Mk4 - 11/2012 -> 2019,2.2 iDTEC - 180 hp
Honda,CR-V,Mk4 - 11/2012 -> 2019,1.5 VTec - 192 hp
Honda,CR-V,Mk5 - 2019 -> ...,1.5 VTec - 192 hp
Honda,CR-V,Mk5 - 2019 -> ...,1.5 VTec - 173 hp
Honda,FR-V,2004 -> 2010,2.2 CTDi - 140 hp
Honda,CR-Z,2010 -> 2015,1.5 i-VTEC - 124 hp
Honda,HR-V,2015 -> 2018,1.6 i-DTEC - 120 hp
Honda,HR-V,2018 -> ...,1.6 i-DTEC - 120 hp
Honda,HR-V,2015 -> 2018,1.5 T VTec - 182 hp
Honda,NSX,2017 -> ...,3.5 V6 Bi Turbo - 580 hp
Honda,Stepwgn,2015 -> ...,1.5T VTec - 150 hp
Honda,UR-V,2017 -> ...,2.0T - 272 hp
Honda,Jazz,2013 -> 2020,1.5D - 105 hp
Hyundai,Accent,2000 -> 2006,1.5 CRDI - 110 hp
Hyundai,Accent,2000 -> 2006,1.5 CRDI - 82 hp
Hyundai,Accent,2000 -> 2006,1.6 CRDi - 110 hp
Hyundai,Accent,2000 -> 2006,1.6 CRDi - 90 hp
Hyundai,Azera,2007 -> 2009,2.2CRDI vgt - 150 hp
Hyundai,Getz,2003 -> 2010,1.5 CRDI - 82 hp
Hyundai,Getz,2003 -> 2010,1.5 CRDI - 88 hp
Hyundai,Getz,2003 -> 2010,1.5 CRDI - 110 hp
Hyundai,Getz,2003 -> 2010,2.0 CRDI - 113 hp
Hyundai,Grandeur,All,2.5 CRDI - 150 hp
Hyundai,H serie,2007 -> ...,H200 2.5 CRDI - 140 hp
Hyundai,H serie,2007 -> ...,H200 2.5 CRDI - 136 hp
Hyundai,H serie,2007 -> ...,H300 2.5 CRDI - 170 hp
Hyundai,H serie,2007 -> ...,H300 2.5 CRDI - 163 hp
Hyundai,i 10,2008 -> 2016,1.1CRDI - 75 hp
Hyundai,i 10,05/2020 -> ...,1.0 T-GDI - 100 hp
Hyundai,i 20,... -> 2014,1.1 CRDI - 75 hp
Hyundai,i 20,... -> 2014,1.4 CRDI - 75 hp
Hyundai,i 20,... -> 2014,1.4 CRDI - 90 hp
Hyundai,i 20,... -> 2014,1.6 CRDI - 128 hp
Hyundai,i 20,2014 -> 2020,1.0 T-GDI - 120 hp
Hyundai,i 20,2014 -> 2020,1.0 T-GDI - 100 hp
Hyundai,i 20,2014 -> 2020,1.1 CRDI - 75 hp
Hyundai,i 20,2014 -> 2020,1.4 CRDI - 90 hp
Hyundai,i 20,2020 -> ...,1.0 T-GDI - 120 hp
Hyundai,i 20,2020 -> ...,1.0 T-GDI - 100 hp
Hyundai,i 20,2020 -> ...,1.6 T-GDI 'N' - 204 hp
Hyundai,i 30,2007 -> 2010,1.6CRDi - 115 hp
Hyundai,i 30,2007 -> 2010,1.6CRDi - 90 hp
Hyundai,i 30,2007 -> 2010,2.0CRDi vgt - 140 hp
Hyundai,i 30,2007 -> 2010,2.0CRDi vgt - 136 hp
Hyundai,i 30,2010 -> 2016,1.4 CRDI - 90 hp
Hyundai,i 30,2010 -> 2016,1.6 CRDI - 116 hp
Hyundai,i 30,2010 -> 2016,1.6 CRDi - 110 hp
Hyundai,i 30,2010 -> 2016,1.6 CRDi - 90 hp
Hyundai,i 30,2010 -> 2016,1.6 CRDi - 128 hp
Hyundai,i 30,2010 -> 2016,1.6T-GDI - 186 hp
Hyundai,i 30,2017 -> 2020,1.0 T-GDI - 120 hp
Hyundai,i 30,2017 -> 2020,1.4 T-GDI - 140 hp
Hyundai,i 30,2017 -> 2020,1.4 T-GDI (GPF) - 140 hp
Hyundai,i 30,2017 -> 2020,1.6 CRDi - 110 hp
Hyundai,i 30,2017 -> 2020,1.6 CRDi - 136 hp
Hyundai,i 30,2017 -> 2020,1.6 CRDi - 115 hp
Hyundai,i 30,2017 -> 2020,1.6 CRDi - 95 hp
Hyundai,i 30,2017 -> 2020,2.0 T 'N' - 250 hp
Hyundai,i 30,2017 -> 2020,2.0 T 'N' (GPF) - 250 hp
Hyundai,i 30,2017 -> 2020,2.0 T 'N' Performance - 275 hp
Hyundai,i 30,2017 -> 2020,2.0 T 'N' Performance (GPF) - 275 hp
Hyundai,i 30,2020 -> ...,1.0 T-GDI - 120 hp
Hyundai,i 30,2020 -> ...,1.5 T-GDI - 150 hp
Hyundai,i 30,2020 -> ...,1.6 CRDi - 115 hp
Hyundai,i 30,2020 -> ...,1.6 CRDi - 136 hp
Hyundai,i 30,2020 -> ...,1.0 T-GDI - 100 hp
Hyundai,i 30,2020 -> ...,1.5 T-GDI - 160 hp
Hyundai,i 30,2020 -> ...,2.0T 'N' - 280 hp
Hyundai,ix 20,2010 -> 2015,1.4 CRDI - 77 hp
Hyundai,ix 20,2010 -> 2015,1.4 CRDI - 90 hp
Hyundai,ix 20,2010 -> 2015,1.6 CRDI - 116 hp
Hyundai,ix 20,2015 -> ...,1.4 CRDI - 90 hp
Hyundai,ix 20,2015 -> ...,1.6 CRDI - 116 hp
Hyundai,ix 35,2010 -> ...,1.7 CRDI - 115 hp
Hyundai,ix 35,2010 -> ...,2.0 CRDI - 136 hp
Hyundai,ix 35,2010 -> ...,2.0 CRDI - 184 hp
Hyundai,ix 55,2009 -> ...,3.0 V6 CRDI - 240 hp
Hyundai,ix 55,2009 -> ...,3.0 V6 CRDI - 250 hp
Hyundai,Matrix,2001 -> 2009,1.5 CRDI - 102 hp
Hyundai,Matrix,2001 -> 2009,1.5 CRDI - 110 hp
Hyundai,Santa Fe,2001 -> 2006,2.0 CRDI - 112 hp
Hyundai,Santa Fe,2001 -> 2006,2.0 CRDI VGT - 125 hp
Hyundai,Santa Fe,2006 -> 2012,2.0 CRDI - 150 hp
Hyundai,Santa Fe,2006 -> 2012,2.2 CRDI - 197 hp
Hyundai,Santa Fe,2006 -> 2012,2.2 CRDI - 150 hp
Hyundai,Santa Fe,2006 -> 2012,2.2 CRDI VGT - 155 hp
Hyundai,Santa Fe,2013 -> 2015,2.0 CRDI - 150 hp
Hyundai,Santa Fe,2013 -> 2015,2.2 CRDI - 197 hp
Hyundai,Santa Fe,2015 -> 2019,2.2 CRDI - 200 hp
Hyundai,Santa Fe,2019 -> ...,2.0 CRDi - 185 hp
Hyundai,Santa Fe,2019 -> ...,1.6 T-GDI PHEV - 265 hp
Hyundai,Santa Fe,2019 -> ...,1.6 T-GDi - 230 hp
Hyundai,Santa Fe,2019 -> ...,2.2 CRDi - 200 hp
Hyundai,Sonata,2006 -> 2011,2.0CRDi vgt - 136 hp
Hyundai,Starex,... -> 2006,2.5 CRDI - 140 hp
Hyundai,Starex,2007 -> ...,2.5 CRDi - 170 hp
Hyundai,Terracan,2003 -> 2007,2.9 CRDI - 150 hp
Hyundai,Terracan,2003 -> 2007,2.9 CRDI - 163 hp
Hyundai,Trajet,2001 -> 2007,2.0 CRDI - 113 hp
Hyundai,Tucson,08/2004 -> 2015,2.0 CRDi - 112 hp
Hyundai,Tucson,08/2004 -> 2015,2.0 CRDi (... -> 2009) - 140 hp
Hyundai,Tucson,08/2004 -> 2015,2.0 CRDi (2009 -> ...) - 150 hp
Hyundai,Tucson,2015 -> 2018,1.6T-GDI - 177 hp
Hyundai,Tucson,2015 -> 2018,1.7 CRDi - 115 hp
Hyundai,Tucson,2015 -> 2018,1.7 CRDi - 141 hp
Hyundai,Tucson,2015 -> 2018,2.0 CRDi - 136 hp
Hyundai,Tucson,2015 -> 2018,2.0 CRDi - 184 hp
Hyundai,Tucson,09/2018 -> 2020,1.6 CRDi - 115 hp
Hyundai,Tucson,09/2018 -> 2020,1.6 CRDi - 136 hp
Hyundai,Tucson,09/2018 -> 2020,1.6 T-GDI - 177 hp
Hyundai,Tucson,09/2018 -> 2020,2.0 CRDi - 184 hp
Hyundai,Tucson,09/2018 -> 2020,1.6 T-GDI - 150 hp
Hyundai,Tucson,09/2018 -> 2020,1.6 T-GDI Hybrid - 230 hp
Hyundai,Tucson,09/2018 -> 2020,1.6 T-GDI PHEV - 265 hp
Hyundai,Tucson,2021 -> ...,1.6 CRDi - 136 hp
Hyundai,Tucson,2021 -> ...,1.6 CRDi - 115 hp
Hyundai,Tucson,2021 -> ...,1.6 T-GDI - 150 hp
Hyundai,Tucson,2021 -> ...,1.6 T-GDI Hybrid - 230 hp
Hyundai,Tucson,2021 -> ...,1.6 T-GDI PHEV - 265 hp
Hyundai,i 40,2011 -> ...,1.7 CRDI - 115 hp
Hyundai,i 40,2011 -> ...,1.7 CRDI - 136 hp
Hyundai,i 40,2011 -> ...,1.7 CRDI - 141 hp
Hyundai,Verna,2010 -> ...,1.5 CRDi - 110 hp
Hyundai,Genesis,2011 -> ...,2.0T - 209 hp
Hyundai,Genesis,2011 -> ...,2.0T - 275 hp
Hyundai,Genesis,2011 -> ...,3.3 V6 Bi-Turbo - 375 hp
Hyundai,Veloster,2011 -> ...,1.6 GDI - 140 hp
Hyundai,Veloster,2011 -> ...,1.6T-GDI - 186 hp
Hyundai,Veloster,2011 -> ...,1.6T-GDI - 204 hp
Hyundai,Veloster,2011 -> ...,2.0T - 275 hp
Hyundai,ix 45,10/2012 -> ...,2.0 CRDi - 150 hp
Hyundai,ix 45,10/2012 -> ...,2.2 CRDi - 200 hp
Hyundai,Elantra,2007 -> ...,1.6 MPI - 132 hp
Hyundai,Elantra,2017 -> 2023,1.6T-GDI - 201 hp
Hyundai,Avante Sport,2017 -> ...,1.6T-GDI - 201 hp
Hyundai,Kona,2017 -> 2023,1.0 T-GDI - 120 hp
Hyundai,Kona,2017 -> 2023,1.0 T-GDI (GPF) - 120 hp
Hyundai,Kona,2017 -> 2023,1.6 CRDi - 115 hp
Hyundai,Kona,2017 -> 2023,1.6 CRDi - 136 hp
Hyundai,Kona,2017 -> 2023,1.6 T-GDI - 177 hp
Hyundai,Kona,2017 -> 2023,1.6 T-GDI - 141 hp
Hyundai,Kona,2017 -> 2023,2.0T 'N' - 280 hp
Hyundai,Kona,08/2024 -> ...,1.0 T-GDI - 100 hp
Hyundai,Kona,08/2024 -> ...,1.6 T-GDI - 138 hp
Hyundai,Porter,2006 -> ...,2.5 CRDI - 140 hp
Hyundai,Bayon,2021 -> ...,1.0 T-GDI - 100 hp
Infiniti,EX,2008 -> ...,3.0d - 211 hp
Infiniti,EX,2008 -> ...,3.0d - 238 hp
Infiniti,FX,2008 -> ...,3.0d - 211 hp
Infiniti,FX,2008 -> ...,3.0d - 238 hp
Infiniti,FX,2008 -> ...,3.7 V6 - 320 hp
Infiniti,FX,2008 -> ...,3.7 V6 - 331 hp
Infiniti,G37/M37,All,3.0d - 211 hp
Infiniti,G37/M37,All,3.7 V6 - 320 hp
Infiniti,G37/M37,All,3.7 V6 - 331 hp
Infiniti,M,2010 -> ...,3.0d - 238 hp
Infiniti,QX70,2011 -> ...,3.0d - 238 hp
Infiniti,QX70,2011 -> ...,50S V8 - 390 hp
Infiniti,Q50,2013 -> ...,2.0T - 211 hp
Infiniti,Q50,2013 -> ...,2.2D - 170 hp
Infiniti,Q50,2013 -> ...,3.0T - 400 hp
Infiniti,Q70,2015 -> ...,2.2D - 170 hp
Infiniti,Q30,2015 -> ...,1.5 D - 109 hp
Infiniti,Q30,2015 -> ...,1.6 T - 122 hp
Infiniti,Q30,2015 -> ...,1.6 T - 156 hp
Infiniti,Q30,2015 -> ...,2.0 T - 211 hp
Infiniti,Q30,2015 -> ...,2.2 D - 170 hp
Infiniti,Q60,2016 -> ...,2.0 T - 211 hp
Infiniti,Q60,2016 -> ...,3.0 Bi-Turbo - 304 hp
Infiniti,Q60,2016 -> ...,3.0 Bi-Turbo - 405 hp
Infiniti,QX30,2016 -> ...,2.2D - 170 hp
Infiniti,QX60,2019 -> ...,3.5 V6 - 295 hp
Jaguar,XKR,All,4.2 V8 Supercharged - 416 hp
Jaguar,XKR,All,5.0 V8 Supercharged - 510 hp
Jaguar,XK coupé,All,5.0 V8 - 385 hp
Jaguar,XK coupé,All,5.0 V8 Supercharged - 510 hp
Jaguar,S-Type,All,2.7 TDV6 - 207 hp
Jaguar,X-Type,All,2.0 D - 130 hp
Jaguar,X-Type,All,2.2 D - 150 hp
Jaguar,XF,... -> 2015,2.2 D - 190 hp
Jaguar,XF,... -> 2015,2.2 D - 163 hp
Jaguar,XF,... -> 2015,2.2 D - 200 hp
Jaguar,XF,... -> 2015,2.7 TDV6 - 207 hp
Jaguar,XF,... -> 2015,3.0 V6 Supercharged - 340 hp
Jaguar,XF,... -> 2015,3.0d - 211 hp
Jaguar,XF,... -> 2015,3.0d - 240 hp
Jaguar,XF,... -> 2015,3.0d - 275 hp
Jaguar,XF,... -> 2015,4.2 V8 Supercharged - 416 hp
Jaguar,XF,... -> 2015,5.0 V8 - 385 hp
Jaguar,XF,... -> 2015,5.0 V8 Supercharged - 510 hp
Jaguar,XF,... -> 2015,5.0 V8 Supercharged - 470 hp
Jaguar,XF,2015 -> ...,2.0 D - 163 hp
Jaguar,XF,2015 -> ...,2.0 D - 180 hp
Jaguar,XF,2015 -> ...,2.0 D - 240 hp
Jaguar,XF,2015 -> ...,2.0 T - 240 hp
Jaguar,XF,2015 -> ...,2.0 T - 300 hp
Jaguar,XF,2015 -> ...,2.0 T - 250 hp
Jaguar,XF,2015 -> ...,3.0 D - 300 hp
Jaguar,XF,2015 -> ...,3.0 V6 Supercharged - 340 hp
Jaguar,XF,2015 -> ...,3.0 V6 Supercharged - 380 hp
Jaguar,XJ,... -> 2015,2.7 TDV6 - 207 hp
Jaguar,XJ,... -> 2015,3.0 V6 Supercharged - 340 hp
Jaguar,XJ,... -> 2015,3.0D - 275 hp
Jaguar,XJ,... -> 2015,4.2 V8 Supercharged - 400 hp
Jaguar,XJ,... -> 2015,5.0 V8 - 385 hp
Jaguar,XJ,... -> 2015,5.0 V8 Supercharged - 510 hp
Jaguar,XJ,2015 -> ...,2.0T 240 - 240 hp
Jaguar,XJ,2015 -> ...,3.0 V6 Supercharged - 340 hp
Jaguar,XJ,2015 -> ...,3.0D - 300 hp
Jaguar,XJ,2015 -> ...,5.0 V8 Supercharged - 550 hp
Jaguar,XJ,2015 -> ...,5.0 V8 Supercharged XJR - 575 hp
Jaguar,XKR-S,All,5.0 V8 Supercharged - 550 hp
Jaguar,F-Type / S / Project 7,2013 -> 2020,2.0 T - 300 hp
Jaguar,F-Type / S / Project 7,2013 -> 2020,3.0 V6 S Supercharged - 380 hp
Jaguar,F-Type / S / Project 7,2013 -> 2020,3.0 V6 Supercharged - 340 hp
Jaguar,F-Type / S / Project 7,2013 -> 2020,5.0 V8 Supercharged - 495 hp
Jaguar,F-Type / S / Project 7,2013 -> 2020,5.0 V8 Supercharged - 550 hp
Jaguar,F-Type / S / Project 7,2013 -> 2020,5.0 V8 Supercharged 'Project 7' - 575 hp
Jaguar,F-Type / S / Project 7,2020 -> ...,P300 - 2.0T - 300 hp
Jaguar,F-Type / S / Project 7,2020 -> ...,P450 - 5.0 V8 Supercharged - 450 hp
Jaguar,F-Type / S / Project 7,2020 -> ...,R - 5.0 V8 Supercharged - 575 hp
Jaguar,XE,2015 -> 2019,2.0 D - 180 hp
Jaguar,XE,2015 -> 2019,2.0 D - 163 hp
Jaguar,XE,2015 -> 2019,2.0 D - 240 hp
Jaguar,XE,2015 -> 2019,2.0T 200 - 200 hp
Jaguar,XE,2015 -> 2019,2.0T 240 - 240 hp
Jaguar,XE,2015 -> 2019,2.0T 250 - 250 hp
Jaguar,XE,2015 -> 2019,2.0T 300 - 300 hp
Jaguar,XE,2015 -> 2019,3.0 V6 Supercharged - 340 hp
Jaguar,XE,2015 -> 2019,3.0 V6 Supercharged - 380 hp
Jaguar,XE,2019 -> ...,D180 - 180 hp
Jaguar,XE,2019 -> ...,P250 - 250 hp
Jaguar,XE,2019 -> ...,P300 - 300 hp
Jaguar,XE,2019 -> ...,D200 - 204 hp
Jaguar,XE,2019 -> ...,P300 (2.0T) - 300 hp
Jaguar,F-Pace,2016 -> ...,2.0 D - 180 hp
Jaguar,F-Pace,2016 -> ...,2.0 D - 240 hp
Jaguar,F-Pace,2016 -> ...,2.0 D - 163 hp
Jaguar,F-Pace,2016 -> ...,2.0 T - 240 hp
Jaguar,F-Pace,2016 -> ...,2.0 T - 300 hp
Jaguar,F-Pace,2016 -> ...,2.0 T - 250 hp
Jaguar,F-Pace,2016 -> ...,3.0 D V6 - 300 hp
Jaguar,F-Pace,2016 -> ...,3.0 V6 Supercharged - 340 hp
Jaguar,F-Pace,2016 -> ...,3.0 V6 Supercharged - 380 hp
Jaguar,F-Pace,2016 -> ...,5.0 V8 Compresseur SVR - 550 hp
Jaguar,XFR-S,All,5.0 V8 Supercharged - 550 hp
Jaguar,E-Pace,2017 -> 2021,D150 - 150 hp
Jaguar,E-Pace,2017 -> 2021,D180 - 180 hp
Jaguar,E-Pace,2017 -> 2021,D240 - 240 hp
Jaguar,E-Pace,2017 -> 2021,P200 - 200 hp
Jaguar,E-Pace,2017 -> 2021,P250 - 250 hp
Jaguar,E-Pace,2017 -> 2021,P300 - 300 hp
Jaguar,E-Pace,2021 -> ...,D204 - 204 hp
Jaguar,E-Pace,2021 -> ...,P200 Hybride - 200 hp
Jaguar,E-Pace,2021 -> ...,P300e - (1.5T) HYBRID - 309 hp
Jeep,Wrangler,2007 -> 2010,2.8CRD - 177 hp
Jeep,Wrangler,2010 -> 2016,2.8 CRD - 200 hp
Jeep,Wrangler,2016 -> 2018,2.8 CRD - 200 hp
Jeep,Wrangler,2018 -> ...,2.0T - 272 hp
Jeep,Wrangler,2018 -> ...,2.2 Mjet - 200 hp
Jeep,Wrangler,2018 -> ...,2.8 CRD - 200 hp
Jeep,Wrangler,2007 -> 2010,3.8 V6 - 200 hp
Jeep,Wrangler,2010 -> 2016,3.6 V6 - 284 hp
Jeep,Wrangler,2010 -> 2016,3.8 V6 - 200 hp
Jeep,Wrangler,2018 -> ...,2.0T 4Xe - 380 hp
Jeep,Cherokee,2005 -> 2008,2.8 CRD - 158 hp
Jeep,Cherokee,2005 -> 2008,2.8 CRD - 163 hp
Jeep,Cherokee,2005 -> 2008,2.8 CRD - 177 hp
Jeep,Cherokee,2010 -> 2014,2.8 CRD - 200 hp
Jeep,Cherokee,2010 -> 2014,2.8 CRD - 177 hp
Jeep,Cherokee,06/2014 -> 2018,2.0 Mjet - 140 hp
Jeep,Cherokee,06/2014 -> 2018,2.0 Mjet - 170 hp
Jeep,Cherokee,06/2014 -> 2018,2.2 Mjet - 185 hp
Jeep,Cherokee,06/2014 -> 2018,2.2 Mjet - 200 hp
Jeep,Cherokee,09/2018 -> ...,2.0 T - 270 hp
Jeep,Cherokee,09/2018 -> ...,2.2 Mjet² - 150 hp
Jeep,Cherokee,09/2018 -> ...,2.2 Mjet² - 195 hp
Jeep,Commander,2006 -> ...,2.2crd - 136 hp
Jeep,Commander,2006 -> ...,3.0crd - 218 hp
Jeep,Commander,2006 -> ...,3.0crd - 211 hp
Jeep,Commander,2011 -> ...,2.2 CRDi - 136 hp
Jeep,Compass,... -> 2006,2.0 CRD - 140 hp
Jeep,Compass,2011 -> 2017,2.2 CRDi - 163 hp
Jeep,Compass,2011 -> 2017,2.2 CRDi - 136 hp
Jeep,Compass,2017 -> 2020,1.4 Multiair - 140 hp
Jeep,Compass,2017 -> 2020,1.4 Multiair - 170 hp
Jeep,Compass,2017 -> 2020,1.6 MultiJet - 120 hp
Jeep,Compass,2017 -> 2020,2.0 MultiJet - 140 hp
Jeep,Compass,2017 -> 2020,2.0 MultiJet - 170 hp
Jeep,Compass,2020 -> ...,1.4 Multiair - 140 hp
Jeep,Compass,2020 -> ...,1.4 Multiair - 170 hp
Jeep,Compass,2020 -> ...,4xe - 240 hp
Jeep,Compass,2006 -> 2011,2.0 CRD - 140 hp
Jeep,Compass,2020 -> ...,1.3 GSE T4 - 150 hp
Jeep,Compass,2020 -> ...,1.3 GSE T4 - 130 hp
Jeep,Compass,2020 -> ...,1.3 GSE T4 - 4xe - 240 hp
Jeep,Compass,2020 -> ...,1.3 GSE T4 - 4xe - 190 hp
Jeep,Compass,2020 -> ...,1.5 Turbo T4 - 130 hp
Jeep,Compass,2020 -> ...,1.6 Multijet - 130 hp
Jeep,Grand Cherokee,2005 -> 2011,3.0 CRD - 218 hp
Jeep,Grand Cherokee,2005 -> 2011,3.0 CRD - 211 hp
Jeep,Grand Cherokee,2011 -> 2022,2.0 Mjet - 140 hp
Jeep,Grand Cherokee,2011 -> 2022,2.0 Mjet - 170 hp
Jeep,Grand Cherokee,2011 -> 2022,3.0 CRD - 190 hp
Jeep,Grand Cherokee,2011 -> 2022,3.0 CRD - 241 hp
Jeep,Grand Cherokee,2011 -> 2022,3.0 CRD - 250 hp
Jeep,Grand Cherokee,2011 -> 2022,3.6 V6 VVT - 286 hp
Jeep,Grand Cherokee,2011 -> 2022,6.4 V8 SRT8 - 468 hp
Jeep,Grand Cherokee,2023 -> ...,2.0T 4Xe - 380 hp
Jeep,Patriot,2007 -> 2013,2.0 CRD - 136 hp
Jeep,Patriot,2007 -> 2013,2.0 CRD - 140 hp
Jeep,Patriot,2007 -> 2013,2.2 CRD - 163 hp
Jeep,Renegade,2014 -> 2018,1.4 Multiair - 136 hp
Jeep,Renegade,2014 -> 2018,1.4 Multiair - 170 hp
Jeep,Renegade,2014 -> 2018,1.6 JTDM - 120 hp
Jeep,Renegade,2014 -> 2018,1.6 JTDM - 95 hp
Jeep,Renegade,2014 -> 2018,1.6 JTDM - 115 hp
Jeep,Renegade,2014 -> 2018,2.0 JTDM - 120 hp
Jeep,Renegade,2014 -> 2018,2.0 JTDM - 140 hp
Jeep,Renegade,2014 -> 2018,2.0 JTDM - 170 hp
Jeep,Renegade,2018 -> ...,1.0 GSE T3 - 120 hp
Jeep,Renegade,2018 -> ...,1.3 GSE T4 - 150 hp
Jeep,Renegade,2018 -> ...,1.3 T - 180 hp
Jeep,Renegade,2018 -> ...,1.6 MJT - 120 hp
Jeep,Renegade,2018 -> ...,2.0 MJT - 140 hp
Jeep,Renegade,2018 -> ...,2.0 MJT - 170 hp
Jeep,Renegade,2018 -> ...,4xe - 240 hp
Jeep,Renegade,2014 -> 2018,1.6 E-torQ - 110 hp
Jeep,Renegade,2018 -> ...,1.3 GSE T4 - 4xe - 240 hp
Jeep,Renegade,2018 -> ...,1.3 GSE T4 - 4xe - 190 hp
Jeep,Renegade,2018 -> ...,1.5 Turbo T4 - 130 hp
Jeep,Renegade,2018 -> ...,1.6 MJT - 131 hp
Jeep,Avenger,2022 -> ...,1.2 PureTech (GPF) - 100 hp
Jeep,Gladiator,2021 -> ...,3.0 CRD - 264 hp
Kia,Carnival,2002 -> 2006,2.9 CDRi - 144 hp
Kia,Carnival,06/2006 -> 04/2007,2.9 CRDi vgt - 185 hp
Kia,Carnival,2008 -> 2011,2.9 CDRi - 185 hp
Kia,Carens,09/2002 -> 2011,2.0 CDRi - 115 hp
Kia,Carens,09/2002 -> 2011,2.0 CDRi - 140 hp
Kia,Carens,04/2013 -> 2016,1.7 CRDi - 115 hp
Kia,Carens,04/2013 -> 2016,1.7 CRDi - 136 hp
Kia,Carens,2016 -> ...,1.7 CRDI - 115 hp
Kia,Carens,2016 -> ...,1.7 CRDI - 141 hp
Kia,Cee'd,2007 -> 2010,1.6 CRDi - 115 hp
Kia,Cee'd,2007 -> 2010,1.6 CRDi - 90 hp
Kia,Cee'd,2007 -> 2010,2.0 CRDi - 136 hp
Kia,Cee'd,2007 -> 2010,2.0 CRDi - 140 hp
Kia,Cee'd,2010 -> 2015,1.4 CRDI - 90 hp
Kia,Cee'd,2010 -> 2015,1.4 CRDI - 100 hp
Kia,Cee'd,2010 -> 2015,1.6 CRDi - 115 hp
Kia,Cee'd,2010 -> 2015,1.6 CRDi - 128 hp
Kia,Cee'd,2010 -> 2015,1.6 CRDi - 90 hp
Kia,Cee'd,2010 -> 2015,1.6 CRDi - 110 hp
Kia,Cee'd,2010 -> 2015,1.6 GDi - 135 hp
Kia,Cee'd,2010 -> 2015,GT 1.6 T-GDI - 204 hp
Kia,Cee'd,2015 -> 2018,1.0 T-GDI - 120 hp
Kia,Cee'd,2015 -> 2018,1.4 CRDi - 90 hp
Kia,Cee'd,2015 -> 2018,1.6 CRDi - 110 hp
Kia,Cee'd,2015 -> 2018,1.6 CRDi - 136 hp
Kia,Cee'd,2015 -> 2018,GT 1.6 T-GDI - 204 hp
Kia,Cee'd,2018 -> ...,1.0 T-GDi - 120 hp
Kia,Cee'd,2018 -> ...,1.0 T-GDi - 100 hp
Kia,Cee'd,2018 -> ...,1.4 T-GDI - 140 hp
Kia,Cee'd,2018 -> ...,1.6 CRDi - 136 hp
Kia,Cee'd,2018 -> ...,1.6 CRDi - 115 hp
Kia,Cee'd,2018 -> ...,GT - 1.6 T-GDI - 204 hp
Kia,Cerato,06/2004 -> 11/2006,2.0 CDRi - 113 hp
Kia,Cerato,07/2005 -> 11/2005,1.5 CDRi - 105 hp
Kia,Magentis,2006 -> 2010,2.0 CRDi - 136 hp
Kia,Picanto,... -> 2017,1.1 CRDi - 75 hp
Kia,Picanto,07/2017 -> ...,1.0 T-GDI - 100 hp
Kia,Rio,07/2005 -> 04/2007,1.5 CDRi - 110 hp
Kia,Rio,07/2005 -> 04/2007,1.5 CDRi - 88 hp
Kia,Rio,2011 -> 2015,1.1 CRDI - 75 hp
Kia,Rio,2011 -> 2015,1.4 CRDI - 90 hp
Kia,Rio,2015 -> 2016,1.1 CRDI - 75 hp
Kia,Rio,2015 -> 2016,1.4 CRDI - 90 hp
Kia,Rio,2017 -> 2020,1.0 T-GDI - 100 hp
Kia,Rio,2017 -> 2020,1.0 T-GDI - 120 hp
Kia,Rio,2017 -> 2020,1.4 CRDI - 70 hp
Kia,Rio,2017 -> 2020,1.4 CRDI - 90 hp
Kia,Rio,2020 -> ...,1.0 T-GDI - 100 hp
Kia,Rio,2020 -> ...,1.0 T-GDI - 120 hp
Kia,Sorento,07/2002 -> 01/2005,2.5 CDRi - 140 hp
Kia,Sorento,2006 -> 2010,2.5 CDRi - 163 hp
Kia,Sorento,2006 -> 2010,2.5 CDRi vgt - 170 hp
Kia,Sorento,2010 -> 2015,2.0 CRDi - 150 hp
Kia,Sorento,2010 -> 2015,2.2 CRDi - 197 hp
Kia,Sorento,2015 -> 2020,2.2 CRDi - 200 hp
Kia,Sorento,2020 -> 2023,1.6 T-GDI - 230 hp
Kia,Sorento,2020 -> 2023,1.6 T-GDI PHEV - 265 hp
Kia,Sorento,2020 -> 2023,2.2 CRDI - 202 hp
Kia,Soul,2008 -> 2014,1.6 CDRi - 115 hp
Kia,Soul,2008 -> 2014,1.6 CDRi - 128 hp
Kia,Soul,04/2014 -> 2016,1.6 CRDI - 128 hp
Kia,Soul,2016 -> ...,1.6 CRDi - 136 hp
Kia,Soul,2016 -> ...,1.6 T-GDI - 204 hp
Kia,Sportage,11/2004 -> 09/2007,2.0 CRDi - 112 hp
Kia,Sportage,11/2004 -> 09/2007,2.0 CRDi vgt - 140 hp
Kia,Sportage,2007 -> 2010,2.0 CRDi vgt - 150 hp
Kia,Sportage,2007 -> 2010,2.0 CRDi vgt - 140 hp
Kia,Sportage,2010 -> 2016,1.7 CRDi - 115 hp
Kia,Sportage,2010 -> 2016,2.0 CRDI - 184 hp
Kia,Sportage,2010 -> 2016,2.0 CRDi - 136 hp
Kia,Sportage,2016 -> 2018,1.6T-GDI - 177 hp
Kia,Sportage,2016 -> 2018,1.7 CRDi - 115 hp
Kia,Sportage,2016 -> 2018,1.7 CRDi - 141 hp
Kia,Sportage,2016 -> 2018,2.0 CRDi - 136 hp
Kia,Sportage,2016 -> 2018,2.0 CRDi - 184 hp
Kia,Sportage,2018 -> 2024,1.6 CRDi - 136 hp
Kia,Sportage,2018 -> 2024,1.6 CRDi - 115 hp
Kia,Sportage,2018 -> 2024,2.0 CRDi - 185 hp
Kia,Sportage,2016 -> 2018,1.6 GDI - 132 hp
Kia,Sportage,2018 -> 2024,1.6 GDI - 132 hp
Kia,Sportage,2018 -> 2024,1.6 T-GDI HEV - 230 hp
Kia,Sportage,2018 -> 2024,1.6 T-GDI Hybrid - 150 hp
Kia,Sportage,2018 -> 2024,1.6 T-GDI PHEV - 265 hp
Kia,Sportage,2018 -> 2024,2.0 CRDi Ecodynamics+ - 185 hp
Kia,Sportage,01/2024 -> ...,"1,6 CRDI MHEV - 136 hp"
Kia,Sportage,01/2024 -> ...,"1,6 T-GDI MHEV - 160 hp"
Kia,Sportage,01/2024 -> ...,"1,6 T-GDI PHEV - 215 hp"
Kia,Sportage,01/2024 -> ...,"1,6 T-GDI PHEV - 252 hp"
Kia,Venga,2009 -> ...,1.4 CRDI - 90 hp
Kia,Venga,2009 -> ...,1.4 CRDi - 77 hp
Kia,Venga,2009 -> ...,1.6 CDRi - 115 hp
Kia,Optima,2011 -> 2016,1.7 CRDI - 136 hp
Kia,Optima,2016 -> 2020,1.6 CRDi - 136 hp
Kia,Optima,2016 -> 2020,1.6 T-GDi - 180 hp
Kia,Optima,2016 -> 2020,1.7 CRDi - 141 hp
Kia,Optima,2016 -> 2020,2.0 T-GDI - 255 hp
Kia,Optima,2020 -> ...,1.6T - 178 hp
Kia,Optima,2020 -> ...,2.0 PHEV - 192 hp
Kia,Optima,2020 -> ...,2.0T - 245 hp
Kia,Optima,2016 -> 2020,2.0 T-GDI - 245 hp
Kia,Stinger,2017 -> ...,2.0 T-GDI - 255 hp
Kia,Stinger,2017 -> ...,2.2 CRDi - 200 hp
Kia,Stinger,2017 -> ...,3.3 V6 Bi-Turbo - 366 hp
Kia,Stinger,2017 -> ...,2.0 T-GDI - 245 hp
Kia,Stonic,2017 -> 2020,1.0 T-GDI - 120 hp
Kia,Stonic,2017 -> 2020,1.0 T-GDI - 100 hp
Kia,Stonic,2017 -> 2020,1.6 CRDI - 115 hp
Kia,Stonic,2017 -> 2020,1.6 CRDI - 110 hp
Kia,Stonic,2020 -> ...,1.0 T-GDI - 100 hp
Kia,Stonic,2020 -> ...,1.0 T-GDI - 120 hp
Kia,X-Ceed,2019 -> ...,1.0 T-GDI (GPF) - 120 hp
Kia,X-Ceed,2019 -> ...,1.4 T-GDI - 140 hp
Kia,X-Ceed,2019 -> ...,1.6 CRDi - 115 hp
Kia,X-Ceed,2019 -> ...,1.6 CRDi - 136 hp
Kia,X-Ceed,2019 -> ...,1.6 T-GDI - 204 hp
Kia,X-Ceed,2019 -> ...,1.5 T-GDI - 160 hp
Kia,X-Ceed,2019 -> ...,1.5 T-GDI - 140 hp
Kia,Forte,2019 -> ...,1.6 T-GDI - 201 hp
Kia,Forte,2019 -> ...,2.0 - 147 hp
Kia,Niro,2017 -> 2021,1.6 GDI - 141 hp
Kia,Niro,2017 -> 2021,1.6 GDI Hybrid - 141 hp
Kia,Niro,2017 -> 2021,1.6 GDI Hybride - 205 hp
Kia,Niro,2021 -> ...,1.6 GDI Hybrid - 141 hp
Kia,Niro,2021 -> ...,1.6 GDI Hybride - 183 hp
KTM,X-Bow,2008 -> ...,2.0TFSI - 240 hp
KTM,X-Bow,2012 -> ...,X-Bow R - 300 hp
KTM,X-Bow,2014 -> ...,X-Bow GT - 285 hp
KTM,X-Bow,2014 -> ...,X-Bow R - 300 hp
Lamborghini,Gallardo,All,COUPE - 500 hp
Lamborghini,Gallardo,All,LP 520 - 520 hp
Lamborghini,Gallardo,All,LP 530-4 SUPERLEGGERA - 530 hp
Lamborghini,Gallardo,All,LP 550-2 - 550 hp
Lamborghini,Gallardo,All,LP 550-2 BICOLORE - 550 hp
Lamborghini,Gallardo,All,LP 550-2 SPYDER - 550 hp
Lamborghini,Gallardo,All,LP 550-2 TRICOLORE - 550 hp
Lamborghini,Gallardo,All,LP 560-4 - 560 hp
Lamborghini,Gallardo,All,LP 560-4 SPYDER - 560 hp
Lamborghini,Gallardo,All,LP 570-4 SPYDER PERFORMANTE - 570 hp
Lamborghini,Gallardo,All,LP 570-4 SUPER TROFEO STRADALE - 570 hp
Lamborghini,Gallardo,All,LP 570-4 SUPERLEGGERA - 570 hp
Lamborghini,Gallardo,All,SESTO ELEMENTO - 570 hp
Lamborghini,Gallardo,All,SPYDER - 520 hp
Lamborghini,Gallardo,All,SUPERLEGGERA - 530 hp
Lamborghini,Murcielago,All,6.2 V12 - 579 hp
Lamborghini,Murcielago,All,LP640 - 6.5 V12 - 641 hp
Lamborghini,Aventador,All,LP-700 (6.5 V12) - 700 hp
Lamborghini,Aventador,All,LP-740-S (6.5 V12) - 740 hp
Lamborghini,Aventador,All,LP-750-SV (6.5 V12) - 750 hp
Lamborghini,Aventador,All,LP-757-SVJ (6.5 V12) - 770 hp
Lamborghini,Aventador,All,LP-800-SVR (6.5 V12) - 800 hp
Lamborghini,Aventador,All,LP780-4 Ultimae - 780 hp
Lamborghini,Huracan,2014 -> ...,LP 580-2 - 580 hp
Lamborghini,Huracan,2014 -> ...,LP 610-4 - 610 hp
Lamborghini,Huracan,2014 -> ...,LP 640-4 Performante - 640 hp
Lamborghini,Huracan,2014 -> ...,STO 5.2 V10 - 640 hp
Lamborghini,Urus,2018 -> 2023,4.0 V8 Bi-Turbo - 650 hp
Lamborghini,Urus,2024 -> ...,4.0 TFSI PHEV - 880 hp
Lamborghini,Sian,2020 -> ...,FKP37 (6.5 V12) - 785 hp
Lancia,Delta,2008 -> ...,1.4 Multiair - 140 hp
Lancia,Delta,2008 -> ...,1.4 Tjet - 120 hp
Lancia,Delta,2008 -> ...,1.4 Tjet - 155 hp
Lancia,Delta,2008 -> ...,1.6 Jtdm - 115 hp
Lancia,Delta,2008 -> ...,1.6 Jtdm - 120 hp
Lancia,Delta,2008 -> ...,1.6 Jtdm - 105 hp
Lancia,Delta,2008 -> ...,1.8 Di-Tjet - 200 hp
Lancia,Delta,2008 -> ...,1.9 Jtdm Twin Turbo - 190 hp
Lancia,Delta,2008 -> ...,2.0 Jtdm - 165 hp
Lancia,Lybra,2000 -> 2005,1.9 JTD - 105 hp
Lancia,Lybra,2000 -> 2005,1.9 JTD - 109 hp
Lancia,Lybra,2000 -> 2005,1.9 JTD - 115 hp
Lancia,Lybra,2000 -> 2005,2.4 JTD - 136 hp
Lancia,Lybra,2000 -> 2005,2.4 JTD - 140 hp
Lancia,Lybra,2000 -> 2005,2.4 JTD - 150 hp
Lancia,Musa,11/2004 -> ...,1.3 Multijet 16V - 70 hp
Lancia,Musa,11/2004 -> ...,1.3 Multijet 16V - 90 hp
Lancia,Musa,11/2004 -> ...,1.3 Multijet 16V - 95 hp
Lancia,Musa,11/2004 -> ...,1.9 Multijet 16V - 100 hp
Lancia,Phedra,09/2002 -> ...,2.0Jtd 16V - 109 hp
Lancia,Phedra,09/2002 -> ...,2.0Jtd 16V - 120 hp
Lancia,Phedra,09/2002 -> ...,2.0Jtd 16V - 136 hp
Lancia,Phedra,09/2002 -> ...,2.2Jtd 16v - 128 hp
Lancia,Phedra,09/2002 -> ...,2.2Jtd 16v - 163 hp
Lancia,Phedra,09/2002 -> ...,2.2Jtd 16v - 170 hp
Lancia,Thesis,09/2002 -> ...,2.4Jtd 10V - 150 hp
Lancia,Thesis,09/2002 -> ...,2.4Jtd Multijet - 175 hp
Lancia,Ypsilon,11/2004 -> 2011,1.3 Multijet 16V - 105 hp
Lancia,Ypsilon,11/2004 -> 2011,1.3 Multijet 16V - 70 hp
Lancia,Ypsilon,11/2004 -> 2011,1.3 Multijet 16V - 90 hp
Lancia,Ypsilon,2011 -> 2015,0.9 TwinAir - 85 hp
Lancia,Ypsilon,2011 -> 2015,1.2 8V - 69 hp
Lancia,Ypsilon,2011 -> 2015,1.3 M-jet - 95 hp
Lancia,Ypsilon,2016 -> 2023,0.9 TwinAir - 85 hp
Lancia,Ypsilon,2016 -> 2023,1.3 MultiJet - 95 hp
Lancia,Ypsilon,2016 -> 2023,1.0 Flyrefly - 69 hp
Lancia,Thema,2011 -> ...,3.0 MJet - 190 hp
Lancia,Thema,2011 -> ...,3.0 MJet - 239 hp
Lancia,Voyager,2011 -> ...,2.8 CRD - 163 hp
Lancia,Voyager,2011 -> ...,2.8 Multijet - 178 hp
Landrover,Defender,2000 -> 2007,2.5 TD5 - 122 hp
Landrover,Defender,2007 -> 2011,2.4 TD4 - 122 hp
Landrover,Defender,2011 -> 2019,2.2 TD4 - 122 hp
Landrover,Defender,2011 -> 2019,5.0 V8 - 405 hp
Landrover,Defender,2019 -> 2023,2.0T - P400e - 404 hp
Landrover,Defender,2019 -> 2023,D200 - 200 hp
Landrover,Defender,2019 -> 2023,D240 - 240 hp
Landrover,Defender,2019 -> 2023,D300 - 300 hp
Landrover,Defender,2019 -> 2023,P300 - 300 hp
Landrover,Defender,2019 -> 2023,P400 - 400 hp
Landrover,Discovery,... -> 2016,2.5 TD5 - 138 hp
Landrover,Discovery,... -> 2016,2.7 TDV6 - 190 hp
Landrover,Discovery,... -> 2016,3.0 SDV6 - 255 hp
Landrover,Discovery,... -> 2016,3.0 TDV6 - 245 hp
Landrover,Discovery,... -> 2016,3.0 TDV6 - 211 hp
Landrover,Discovery,... -> 2016,TD5 AUT - 139 hp
Landrover,Discovery,2017 -> 2021,2.0 SD4 - 240 hp
Landrover,Discovery,2017 -> 2021,2.0 Si4 - 300 hp
Landrover,Discovery,2017 -> 2021,2.0 TD4 - 180 hp
Landrover,Discovery,2017 -> 2021,3.0 SD6 - 306 hp
Landrover,Discovery,2017 -> 2021,3.0 TD6 - 258 hp
Landrover,Discovery,03/2021 -> ...,D250 (3.0D) - 249 hp
Landrover,Discovery,03/2021 -> ...,D300 (3.0D) - 300 hp
Landrover,Discovery,03/2021 -> ...,P300 (2.0T) - 300 hp
Landrover,Discovery,03/2021 -> ...,P360 (3.0T) - 360 hp
Landrover,Freelander,10/2003 -> 01/2007,2.0 TD4 - 112 hp
Landrover,Freelander,2007 -> 2010,2.2 TD4 - 150 hp
Landrover,Freelander,2007 -> 2010,2.2 TD4 - 160 hp
Landrover,Freelander,2010 -> ...,2.2 TD4 - 150 hp
Landrover,Freelander,2010 -> ...,2.2 TD4 - 190 hp
Landrover,Range Rover,L322 - 2002 -> 2012,2.5 TD - 136 hp
Landrover,Range Rover,L322 - 2002 -> 2012,2.7 TDV6 - 190 hp
Landrover,Range Rover,L322 - 2002 -> 2012,3.0 TD6 - 177 hp
Landrover,Range Rover,L322 - 2002 -> 2012,3.0 TDV6 - 245 hp
Landrover,Range Rover,L322 - 2002 -> 2012,3.0 TDV6 - 211 hp
Landrover,Range Rover,L322 - 2002 -> 2012,3.6 TDV8 - 272 hp
Landrover,Range Rover,L322 - 2002 -> 2012,4.2 V8 Supercharged - 396 hp
Landrover,Range Rover,L322 - 2002 -> 2012,4.4 TDV8 - 313 hp
Landrover,Range Rover,L405 mk1 - 2012 -> 10/2013,3.0 SDV6 - 256 hp
Landrover,Range Rover,L405 mk1 - 2012 -> 10/2013,3.0 TDV6 - 256 hp
Landrover,Range Rover,L405 mk1 - 2012 -> 10/2013,4.4 TDV8 - 338 hp
Landrover,Range Rover,L405 mk1 - 2012 -> 10/2013,5.0 V8 Supercharged - 510 hp
Landrover,Range Rover,L405 mk2 - 11/2013 -> 2018,3.0 SDV6 - 255 hp
Landrover,Range Rover,L405 mk2 - 11/2013 -> 2018,3.0 SDV6 - 292 hp
Landrover,Range Rover,L405 mk2 - 11/2013 -> 2018,3.0 SDV6 - 306 hp
Landrover,Range Rover,L405 mk2 - 11/2013 -> 2018,3.0 TDV6 - 211 hp
Landrover,Range Rover,L405 mk2 - 11/2013 -> 2018,3.0 TDV6 - 258 hp
Landrover,Range Rover,L405 mk2 - 11/2013 -> 2018,3.0 V6 Supercharged - 340 hp
Landrover,Range Rover,L405 mk2 - 11/2013 -> 2018,4.4 SDV8 - 339 hp
Landrover,Range Rover,L405 mk2 - 11/2013 -> 2018,5.0 V8 Supercharged - 510 hp
Landrover,Range Rover,L405 mk2 - 11/2013 -> 2018,5.0 V8 Supercharged SVR - 550 hp
Landrover,Range Rover,2018 -> ...,2.0 SD4 - 240 hp
Landrover,Range Rover,2018 -> ...,2.0 Si4 - 300 hp
Landrover,Range Rover,2018 -> ...,2.0 TD4 - 180 hp
Landrover,Range Rover,2018 -> ...,2.0T - P400e - 404 hp
Landrover,Range Rover,2018 -> ...,3.0 SDV6 - 275 hp
Landrover,Range Rover,2018 -> ...,3.0 SDV6 - 249 hp
Landrover,Range Rover,2018 -> ...,3.0 SDV6 - 306 hp
Landrover,Range Rover,2018 -> ...,3.0 TDV6 - 258 hp
Landrover,Range Rover,2018 -> ...,3.0 V6 Supercharged - 340 hp
Landrover,Range Rover,2018 -> ...,3.0T HST - 400 hp
Landrover,Range Rover,2018 -> ...,4.4 SDV8 - 339 hp
Landrover,Range Rover,2018 -> ...,5.0 V8 Supercharged - 525 hp
Landrover,Range Rover,2018 -> ...,5.0 V8 Supercharged SVR - 575 hp
Landrover,Range Rover,L460 - 2021 -> 2022,2.0T - P400e - 404 hp
Landrover,Range Rover,L460 - 2021 -> 2022,3.0D - 300 hp
Landrover,Range Rover,L460 - 2021 -> 2022,3.0D - 350 hp
Landrover,Range Rover,L460 - 2021 -> 2022,3.0D - 249 hp
Landrover,Range Rover,L460 - 2021 -> 2022,5.0 V8 Supercharged - 525 hp
Landrover,Range Rover,L460 - 2021 -> 2022,5.0 V8 Supercharged - 575 hp
Landrover,Range Rover,L460 - 2021 -> 2022,P300 - 2.0T - 300 hp
Landrover,Range Rover,L460 - 2021 -> 2022,P400 - 3.0T - 400 hp
Landrover,Range Rover,L461 - 2023 -> ...,D250 - 249 hp
Landrover,Range Rover,L461 - 2023 -> ...,D350 - 350 hp
Landrover,Range Rover,L461 - 2023 -> ...,P460e PHEV - 460 hp
Landrover,Range Rover,L461 - 2023 -> ...,P510e PHEV - 400 hp
Landrover,Range Rover,L461 - 2023 -> ...,P530 - 530 hp
Landrover,Range Rover,L461 - 2023 -> ...,P550e PHEV - 550 hp
Landrover,Range Rover,L461 - 2023 -> ...,P635 - 635 hp
Landrover,Evoque,2011 -> 2015,2.0 Si4 - 240 hp
Landrover,Evoque,2011 -> 2015,2.2 ED4 - 150 hp
Landrover,Evoque,2011 -> 2015,2.2 SD4 - 190 hp
Landrover,Evoque,2011 -> 2015,2.2 TD4 - 150 hp
Landrover,Evoque,08/2015 -> 2019,2.0 ED4 - 150 hp
Landrover,Evoque,08/2015 -> 2019,2.0 Si4 - 240 hp
Landrover,Evoque,08/2015 -> 2019,2.0 TD4 - 180 hp
Landrover,Evoque,08/2015 -> 2019,2.0 TD4 - 150 hp
Landrover,Evoque,2019 -> ...,D150 - 150 hp
Landrover,Evoque,2019 -> ...,D180 - 180 hp
Landrover,Evoque,2019 -> ...,D240 - 240 hp
Landrover,Evoque,2019 -> ...,P200 - 200 hp
Landrover,Evoque,2019 -> ...,P250 - 250 hp
Landrover,Evoque,2019 -> ...,P300 - 300 hp
Landrover,Evoque,2019 -> ...,P300e - 309 hp
Landrover,Evoque,L538 mk1 - 2011 -> 2015,2.0 Si4 - 240 hp
Landrover,Evoque,L538 mk1 - 2011 -> 2015,2.2 ED4 - 150 hp
Landrover,Evoque,L538 mk1 - 2011 -> 2015,2.2 SD4 - 190 hp
Landrover,Evoque,L538 mk1 - 2011 -> 2015,2.2 TD4 - 150 hp
Landrover,Evoque,L538 mk2 - 08/2015 -> 2019,2.0 ED4 - 150 hp
Landrover,Evoque,L538 mk2 - 08/2015 -> 2019,2.0 Si4 - 240 hp
Landrover,Evoque,L538 mk2 - 08/2015 -> 2019,2.0 TD4 - 180 hp
Landrover,Evoque,L538 mk2 - 08/2015 -> 2019,2.0 TD4 - 150 hp
Landrover,Discovery Sport,2015 -> 2019,2.0 SD4 - 240 hp
Landrover,Discovery Sport,2015 -> 2019,2.0 SI4 - 240 hp
Landrover,Discovery Sport,2015 -> 2019,2.0 Si4 - 290 hp
Landrover,Discovery Sport,2015 -> 2019,2.0 TD4 - 180 hp
Landrover,Discovery Sport,2015 -> 2019,2.0 TD4/ED4 - 150 hp
Landrover,Discovery Sport,2015 -> 2019,2.2 SD4 - 190 hp
Landrover,Discovery Sport,2015 -> 2019,2.2 TD4 - 150 hp
Landrover,Discovery Sport,2019 -> ...,D150 - 150 hp
Landrover,Discovery Sport,2019 -> ...,D180 - 180 hp
Landrover,Discovery Sport,2019 -> ...,D240 - 240 hp
Landrover,Discovery Sport,2019 -> ...,P200 - 200 hp
Landrover,Discovery Sport,2019 -> ...,P250 - 250 hp
Landrover,Velar,2017 -> 2021,2.0 SD4 - 240 hp
Landrover,Velar,2017 -> 2021,2.0 Si4 - 250 hp
Landrover,Velar,2017 -> 2021,2.0 Si4 - 300 hp
Landrover,Velar,2017 -> 2021,2.0 TD4 - 180 hp
Landrover,Velar,2017 -> 2021,3.0 SD6 - 300 hp
Landrover,Velar,2017 -> 2021,3.0 SD6 - 275 hp
Landrover,Velar,2017 -> 2021,3.0 Si6 - 380 hp
Landrover,Velar,2017 -> 2021,3.0 Si6 - 340 hp
Landrover,Velar,2017 -> 2021,SVR 5.0 V8 Supercharged - 550 hp
Landrover,Velar,2021 -> ...,D200 MHEV - 204 hp
Landrover,Velar,2021 -> ...,D300 MHEV - 300 hp
Landrover,Velar,2021 -> ...,P200 - 250 hp
Landrover,Velar,2021 -> ...,P300 MHEV - 400 hp
Landrover,Velar,2021 -> ...,P400e - 404 hp
Lotus,2-Eleven,All,2-Eleven - 192 hp
Lotus,2-Eleven,All,2-Eleven SC - 255 hp
Lotus,Elise,Mk2 - 2007 -> 2011,Elise R - 192 hp
Lotus,Elise,Mk2 - 2007 -> 2011,Elise S - 136 hp
Lotus,Elise,Mk2 - 2007 -> 2011,Elise SC - 220 hp
Lotus,Elise,Mk3 - 2011 -> 2021,Elise Cup - 246 hp
Lotus,Elise,Mk3 - 2011 -> 2021,Elise S / CR - 136 hp
Lotus,Elise,Mk3 - 2011 -> 2021,Elise S / CR / Cup / Cup R - 220 hp
Lotus,Elise,Mk3 - 2011 -> 2021,Elise 220 - 220 hp
Lotus,Elise,Mk3 - 2011 -> 2021,Elise 250 - 246 hp
Lotus,Europa,2006 -> 2010,Europa S - 200 hp
Lotus,Evora,2009 -> 2016,3.5 V6 - 280 hp
Lotus,Evora,2009 -> 2016,3.5 V6 S / SR - 351 hp
Lotus,Evora,2016 -> 2021,3.5 V6 - 400 hp
Lotus,Evora,2016 -> 2021,3.5 V6 S - 416 hp
Lotus,Evora,2016 -> 2021,3.5 V6 GT - 436 hp
Lotus,Exige,Mk2 - 2005 -> 2016,Exige 1.8 - 192 hp
Lotus,Exige,Mk2 - 2005 -> 2016,Exige Cup 1.8 Comp - 260 hp
Lotus,Exige,Mk2 - 2005 -> 2016,Exige S 1.8 Comp - 221 hp
Lotus,Exige,Mk2 - 2005 -> 2016,Exige S 3.5 V6 - 350 hp
Lotus,Exige,Mk3 - 2016 -> ...,Exige 3.5 V6 - 350 hp
Lotus,Exige,Mk3 - 2016 -> ...,Exige Sport 3.5 V6 - 380 hp
Lotus,Emira,2021 -> ...,2.0 T AMG - 360 hp
Lotus,Emira,2021 -> ...,3.5 V6 - 400 hp
Maserati,3200 GT,All,3.2 V8 - 370 hp
Maserati,4200 GT / Coupé,2003 -> 2007,4.2 V8 - 390 hp
Maserati,Granturismo,2008 -> 2022,4.2 V8 - 405 hp
Maserati,Granturismo,2008 -> 2022,4.7 V8 - 440 hp
Maserati,Granturismo,2008 -> 2022,4.7 V8 - 460 hp
Maserati,Granturismo,2008 -> 2022,4.7 V8 MC Stradale - 450 hp
Maserati,Granturismo,2023 -> ...,3.0 Modena - 490 hp
Maserati,Granturismo,2023 -> ...,3.0 Trofeo - 550 hp
Maserati,Granturismo,2023 -> ...,Folgore - 760 hp
Maserati,Quattroporte,11/2004 -> 2016,3.0 D - 275 hp
Maserati,Quattroporte,11/2004 -> 2016,3.0 V6 Bi-Turbo - 330 hp
Maserati,Quattroporte,11/2004 -> 2016,3.0 V6 S Bi-Turbo - 410 hp
Maserati,Quattroporte,11/2004 -> 2016,3.8 V8 Bi-Turbo GTS - 530 hp
Maserati,Quattroporte,11/2004 -> 2016,4.2 V8 - 400 hp
Maserati,Quattroporte,11/2004 -> 2016,4.7 V8 - 430 hp
Maserati,Quattroporte,11/2004 -> 2016,4.7 V8 - 440 hp
Maserati,Quattroporte,2017 -> ...,3.0 D - 275 hp
Maserati,Quattroporte,2017 -> ...,3.0 V6 S Bi-Turbo - 430 hp
Maserati,Quattroporte,2017 -> ...,3.0 V6 SQ4 Bi-Turbo - 410 hp
Maserati,Quattroporte,2017 -> ...,3.8 V8 GTS Bi-Turbo - 530 hp
Maserati,Gransport,2004 -> 2006,V8 - 400 hp
Maserati,Ghibli,2013 -> 2016,3.0 D - 275 hp
Maserati,Ghibli,2013 -> 2016,3.0 V6 Bi-Turbo - 330 hp
Maserati,Ghibli,2013 -> 2016,3.0 V6 S Bi-Turbo - 410 hp
Maserati,Ghibli,2017 -> ...,3.0 D - 275 hp
Maserati,Ghibli,2017 -> ...,3.0 V6 Bi-Turbo - 350 hp
Maserati,Ghibli,2017 -> ...,3.0 V6 S Bi-Turbo - 410 hp
Maserati,Ghibli,2017 -> ...,3.0 V6 S Q4 Bi-Turbo - 430 hp
Maserati,Ghibli,2017 -> ...,2.0T Hybrid - 330 hp
Maserati,Levante,2016 -> ...,3.0 D - 250 hp
Maserati,Levante,2016 -> ...,3.0 D - 275 hp
Maserati,Levante,2016 -> ...,3.0 V6 Bi-Turbo - 350 hp
Maserati,Levante,2016 -> ...,3.0 V6 S Bi-Turbo - 430 hp
Maserati,Levante,2016 -> ...,Trofeo / GTS 3.8 Bi-Turbo - 590 hp
Maserati,Levante,2016 -> ...,2.0T - 330 hp
Maserati,Levante,2016 -> ...,Trofeo / GTS 3.8 Bi-Turbo - 580 hp
Maserati,Grancabrio,2024 -> ...,3.0 V6 Bi-Turbo - 550 hp
Maserati,Grecale,2021 -> ...,2.0T - 300 hp
Maserati,Grecale,2021 -> ...,2.0T - 330 hp
Maserati,Grecale,2021 -> ...,3.0 V6 - 530 hp
Maserati,Grecale,2021 -> ...,3.0 V6 Bi-Turbo - 630 hp
Maserati,MC20,2021 -> ...,3.0 V6 Bi-Turbo - 630 hp
Mazda,BT-50,2006 -> 2011,2.5 MZR-CD - 143 hp
Mazda,CX-7,2007 -> 2013,2.2 CDVi - 173 hp
Mazda,CX-7,2007 -> 2013,2.2 CDVi - 163 hp
Mazda,CX-7,2007 -> 2013,2.3T - 260 hp
Mazda,Mazda 2,2007 -> 2014,1.4 CDVI - 68 hp
Mazda,Mazda 2,2007 -> 2014,1.6 MZ-CD - 90 hp
Mazda,Mazda 2,2007 -> 2014,1.6 MZ-CD - 95 hp
Mazda,Mazda 2,2014 -> 2017,1.3 Skyactiv-D - 84 hp
Mazda,Mazda 2,2014 -> 2017,1.5 Skyactiv-D - 105 hp
Mazda,Mazda 2,2014 -> 2017,1.5 Skyactiv-G - 115 hp
Mazda,Mazda 2,2014 -> 2017,1.5 Skyactiv-G - 75 hp
Mazda,Mazda 2,2014 -> 2017,1.5 Skyactiv-G - 90 hp
Mazda,Mazda 2,2018 -> ...,1.5 SkyActiv-G M Hybrid - 90 hp
Mazda,Mazda 2,2018 -> ...,1.5 SkyActiv-G M Hybrid - 75 hp
Mazda,Mazda 2,2018 -> ...,1.5 Skyactiv-G - 115 hp
Mazda,Mazda 2,2018 -> ...,1.5 Skyactiv-G - 90 hp
Mazda,Mazda 3,2003 -> 05/2009,1.6 MZ-CD - 110 hp
Mazda,Mazda 3,2003 -> 05/2009,1.6 MZ-CD - 90 hp
Mazda,Mazda 3,2003 -> 05/2009,2.0 MZR-CD - 143 hp
Mazda,Mazda 3,2003 -> 05/2009,2.2 MZR-CD - 185 hp
Mazda,Mazda 3,2003 -> 05/2009,2.3T MPS - 260 hp
Mazda,Mazda 3,05/2009 -> 2013,1.6 MZ-CD - 110 hp
Mazda,Mazda 3,05/2009 -> 2013,1.6 MZ-CD - 115 hp
Mazda,Mazda 3,05/2009 -> 2013,2.2 MZR-CD - 150 hp
Mazda,Mazda 3,05/2009 -> 2013,2.2 MZR-CD - 185 hp
Mazda,Mazda 3,05/2009 -> 2013,2.3T MPS - 260 hp
Mazda,Mazda 3,2013 -> 2016,1.5 Skyactiv-G - 100 hp
Mazda,Mazda 3,2013 -> 2016,2.0 Skyactiv-G - 120 hp
Mazda,Mazda 3,2013 -> 2016,2.0 Skyactiv-G - 165 hp
Mazda,Mazda 3,2013 -> 2016,2.2 Skyactiv-D - 150 hp
Mazda,Mazda 3,2016 -> 2019,1.5 Skyactiv-D - 105 hp
Mazda,Mazda 3,2016 -> 2019,1.5 Skyactiv-G - 100 hp
Mazda,Mazda 3,2016 -> 2019,2.0 Skyactiv-G - 120 hp
Mazda,Mazda 3,2016 -> 2019,2.0 Skyactiv-G - 165 hp
Mazda,Mazda 3,2016 -> 2019,2.2 Skyactiv-D - 150 hp
Mazda,Mazda 3,2019 -> 2024,1.8 Skyactiv-D - 116 hp
Mazda,Mazda 3,2019 -> 2024,2.0 Skyactiv-G - 122 hp
Mazda,Mazda 3,2019 -> 2024,2.0 Skyactiv-X - 180 hp
Mazda,Mazda 3,2019 -> 2024,2.0 Skyactiv-G M Hybrid - 122 hp
Mazda,Mazda 3,2019 -> 2024,2.0 e-Skyactiv - 150 hp
Mazda,Mazda 3,2019 -> 2024,2.0 e-Skyactiv X - 186 hp
Mazda,Mazda 3,04/2024 -> ...,2.5 e-Skyactiv G Mild Hybrid - 140 hp
Mazda,Mazda 5,2005 -> 2015,1.6 MZ-CD - 115 hp
Mazda,Mazda 5,2005 -> 2015,2.0 MZR-CD - 110 hp
Mazda,Mazda 5,2005 -> 2015,2.0 MZR-CD - 143 hp
Mazda,Mazda 6,2003 -> 2008,2.0 MZR-CD - 121 hp
Mazda,Mazda 6,2003 -> 2008,2.0 MZR-CD - 136 hp
Mazda,Mazda 6,2003 -> 2008,2.0 MZR-CD - 143 hp
Mazda,Mazda 6,2003 -> 2008,2.3T MPS - 260 hp
Mazda,Mazda 6,2008 -> 2012,2.0 MZR-CD - 143 hp
Mazda,Mazda 6,2008 -> 2012,2.2 MZR-CD - 129 hp
Mazda,Mazda 6,2008 -> 2012,2.2 MZR-CD - 163 hp
Mazda,Mazda 6,2008 -> 2012,2.2 MZR-CD - 180 hp
Mazda,Mazda 6,2008 -> 2012,2.2 MZR-CD - 185 hp
Mazda,Mazda 6,2008 -> 2012,2.3T MPS - 260 hp
Mazda,Mazda 6,2013 -> 2018,2.0 Skyactiv-G - 145 hp
Mazda,Mazda 6,2013 -> 2018,2.0 Skyactiv-G - 165 hp
Mazda,Mazda 6,2013 -> 2018,2.2 Skyactiv-D - 150 hp
Mazda,Mazda 6,2013 -> 2018,2.2 Skyactiv-D - 175 hp
Mazda,Mazda 6,2013 -> 2018,2.5 Skyactiv-G - 192 hp
Mazda,Mazda 6,2018 -> ...,2.0 Skyactiv-G - 165 hp
Mazda,Mazda 6,2018 -> ...,2.2 Skayctiv-D - 150 hp
Mazda,Mazda 6,2018 -> ...,2.2 Skyactiv-D - 184 hp
Mazda,Mazda 6,2018 -> ...,2.5 Skyactiv-G - 194 hp
Mazda,Mazda MPV,2000 -> 2005,2.0 MZR-CD - 136 hp
Mazda,MPS,All,2.3T MPS - 260 hp
Mazda,CX-5,2012 -> 2015,2.0 Skyactiv-G (2014 -> ...) - 165 hp
Mazda,CX-5,2012 -> 2015,2.2 Skyactiv-D - 150 hp
Mazda,CX-5,2012 -> 2015,2.2 Skyactiv-D - 175 hp
Mazda,CX-5,2015 -> 2017,2.0 Skyactiv-G - 165 hp
Mazda,CX-5,2015 -> 2017,2.2 Skyactiv-D - 150 hp
Mazda,CX-5,2015 -> 2017,2.2 Skyactiv-D - 175 hp
Mazda,CX-5,2015 -> 2017,2.5 Skyactiv-G - 192 hp
Mazda,CX-5,2017 -> ...,2.0 Skyactiv-G - 165 hp
Mazda,CX-5,2017 -> ...,2.2 Skyactiv-D - 150 hp
Mazda,CX-5,2017 -> ...,2.2 Skyactiv-D - 184 hp
Mazda,CX-5,2017 -> ...,2.5 Skyactiv-G - 194 hp
Mazda,RX8,All,1.3 - 192 hp
Mazda,RX8,All,1.3 - 231 hp
Mazda,CX-3,2015 -> 2018,1.5 Skyactiv-D - 105 hp
Mazda,CX-3,2015 -> 2018,2.0 Skyactiv-G - 120 hp
Mazda,CX-3,2015 -> 2018,2.0 Skyactiv-G - 150 hp
Mazda,CX-3,2018 -> ...,1.8 Skyactiv-D - 115 hp
Mazda,CX-3,2018 -> ...,2.0 Skyactiv-G Hybrid - 122 hp
Mazda,CX-3,2018 -> ...,2.0 Skyactiv-G - 150 hp
Mazda,CX-3,2018 -> ...,2.0 Skyactiv-G - 120 hp
Mazda,CX-3,2018 -> ...,2.0 skyactiv-G - 121 hp
Mazda,MX5,2006 -> 2015,1.8 MZR - 125 hp
Mazda,MX5,2006 -> 2015,2.0 MZR - 160 hp
Mazda,MX5,2016 -> ...,1.5 Skyactiv-G - 131 hp
Mazda,MX5,2016 -> ...,1.5 Skyactiv-G - 132 hp
Mazda,MX5,2016 -> ...,2.0 Skyactiv-G - 160 hp
Mazda,MX5,2016 -> ...,2.0 Skyactiv-G - 184 hp
Mazda,CX-30,2019 -> 2024,1.8 Skyactiv-D - 116 hp
Mazda,CX-30,2019 -> 2024,2.0 Skyactiv-G - 122 hp
Mazda,CX-30,2019 -> 2024,2.0 Skyactiv-X - 180 hp
Mazda,CX-60,2022 -> ...,2.5 e-Skyactiv PHEV 4*4 - 327 hp
Mazda,CX-60,2022 -> ...,3.3 e-skyactiv D - 200 hp
Mazda,CX-60,2022 -> ...,3.3 e-skyactiv D - 254 hp
Mazda,CX-80,2024 -> ...,2.5 Skyactive PHEV - 327 hp
Mazda,CX-80,2024 -> ...,3.3D e-Skyactive - 254 hp
Mercedes,A / A Berline,W169 - 07/2004 -> 2012,160 CDI - 82 hp
Mercedes,A / A Berline,W169 - 07/2004 -> 2012,180 CDI - 109 hp
Mercedes,A / A Berline,W169 - 07/2004 -> 2012,180 CDI (2009 < ...) - 109 hp
Mercedes,A / A Berline,W169 - 07/2004 -> 2012,200 CDI - 136 hp
Mercedes,A / A Berline,W169 - 07/2004 -> 2012,200 CDI - 140 hp
Mercedes,A / A Berline,W169 - 07/2004 -> 2012,200 Turbo - 193 hp
Mercedes,A / A Berline,W176 - 2012 -> 2015,160 CDI - 90 hp
Mercedes,A / A Berline,W176 - 2012 -> 2015,180 CDI (1500cc) - 109 hp
Mercedes,A / A Berline,W176 - 2012 -> 2015,180 CDI (1800cc) - 109 hp
Mercedes,A / A Berline,W176 - 2012 -> 2015,200 CDI (1800cc) - 136 hp
Mercedes,A / A Berline,W176 - 2012 -> 2015,200 CDI (2100cc) - 136 hp
Mercedes,A / A Berline,W176 - 2012 -> 2015,200 CDI 4Matic - 136 hp
Mercedes,A / A Berline,W176 - 2012 -> 2015,220 CDI - 170 hp
Mercedes,A / A Berline,W176 - 2012 -> 2015,220 CDI - 163 hp
Mercedes,A / A Berline,W176 - 2012 -> 2015,45 AMG - 360 hp
Mercedes,A / A Berline,W176 - 2012 -> 2015,A180 - 122 hp
Mercedes,A / A Berline,W176 - 2012 -> 2015,A200 - 156 hp
Mercedes,A / A Berline,W176 - 2012 -> 2015,A220 - 184 hp
Mercedes,A / A Berline,W176 - 2012 -> 2015,A250 - 211 hp
Mercedes,A / A Berline,W176 - 2015 -> 2018,160 - 102 hp
Mercedes,A / A Berline,W176 - 2015 -> 2018,160 CDI - 90 hp
Mercedes,A / A Berline,W176 - 2015 -> 2018,180 - 122 hp
Mercedes,A / A Berline,W176 - 2015 -> 2018,180 CDI - 109 hp
Mercedes,A / A Berline,W176 - 2015 -> 2018,200 - 156 hp
Mercedes,A / A Berline,W176 - 2015 -> 2018,200 CDI - 136 hp
Mercedes,A / A Berline,W176 - 2015 -> 2018,200 CDI 4Matic - 136 hp
Mercedes,A / A Berline,W176 - 2015 -> 2018,220 4 Matic - 184 hp
Mercedes,A / A Berline,W176 - 2015 -> 2018,220 CDI - 177 hp
Mercedes,A / A Berline,W176 - 2015 -> 2018,250 - 211 hp
Mercedes,A / A Berline,W176 - 2015 -> 2018,250 Sport - 218 hp
Mercedes,A / A Berline,W176 - 2015 -> 2018,45 AMG - 381 hp
Mercedes,A / A Berline,W177 - 05/2018 -> 10/2022,160 - 109 hp
Mercedes,A / A Berline,W177 - 05/2018 -> 10/2022,160D - 95 hp
Mercedes,A / A Berline,W177 - 05/2018 -> 10/2022,180 - 136 hp
Mercedes,A / A Berline,W177 - 05/2018 -> 10/2022,180D - 116 hp
Mercedes,A / A Berline,W177 - 05/2018 -> 10/2022,200 - 163 hp
Mercedes,A / A Berline,W177 - 05/2018 -> 10/2022,200D - 150 hp
Mercedes,A / A Berline,W177 - 05/2018 -> 10/2022,220 (2.0T) - 190 hp
Mercedes,A / A Berline,W177 - 05/2018 -> 10/2022,220D - 194 hp
Mercedes,A / A Berline,W177 - 05/2018 -> 10/2022,250 (2.0T) - 224 hp
Mercedes,A / A Berline,W177 - 05/2018 -> 10/2022,250e (1.3T) - 218 hp
Mercedes,A / A Berline,W177 - 05/2018 -> 10/2022,35 AMG - 306 hp
Mercedes,A / A Berline,W177 - 05/2018 -> 10/2022,45 AMG - 387 hp
Mercedes,A / A Berline,W177 - 05/2018 -> 10/2022,45 AMG-S - 421 hp
Mercedes,A / A Berline,W177 - 11/2022 -> ...,180 - 136 hp
Mercedes,A / A Berline,W177 - 11/2022 -> ...,180D - 116 hp
Mercedes,A / A Berline,W177 - 11/2022 -> ...,200 - 163 hp
Mercedes,A / A Berline,W177 - 11/2022 -> ...,200D - 150 hp
Mercedes,A / A Berline,W177 - 11/2022 -> ...,250e - 218 hp
Mercedes,A / A Berline,W177 - 11/2022 -> ...,35 AMG - 306 hp
Mercedes,A / A Berline,W177 - 11/2022 -> ...,45 AMG-S - 421 hp
Mercedes,B,W245 - 2005 -> 2011,180 CDI - 109 hp
Mercedes,B,W245 - 2005 -> 2011,200 CDI - 136 hp
Mercedes,B,W245 - 2005 -> 2011,200 CDI - 140 hp
Mercedes,B,W245 - 2005 -> 2011,200 Turbo - 193 hp
Mercedes,B,W245 - 2005 -> 2011,250 CDI - 204 hp
Mercedes,B,W246 - 2012 -> 2018,160 - 102 hp
Mercedes,B,W246 - 2012 -> 2018,160 CDI - 90 hp
Mercedes,B,W246 - 2012 -> 2018,180 - 122 hp
Mercedes,B,W246 - 2012 -> 2018,180 CDI (1500cc) - 109 hp
Mercedes,B,W246 - 2012 -> 2018,180 CDI (1800cc) - 109 hp
Mercedes,B,W246 - 2012 -> 2018,200 - 156 hp
Mercedes,B,W246 - 2012 -> 2018,200 CDI (1800cc) - 136 hp
Mercedes,B,W246 - 2012 -> 2018,200 CDI (2100cc) - 136 hp
Mercedes,B,W246 - 2012 -> 2018,200 CDI (2100cc) (08/2018 -> ...) - 136 hp
Mercedes,B,W246 - 2012 -> 2018,200 CDI 4Matic - 136 hp
Mercedes,B,W246 - 2012 -> 2018,220 - 184 hp
Mercedes,B,W246 - 2012 -> 2018,220 CDI - 170 hp
Mercedes,B,W246 - 2012 -> 2018,250 - 211 hp
Mercedes,B,W247 - 2018 -> 10/2022,180 - 136 hp
Mercedes,B,W247 - 2018 -> 10/2022,180D - 116 hp
Mercedes,B,W247 - 2018 -> 10/2022,200 - 163 hp
Mercedes,B,W247 - 2018 -> 10/2022,200D - 150 hp
Mercedes,B,W247 - 2018 -> 10/2022,220 (2.0T) - 190 hp
Mercedes,B,W247 - 2018 -> 10/2022,220D - 194 hp
Mercedes,B,W247 - 2018 -> 10/2022,250e (1.3T) - 218 hp
Mercedes,B,W247 - 11/2022 -> ...,180 - 136 hp
Mercedes,B,W247 - 11/2022 -> ...,180D - 116 hp
Mercedes,B,W247 - 11/2022 -> ...,200 - 163 hp
Mercedes,B,W247 - 11/2022 -> ...,200D - 150 hp
Mercedes,B,W247 - 11/2022 -> ...,250e - 218 hp
Mercedes,C,W203 - 2004 -> 2007,180 K - 143 hp
Mercedes,C,W203 - 2004 -> 2007,200 CDI - 122 hp
Mercedes,C,W203 - 2004 -> 2007,200 K - 163 hp
Mercedes,C,W203 - 2004 -> 2007,220 CDI - 136 hp
Mercedes,C,W203 - 2004 -> 2007,220 CDI - 150 hp
Mercedes,C,W203 - 2004 -> 2007,230 K - 192 hp
Mercedes,C,W203 - 2004 -> 2007,270 CDI - 170 hp
Mercedes,C,W203 - 2004 -> 2007,320 CDI - 211 hp
Mercedes,C,W203 - 2004 -> 2007,320 CDI - 224 hp
Mercedes,C,W203 - 2004 -> 2007,55 AMG - 367 hp
Mercedes,C,W204 - 2007 -> 2010,180 Kompressor (1.6) - 156 hp
Mercedes,C,W204 - 2007 -> 2010,180 Kompressor (1.8) - 156 hp
Mercedes,C,W204 - 2007 -> 2010,200 CDI - 136 hp
Mercedes,C,W204 - 2007 -> 2010,200 Kompressor (1.8) - 184 hp
Mercedes,C,W204 - 2007 -> 2010,220 CDI - 163 hp
Mercedes,C,W204 - 2007 -> 2010,220 CDI - 170 hp
Mercedes,C,W204 - 2007 -> 2010,250 CDI - 204 hp
Mercedes,C,W204 - 2007 -> 2010,280i - 231 hp
Mercedes,C,W204 - 2007 -> 2010,320 CDI - 211 hp
Mercedes,C,W204 - 2007 -> 2010,320 CDI - 224 hp
Mercedes,C,W204 - 2007 -> 2010,350 CDI - 231 hp
Mercedes,C,W204 - 2007 -> 2010,350 CGI - 292 hp
Mercedes,C,W204 - 2007 -> 2010,350i - 272 hp
Mercedes,C,W204 - 2007 -> 2010,63 AMG - 457 hp
Mercedes,C,W204 - 2007 -> 2010,63 AMG PPP - 487 hp
Mercedes,C,W204 - 2010 -> 2015,180 (1.6T) - 156 hp
Mercedes,C,W204 - 2010 -> 2015,180 (1.8T) - 156 hp
Mercedes,C,W204 - 2010 -> 2015,180 CDI - 120 hp
Mercedes,C,W204 - 2010 -> 2015,200 (1.8T) - 184 hp
Mercedes,C,W204 - 2010 -> 2015,200 CDI - 136 hp
Mercedes,C,W204 - 2010 -> 2015,220 CDI - 163 hp
Mercedes,C,W204 - 2010 -> 2015,220 CDI - 170 hp
Mercedes,C,W204 - 2010 -> 2015,250 (1.8T) - 204 hp
Mercedes,C,W204 - 2010 -> 2015,250 CDI - 204 hp
Mercedes,C,W204 - 2010 -> 2015,300 CDI - 231 hp
Mercedes,C,W204 - 2010 -> 2015,350 CDI - 265 hp
Mercedes,C,W204 - 2010 -> 2015,350 CDI - 211 hp
Mercedes,C,W204 - 2010 -> 2015,350 CDI - 224 hp
Mercedes,C,W204 - 2010 -> 2015,350 CGI - 292 hp
Mercedes,C,W204 - 2010 -> 2015,63 AMG - 457 hp
Mercedes,C,W204 - 2010 -> 2015,63 AMG (2011) - 457 hp
Mercedes,C,W204 - 2010 -> 2015,63 AMG 507 Series - 507 hp
Mercedes,C,W204 - 2010 -> 2015,63 AMG Black Series - 517 hp
Mercedes,C,W204 - 2010 -> 2015,63 AMG PPP - 487 hp
Mercedes,C,W205 - 04/2014 -> 2018,160 (1.6T) - 129 hp
Mercedes,C,W205 - 04/2014 -> 2018,180 (1.6T) - 156 hp
Mercedes,C,W205 - 04/2014 -> 2018,180 CDI (1600cc) - 116 hp
Mercedes,C,W205 - 04/2014 -> 2018,180 CDI (2100cc) - 120 hp
Mercedes,C,W205 - 04/2014 -> 2018,200 (2.0T) - 184 hp
Mercedes,C,W205 - 04/2014 -> 2018,200 CDI (1600cc) - 136 hp
Mercedes,C,W205 - 04/2014 -> 2018,200 CDI (2100cc) - 136 hp
Mercedes,C,W205 - 04/2014 -> 2018,220 CDI - 163 hp
Mercedes,C,W205 - 04/2014 -> 2018,220 CDI - 170 hp
Mercedes,C,W205 - 04/2014 -> 2018,250 (2.0T) - 211 hp
Mercedes,C,W205 - 04/2014 -> 2018,250 CDI - 204 hp
Mercedes,C,W205 - 04/2014 -> 2018,300 (2.0T) - 245 hp
Mercedes,C,W205 - 04/2014 -> 2018,300 (USA) - 241 hp
Mercedes,C,W205 - 04/2014 -> 2018,300 CDI Hybrid - 231 hp
Mercedes,C,W205 - 04/2014 -> 2018,350 CDI - 265 hp
Mercedes,C,W205 - 04/2014 -> 2018,350 E Hybrid (2.0T) - 279 hp
Mercedes,C,W205 - 04/2014 -> 2018,400 (3.0T) - 333 hp
Mercedes,C,W205 - 04/2014 -> 2018,43 AMG (3.0T) - 367 hp
Mercedes,C,W205 - 04/2014 -> 2018,450 AMG (3.0T) - 367 hp
Mercedes,C,W205 - 04/2014 -> 2018,63 AMG 4.0 - 476 hp
Mercedes,C,W205 - 04/2014 -> 2018,63 AMG S 4.0 - 510 hp
Mercedes,C,W205 - 07/2018 -> 2021,180 (1.6T) - 156 hp
Mercedes,C,W205 - 07/2018 -> 2021,180D - 122 hp
Mercedes,C,W205 - 07/2018 -> 2021,200 (1.5T) - 184 hp
Mercedes,C,W205 - 07/2018 -> 2021,200D - 160 hp
Mercedes,C,W205 - 07/2018 -> 2021,200D - 150 hp
Mercedes,C,W205 - 07/2018 -> 2021,220D - 194 hp
Mercedes,C,W205 - 07/2018 -> 2021,260 (1.5T) - 184 hp
Mercedes,C,W205 - 07/2018 -> 2021,300 (2.0T) - 258 hp
Mercedes,C,W205 - 07/2018 -> 2021,300D - 245 hp
Mercedes,C,W205 - 07/2018 -> 2021,300e - 320 hp
Mercedes,C,W205 - 07/2018 -> 2021,43 AMG - 390 hp
Mercedes,C,W205 - 07/2018 -> 2021,63 AMG (4.0) - 476 hp
Mercedes,C,W205 - 07/2018 -> 2021,63 AMG S (4.0) - 510 hp
Mercedes,C,W204 - 2010 -> 2015,350 Blue Efficiency - 306 hp
Mercedes,C,W205 - 07/2018 -> 2021,160 (1.5T) - 129 hp
Mercedes,C,W206 - 2021 -> ...,200D - 163 hp
Mercedes,C,W206 - 2021 -> ...,220D - 200 hp
Mercedes,C,W206 - 2021 -> ...,300D - 265 hp
Mercedes,C,W206 - 2021 -> ...,63 AMG S E-Performance - 680 hp
Mercedes,C,W206 - 2021 -> ...,C 300e - 313 hp
Mercedes,C,W206 - 2021 -> ...,C 43 AMG - 408 hp
Mercedes,C,W206 - 2021 -> ...,C200 - 204 hp
Mercedes,CL,C215 - 2002 -> 2006,CL 500 - 306 hp
Mercedes,CL,C215 - 2002 -> 2006,CL 55 AMG - 500 hp
Mercedes,CL,C215 - 2002 -> 2006,CL 600 - 500 hp
Mercedes,CL,C215 - 2002 -> 2006,CL 65 AMG - 612 hp
Mercedes,CL,C216 - 2006 -> 2010,CL 500 - 388 hp
Mercedes,CL,C216 - 2006 -> 2010,CL 600 - 517 hp
Mercedes,CL,C216 - 2006 -> 2010,CL 63 AMG - 525 hp
Mercedes,CL,C216 - 2006 -> 2010,CL 65 AMG - 612 hp
Mercedes,CL,C216 - 2010 -> ...,CL 500 - 407 hp
Mercedes,CL,C216 - 2010 -> ...,CL 550 - 435 hp
Mercedes,CL,C216 - 2010 -> ...,CL 600 - 517 hp
Mercedes,CL,C216 - 2010 -> ...,CL 63 AMG - 544 hp
Mercedes,CL,C216 - 2010 -> ...,CL 63 AMG PPK - 557 hp
Mercedes,CL,C216 - 2010 -> ...,CL 65 AMG - 630 hp
Mercedes,CL,C216 - 2010 -> ...,CL 500 - 435 hp
Mercedes,CLC,2008 -> 2011,160 Kompressor (1.6) - 129 hp
Mercedes,CLC,2008 -> 2011,180 Kompressor (1.8) - 143 hp
Mercedes,CLC,2008 -> 2011,200 CDI - 122 hp
Mercedes,CLC,2008 -> 2011,200 Kompressor (1.8) - 184 hp
Mercedes,CLC,2008 -> 2011,220 CDI - 136 hp
Mercedes,CLC,2008 -> 2011,220 CDI - 150 hp
Mercedes,CLK,W209 - 2002 -> 2009,CLK 200 CGI Kompressor (1.8) - 170 hp
Mercedes,CLK,W209 - 2002 -> 2009,CLK 200 K - 184 hp
Mercedes,CLK,W209 - 2002 -> 2009,CLK 200 K - 163 hp
Mercedes,CLK,W209 - 2002 -> 2009,CLK 220 CDI - 150 hp
Mercedes,CLK,W209 - 2002 -> 2009,CLK 220 CDI - 136 hp
Mercedes,CLK,W209 - 2002 -> 2009,CLK 270 CDI - 163 hp
Mercedes,CLK,W209 - 2002 -> 2009,CLK 270 CDI - 170 hp
Mercedes,CLK,W209 - 2002 -> 2009,CLK 320 CDI - 211 hp
Mercedes,CLK,W209 - 2002 -> 2009,CLK 320 CDI - 224 hp
Mercedes,CLK,W209 - 2002 -> 2009,CLK 350 - 272 hp
Mercedes,CLK,W209 - 2002 -> 2009,CLK 500 - 387 hp
Mercedes,CLK,W209 - 2002 -> 2009,CLK 500 - 306 hp
Mercedes,CLK,W209 - 2002 -> 2009,CLK 55 AMG - 367 hp
Mercedes,CLK,W209 - 2002 -> 2009,CLK 63 AMG - 481 hp
Mercedes,CLK,W209 - 2002 -> 2009,CLK 63 AMG - Black Series - 508 hp
Mercedes,CLS,C219 - 2004 -> 2010,CLS 320 CDI - 211 hp
Mercedes,CLS,C219 - 2004 -> 2010,CLS 320 CDI - 224 hp
Mercedes,CLS,C219 - 2004 -> 2010,CLS 350 CDI - 211 hp
Mercedes,CLS,C219 - 2004 -> 2010,CLS 350 CDI - 224 hp
Mercedes,CLS,C219 - 2004 -> 2010,CLS 350 CGI - 292 hp
Mercedes,CLS,C219 - 2004 -> 2010,CLS 350i - 272 hp
Mercedes,CLS,C219 - 2004 -> 2010,CLS 500 - 306 hp
Mercedes,CLS,C219 - 2004 -> 2010,CLS 500 - 388 hp
Mercedes,CLS,C219 - 2004 -> 2010,CLS 55 AMG - 476 hp
Mercedes,CLS,C219 - 2004 -> 2010,CLS 63 AMG - 514 hp
Mercedes,CLS,C218 Ph1 - 2010 -> 2014,CLS 250 CDI - 204 hp
Mercedes,CLS,C218 Ph1 - 2010 -> 2014,CLS 350 CDI - 265 hp
Mercedes,CLS,C218 Ph1 - 2010 -> 2014,CLS 550 - 407 hp
Mercedes,CLS,C218 Ph1 - 2010 -> 2014,CLS 63 AMG Bi-Turbo - 525 hp
Mercedes,CLS,C218 Ph1 - 2010 -> 2014,CLS 63 AMG PPK - 557 hp
Mercedes,CLS,C218 Ph2 - 2014 -> 2018,220 CDI BlueTec - 170 hp
Mercedes,CLS,C218 Ph2 - 2014 -> 2018,250 CDI BlueTec - 204 hp
Mercedes,CLS,C218 Ph2 - 2014 -> 2018,350 CDI BlueTec - 258 hp
Mercedes,CLS,C218 Ph2 - 2014 -> 2018,CLS 400 - 333 hp
Mercedes,CLS,C218 Ph2 - 2014 -> 2018,CLS 500 - 408 hp
Mercedes,CLS,C218 Ph2 - 2014 -> 2018,CLS 63AMG - 558 hp
Mercedes,CLS,C218 Ph2 - 2014 -> 2018,CLS 63AMG S - 585 hp
Mercedes,CLS,C257 - 2018 -> ...,300D - 245 hp
Mercedes,CLS,C257 - 2018 -> ...,350D - 286 hp
Mercedes,CLS,C257 - 2018 -> ...,400D - 340 hp
Mercedes,CLS,C257 - 2018 -> ...,450 - 389 hp
Mercedes,CLS,C257 - 2018 -> ...,53 AMG - 435 hp
Mercedes,CLS,C257 Facelift - 2021 -> ...,220D - 194 hp
Mercedes,CLS,C257 Facelift - 2021 -> ...,400D - 330 hp
Mercedes,CLS,C257 Facelift - 2021 -> ...,450 - 367 hp
Mercedes,CLS,C257 Facelift - 2021 -> ...,53 AMG - 435 hp
Mercedes,E / E Coupé,W211 - 2002 -> 2006,E 200 CDI - 122 hp
Mercedes,E / E Coupé,W211 - 2002 -> 2006,E 200 K - 163 hp
Mercedes,E / E Coupé,W211 - 2002 -> 2006,E 220 CDI - 136 hp
Mercedes,E / E Coupé,W211 - 2002 -> 2006,E 220 CDI - 150 hp
Mercedes,E / E Coupé,W211 - 2002 -> 2006,E 270 CDI - 177 hp
Mercedes,E / E Coupé,W211 - 2002 -> 2006,E 280 CDI - 177 hp
Mercedes,E / E Coupé,W211 - 2002 -> 2006,E 280 CDI - 190 hp
Mercedes,E / E Coupé,W211 - 2002 -> 2006,E 320 CDI - 204 hp
Mercedes,E / E Coupé,W211 - 2002 -> 2006,E 320 CDI - 211 hp
Mercedes,E / E Coupé,W211 - 2002 -> 2006,E 320 CDI - 224 hp
Mercedes,E / E Coupé,W211 - 2002 -> 2006,E 400 CDI - 260 hp
Mercedes,E / E Coupé,W211 - 2002 -> 2006,E 420 CDI - 314 hp
Mercedes,E / E Coupé,W211 - 2002 -> 2006,E 500 - 306 hp
Mercedes,E / E Coupé,W211 - 2002 -> 2006,E 55 AMG - 476 hp
Mercedes,E / E Coupé,W211 - 2006 -> 2009,E 200 CDI - 136 hp
Mercedes,E / E Coupé,W211 - 2006 -> 2009,E 200 Kompressor (1.8) - 184 hp
Mercedes,E / E Coupé,W211 - 2006 -> 2009,E 220 CDI - 163 hp
Mercedes,E / E Coupé,W211 - 2006 -> 2009,E 220 CDI - 170 hp
Mercedes,E / E Coupé,W211 - 2006 -> 2009,E 280 CDI - 190 hp
Mercedes,E / E Coupé,W211 - 2006 -> 2009,E 320 CDI - 211 hp
Mercedes,E / E Coupé,W211 - 2006 -> 2009,E 320 CDI - 224 hp
Mercedes,E / E Coupé,W211 - 2006 -> 2009,E 420 CDI - 314 hp
Mercedes,E / E Coupé,W211 - 2006 -> 2009,E 500 - 388 hp
Mercedes,E / E Coupé,W211 - 2006 -> 2009,E 63 AMG - 514 hp
Mercedes,E / E Coupé,W212 - 2009 -> 2013,E 200 (1.8T) - 184 hp
Mercedes,E / E Coupé,W212 - 2009 -> 2013,E 200 CDI - 136 hp
Mercedes,E / E Coupé,W212 - 2009 -> 2013,E 220 CDI - 163 hp
Mercedes,E / E Coupé,W212 - 2009 -> 2013,E 220 CDI - 170 hp
Mercedes,E / E Coupé,W212 - 2009 -> 2013,E 250 (1.8T) - 204 hp
Mercedes,E / E Coupé,W212 - 2009 -> 2013,E 250 CDI - 204 hp
Mercedes,E / E Coupé,W212 - 2009 -> 2013,E 300 - 252 hp
Mercedes,E / E Coupé,W212 - 2009 -> 2013,E 300 CDI - 231 hp
Mercedes,E / E Coupé,W212 - 2009 -> 2013,E 300 CDI - 204 hp
Mercedes,E / E Coupé,W212 - 2009 -> 2013,E 350 - 306 hp
Mercedes,E / E Coupé,W212 - 2009 -> 2013,E 350 - 292 hp
Mercedes,E / E Coupé,W212 - 2009 -> 2013,E 350 CDI - 265 hp
Mercedes,E / E Coupé,W212 - 2009 -> 2013,E 350 CDI - 211 hp
Mercedes,E / E Coupé,W212 - 2009 -> 2013,E 350 CDI - 231 hp
Mercedes,E / E Coupé,W212 - 2009 -> 2013,E 500 - 407 hp
Mercedes,E / E Coupé,W212 - 2009 -> 2013,E 500 - 388 hp
Mercedes,E / E Coupé,W212 - 2009 -> 2013,E 550 - 407 hp
Mercedes,E / E Coupé,W212 - 2009 -> 2013,E 63 S AMG - 585 hp
Mercedes,E / E Coupé,W212 - 2009 -> 2013,E 63AMG - 525 hp
Mercedes,E / E Coupé,W212 - 2009 -> 2013,E 63AMG Bi-Turbo - 525 hp
Mercedes,E / E Coupé,W212 - 2009 -> 2013,E 63AMG PPK - 557 hp
Mercedes,E / E Coupé,W212 - 2013 -> 2016,200 - 184 hp
Mercedes,E / E Coupé,W212 - 2013 -> 2016,200 CDI BlueTec - 136 hp
Mercedes,E / E Coupé,W212 - 2013 -> 2016,220 CDI BlueTec - 163 hp
Mercedes,E / E Coupé,W212 - 2013 -> 2016,220 CDI BlueTec - 170 hp
Mercedes,E / E Coupé,W212 - 2013 -> 2016,250 - 211 hp
Mercedes,E / E Coupé,W212 - 2013 -> 2016,250 CDI  BlueTec - 204 hp
Mercedes,E / E Coupé,W212 - 2013 -> 2016,300 CDI BlueTec - 231 hp
Mercedes,E / E Coupé,W212 - 2013 -> 2016,300 CDI BlueTec Hybrid - 231 hp
Mercedes,E / E Coupé,W212 - 2013 -> 2016,350 - 258 hp
Mercedes,E / E Coupé,W212 - 2013 -> 2016,350 CDI BlueTec - 258 hp
Mercedes,E / E Coupé,W212 - 2013 -> 2016,400 - 333 hp
Mercedes,E / E Coupé,W212 - 2013 -> 2016,500 - 408 hp
Mercedes,E / E Coupé,W212 - 2013 -> 2016,E 63AMG - 558 hp
Mercedes,E / E Coupé,W212 - 2013 -> 2016,E 63AMG S - 585 hp
Mercedes,E / E Coupé,W213 - 2016 -> ...,200 - 184 hp
Mercedes,E / E Coupé,W213 - 2016 -> ...,200D - 150 hp
Mercedes,E / E Coupé,W213 - 2016 -> ...,200D - 160 hp
Mercedes,E / E Coupé,W213 - 2016 -> ...,220D - 163 hp
Mercedes,E / E Coupé,W213 - 2016 -> ...,220D - 194 hp
Mercedes,E / E Coupé,W213 - 2016 -> ...,250 - 211 hp
Mercedes,E / E Coupé,W213 - 2016 -> ...,300 - 245 hp
Mercedes,E / E Coupé,W213 - 2016 -> ...,300D - 245 hp
Mercedes,E / E Coupé,W213 - 2016 -> ...,300e - 320 hp
Mercedes,E / E Coupé,W213 - 2016 -> ...,350 E - 299 hp
Mercedes,E / E Coupé,W213 - 2016 -> ...,350D - 258 hp
Mercedes,E / E Coupé,W213 - 2016 -> ...,350D - 286 hp
Mercedes,E / E Coupé,W213 - 2016 -> ...,400 - 333 hp
Mercedes,E / E Coupé,W213 - 2016 -> ...,400D - 340 hp
Mercedes,E / E Coupé,W213 - 2016 -> ...,43 AMG - 401 hp
Mercedes,E / E Coupé,W213 - 2016 -> ...,450 - 367 hp
Mercedes,E / E Coupé,W213 - 2016 -> ...,53 AMG - 435 hp
Mercedes,E / E Coupé,W213 - 2016 -> ...,63 AMG - 4.0 Bi-Turbo - 571 hp
Mercedes,E / E Coupé,W213 - 2016 -> ...,63 AMG S - 4.0 Bi Turbo - 612 hp
Mercedes,E / E Coupé,W213 - 07/2020 -> 2022,200D (10/2021 ->...) - 150 hp
Mercedes,E / E Coupé,W213 - 07/2020 -> 2022,220D - 194 hp
Mercedes,E / E Coupé,W213 - 07/2020 -> 2022,300 DE - 316 hp
Mercedes,E / E Coupé,W213 - 07/2020 -> 2022,300e - 320 hp
Mercedes,E / E Coupé,W213 - 07/2020 -> 2022,300e (2.0T) EQ - 258 hp
Mercedes,E / E Coupé,W213 - 07/2020 -> 2022,400D - 330 hp
Mercedes,E / E Coupé,W213 - 07/2020 -> 2022,450e 4MATIC - 362 hp
Mercedes,E / E Coupé,W213 - 07/2020 -> 2022,53 AMG - 435 hp
Mercedes,E / E Coupé,W213 - 07/2020 -> 2022,63 AMG S - 4.0 V8 BiTurbo - 612 hp
Mercedes,E / E Coupé,W214 - 2022 -> ...,200 - 227 hp
Mercedes,E / E Coupé,W214 - 2022 -> ...,220d - 220 hp
Mercedes,E / E Coupé,W214 - 2022 -> ...,300e - 313 hp
Mercedes,E / E Coupé,W214 - 2022 -> ...,400e - 381 hp
Mercedes,E / E Coupé,W214 - 2022 -> ...,450d - 390 hp
Mercedes,E / E Coupé,W214 - 2022 -> ...,53 AMG - 612 hp
Mercedes,E / E Coupé,W214 - 2022 -> ...,E300d - 313 hp
Mercedes,G,09/2000 -> 2017,G 270 CDI - 156 hp
Mercedes,G,09/2000 -> 2017,G 280 CDI - 184 hp
Mercedes,G,09/2000 -> 2017,G 32 AMG - 354 hp
Mercedes,G,09/2000 -> 2017,G 320 CDI - 211 hp
Mercedes,G,09/2000 -> 2017,G 320 CDI - 224 hp
Mercedes,G,09/2000 -> 2017,G 350 CDI - 211 hp
Mercedes,G,09/2000 -> 2017,G 350 CDI - 245 hp
Mercedes,G,09/2000 -> 2017,G 400 CDI - 250 hp
Mercedes,G,09/2000 -> 2017,G 500 - 421 hp
Mercedes,G,09/2000 -> 2017,G 500 - 388 hp
Mercedes,G,09/2000 -> 2017,G 55 AMG - 476 hp
Mercedes,G,09/2000 -> 2017,G 55 AMG - 500 hp
Mercedes,G,09/2000 -> 2017,G 63 AMG - 544 hp
Mercedes,G,09/2000 -> 2017,G 63 AMG - 571 hp
Mercedes,G,09/2000 -> 2017,G 65 AMG - 612 hp
Mercedes,G,09/2000 -> 2017,G 65 AMG - 630 hp
Mercedes,G,05/2018 -> 2023,350D - 286 hp
Mercedes,G,05/2018 -> 2023,500 (4.0) - 422 hp
Mercedes,G,05/2018 -> 2023,63 AMG (4.0) - 585 hp
Mercedes,G,09/2000 -> 2017,G 300 CDI - 184 hp
Mercedes,G,05/2018 -> 2023,400D - 330 hp
Mercedes,G,2024 -> ...,G580 EQ - 587 hp
Mercedes,GL,X164 - 2006 -> 2012,GL 320 CDI - 211 hp
Mercedes,GL,X164 - 2006 -> 2012,GL 320 CDI - 224 hp
Mercedes,GL,X164 - 2006 -> 2012,GL 350 CDI - 211 hp
Mercedes,GL,X164 - 2006 -> 2012,GL 350 CDI - 224 hp
Mercedes,GL,X164 - 2006 -> 2012,GL 350 CDI - 265 hp
Mercedes,GL,X164 - 2006 -> 2012,GL 420 CDI - 306 hp
Mercedes,GL,X164 - 2006 -> 2012,GL 450 CDI - 306 hp
Mercedes,GL,X164 - 2006 -> 2012,GL 500 - 388 hp
Mercedes,GL,X166 - 10/2012 -> 2015,GL350 CDI Bluetec - 258 hp
Mercedes,GL,X166 - 10/2012 -> 2015,GL400 - 333 hp
Mercedes,GL,X166 - 10/2012 -> 2015,GL450 - 340 hp
Mercedes,GL,X166 - 10/2012 -> 2015,GL450 - 367 hp
Mercedes,GL,X166 - 10/2012 -> 2015,GL500 - 407 hp
Mercedes,GL,X166 - 10/2012 -> 2015,GL550 - 435 hp
Mercedes,GL,X166 - 10/2012 -> 2015,GL63AMG - 557 hp
Mercedes,GLK,X204 - 2008 -> 2010,220 CDI - 163 hp
Mercedes,GLK,X204 - 2008 -> 2010,220 CDI - 170 hp
Mercedes,GLK,X204 - 2008 -> 2010,250 CDI - 204 hp
Mercedes,GLK,X204 - 2008 -> 2010,320 CDI - 211 hp
Mercedes,GLK,X204 - 2008 -> 2010,320 CDI - 224 hp
Mercedes,GLK,X204 - 2008 -> 2010,350 CDI - 211 hp
Mercedes,GLK,X204 - 2008 -> 2010,350 CDI - 231 hp
Mercedes,GLK,X204 - 2010 -> 2018,200 - 184 hp
Mercedes,GLK,X204 - 2010 -> 2018,200 CDI - 136 hp
Mercedes,GLK,X204 - 2010 -> 2018,200 CDI - 143 hp
Mercedes,GLK,X204 - 2010 -> 2018,220 CDI - 170 hp
Mercedes,GLK,X204 - 2010 -> 2018,220 CDI - 163 hp
Mercedes,GLK,X204 - 2010 -> 2018,250 - 211 hp
Mercedes,GLK,X204 - 2010 -> 2018,250 CDI - 204 hp
Mercedes,GLK,X204 - 2010 -> 2018,350 - 306 hp
Mercedes,GLK,X204 - 2010 -> 2018,350 Blue - 306 hp
Mercedes,GLK,X204 - 2010 -> 2018,350 CDI - 211 hp
Mercedes,GLK,X204 - 2010 -> 2018,350 CDI - 258 hp
Mercedes,GLK,X204 - 2010 -> 2018,350 (3.0L Turbo) - 306 hp
Mercedes,GLK,X204 - 2010 -> 2018,350 Blue Efficiency - 306 hp
Mercedes,GLK,X204 - 2010 -> 2018,350 CDI - 265 hp
Mercedes,ML,W163 - 2000 -> 2005,270 CDI - 163 hp
Mercedes,ML,W163 - 2000 -> 2005,400 CDI - 250 hp
Mercedes,ML,W163 - 2000 -> 2005,55 AMG - 347 hp
Mercedes,ML,W164 - 2005 -> 2009,280 CDI - 190 hp
Mercedes,ML,W164 - 2005 -> 2009,320 CDI - 211 hp
Mercedes,ML,W164 - 2005 -> 2009,320 CDI - 224 hp
Mercedes,ML,W164 - 2005 -> 2009,420 CDI - 306 hp
Mercedes,ML,W164 - 2005 -> 2009,63 AMG - 510 hp
Mercedes,ML,W164 - 2009 -> 2011,300 CDI - 190 hp
Mercedes,ML,W164 - 2009 -> 2011,300 CDI - 204 hp
Mercedes,ML,W164 - 2009 -> 2011,350 CDI - 211 hp
Mercedes,ML,W164 - 2009 -> 2011,350 CDI - 231 hp
Mercedes,ML,W164 - 2009 -> 2011,350 CDI - 224 hp
Mercedes,ML,W164 - 2009 -> 2011,450 CDI - 306 hp
Mercedes,ML,W166 - 2011 -> 2015,250 CDI - 204 hp
Mercedes,ML,W166 - 2011 -> 2015,350 CDI - 258 hp
Mercedes,ML,W166 - 2011 -> 2015,500/550 - 407 hp
Mercedes,ML,W166 - 2011 -> 2015,63 AMG - 525 hp
Mercedes,ML,W166 - 2011 -> 2015,63 AMG - 558 hp
Mercedes,ML,W166 - 2011 -> 2015,400 - 333 hp
Mercedes,R,2006 -> 2013,R 280 CDI - 190 hp
Mercedes,R,2006 -> 2013,R 300 CDI - 190 hp
Mercedes,R,2006 -> 2013,R 320 CDI - 211 hp
Mercedes,R,2006 -> 2013,R 320 CDI - 224 hp
Mercedes,R,2006 -> 2013,R 350 CDI - 211 hp
Mercedes,R,2006 -> 2013,R 350 CDI - 265 hp
Mercedes,R,2006 -> 2013,R 350 CDI - 224 hp
Mercedes,R,2006 -> 2013,R 500 - 306 hp
Mercedes,R,2006 -> 2013,R 500 - 388 hp
Mercedes,R,2006 -> 2013,R 63 AMG - 510 hp
Mercedes,S,W220 - 2002 -> 2005,S 320 CDI - 204 hp
Mercedes,S,W220 - 2002 -> 2005,S 400 CDI - 250 hp
Mercedes,S,W220 - 2002 -> 2005,S 55 AMG - 500 hp
Mercedes,S,W220 - 2002 -> 2005,S 600 - 500 hp
Mercedes,S,W221 - 09/2006 -> 2013,S 320 CDI - 235 hp
Mercedes,S,W221 - 09/2006 -> 2013,S 320 CDI - 211 hp
Mercedes,S,W221 - 09/2006 -> 2013,S 350 CDI - 211 hp
Mercedes,S,W221 - 09/2006 -> 2013,S 350 CDI - 235 hp
Mercedes,S,W221 - 09/2006 -> 2013,S 350 CDI - 258 hp
Mercedes,S,W221 - 09/2006 -> 2013,S 400 Hybrid - 299 hp
Mercedes,S,W221 - 09/2006 -> 2013,S 420 CDI - 320 hp
Mercedes,S,W221 - 09/2006 -> 2013,S 450 CDI - 320 hp
Mercedes,S,W221 - 09/2006 -> 2013,S 500 - 388 hp
Mercedes,S,W221 - 09/2006 -> 2013,S 500 - 435 hp
Mercedes,S,W221 - 09/2006 -> 2013,S 550 - 435 hp
Mercedes,S,W221 - 09/2006 -> 2013,S 600 - 517 hp
Mercedes,S,W221 - 09/2006 -> 2013,S 63 AMG - 525 hp
Mercedes,S,W221 - 09/2006 -> 2013,S 63 AMG - 544 hp
Mercedes,S,W221 - 09/2006 -> 2013,S 65 AMG - 612 hp
Mercedes,S,W217/222 - 2014 -> 2017,S 300 CDI Hybrid - 231 hp
Mercedes,S,W217/222 - 2014 -> 2017,S 350 CDI BlueTec - 258 hp
Mercedes,S,W217/222 - 2014 -> 2017,S 400 - 333 hp
Mercedes,S,W217/222 - 2014 -> 2017,S 400 - 367 hp
Mercedes,S,W217/222 - 2014 -> 2017,S 400 Hybrid - 333 hp
Mercedes,S,W217/222 - 2014 -> 2017,S 500 - 455 hp
Mercedes,S,W217/222 - 2014 -> 2017,S 600 - 530 hp
Mercedes,S,W217/222 - 2014 -> 2017,S 63 AMG - 585 hp
Mercedes,S,W217/222 - 2014 -> 2017,S 63 AMG S - 4.0 Bi Turbo - 612 hp
Mercedes,S,W217/222 - 2014 -> 2017,S 65 AMG - 630 hp
Mercedes,S,W222 - 2017 -> 2021,350D - 286 hp
Mercedes,S,W222 - 2017 -> 2021,400D - 340 hp
Mercedes,S,W222 - 2017 -> 2021,450 - 389 hp
Mercedes,S,W222 - 2017 -> 2021,560 E - 489 hp
Mercedes,S,W222 - 2017 -> 2021,S 63 AMG - 612 hp
Mercedes,S,W222 - 2017 -> 2021,S 65 AMG - 630 hp
Mercedes,S,W222 - 2017 -> 2021,S560 - 469 hp
Mercedes,S,W223 - 02/2021 -> ...,350D - 286 hp
Mercedes,S,W223 - 02/2021 -> ...,400D - 330 hp
Mercedes,S,W223 - 02/2021 -> ...,580e - 510 hp
Mercedes,S,W223 - 02/2021 -> ...,S450 - 367 hp
Mercedes,S,W223 - 02/2021 -> ...,S500 - 450 hp
Mercedes,SL,R230 - 2001 -> ...,SL 500 - 306 hp
Mercedes,SL,R230 - 2001 -> ...,SL 500 - 388 hp
Mercedes,SL,R230 - 2001 -> ...,SL 55 AMG - 476 hp
Mercedes,SL,R230 - 2001 -> ...,SL 55 AMG - 500 hp
Mercedes,SL,R230 - 2001 -> ...,SL 55 AMG - 517 hp
Mercedes,SL,R230 - 2001 -> ...,SL 600 - 500 hp
Mercedes,SL,R230 - 2001 -> ...,SL 600 - 517 hp
Mercedes,SL,R230 - 2001 -> ...,SL 63 AMG - 525 hp
Mercedes,SL,R230 - 2001 -> ...,SL 65 AMG - 612 hp
Mercedes,SL,03/2012 -> 2015,SL 500 - 407 hp
Mercedes,SL,03/2012 -> 2015,SL 550 - 435 hp
Mercedes,SL,03/2012 -> 2015,SL 63 AMG - 537 hp
Mercedes,SL,03/2012 -> 2015,SL 63 AMG - 585 hp
Mercedes,SL,2016 -> 2020,400 - 367 hp
Mercedes,SL,2016 -> 2020,500 - 455 hp
Mercedes,SL,2016 -> 2020,63 AMG - 585 hp
Mercedes,SL,2016 -> 2020,65 AMG - 630 hp
Mercedes,SL,03/2012 -> 2015,SL 400 - 333 hp
Mercedes,SL,03/2012 -> 2015,SL 63 AMG Performance - 571 hp
Mercedes,SL,2021 -> ...,43 AMG (2000cc) - 381 hp
Mercedes,SL,2021 -> ...,450 - 370 hp
Mercedes,SL,2021 -> ...,500 - 450 hp
Mercedes,SL,2021 -> ...,53 AMG - 435 hp
Mercedes,SL,2021 -> ...,63 AMG - 585 hp
Mercedes,SLK,R171 - 2004 -> 2010,SLK 200K - 163 hp
Mercedes,SLK,R171 - 2004 -> 2010,SLK 200K - 184 hp
Mercedes,SLK,R171 - 2004 -> 2010,SLK 350 - 272 hp
Mercedes,SLK,R171 - 2004 -> 2010,SLK 55 AMG - 360 hp
Mercedes,SLK,R172 - 2011 -> ...,SLK 200 (1.8T) - 184 hp
Mercedes,SLK,R172 - 2011 -> ...,SLK 250 (1.8T) - 204 hp
Mercedes,SLK,R172 - 2011 -> ...,SLK 250 CDI - 204 hp
Mercedes,SLK,R172 - 2011 -> ...,SLK 350 - 306 hp
Mercedes,SLK,R172 - 2011 -> ...,SLK 55 AMG - 421 hp
Mercedes,SLK,R172 - 2011 -> ...,SLK 300 (2.0T) - 245 hp
Mercedes,SLS,All,6.2 V8 - 571 hp
Mercedes,Sprinter,W906 - 2000 -> 2006,208/308/408 CDI - 82 hp
Mercedes,Sprinter,W906 - 2000 -> 2006,209/309/509 CDI - 88 hp
Mercedes,Sprinter,W906 - 2000 -> 2006,210/310 CDI - 102 hp
Mercedes,Sprinter,W906 - 2000 -> 2006,211/311/411/511 CDI - 109 hp
Mercedes,Sprinter,W906 - 2000 -> 2006,212/312 CDI - 122 hp
Mercedes,Sprinter,W906 - 2000 -> 2006,213/313/413 CDI - 129 hp
Mercedes,Sprinter,W906 - 2000 -> 2006,215/315/515 CDI - 150 hp
Mercedes,Sprinter,W906 - 2000 -> 2006,216/316/416 CDI - 156 hp
Mercedes,Sprinter,W906 - 2000 -> 2006,218/318/518 - 184 hp
Mercedes,Sprinter,W906 - 2006 -> 2016,210/310/510 CDI - 95 hp
Mercedes,Sprinter,W906 - 2006 -> 2016,213/313/413/513 CDI - 129 hp
Mercedes,Sprinter,W906 - 2006 -> 2016,215/315/415/515 CDI - 150 hp
Mercedes,Sprinter,W906 - 2006 -> 2016,216/316/416/516 CDI - 163 hp
Mercedes,Sprinter,W906 - 2006 -> 2016,219/319/419/519 CDI - 190 hp
Mercedes,Sprinter,W906 - 2006 -> 2016,219/319/419/519 CDI Bluetec - 190 hp
Mercedes,Sprinter,W906 - 2016 -> 2018,211/311 CDI - 114 hp
Mercedes,Sprinter,W906 - 2016 -> 2018,214/314 CDI - 143 hp
Mercedes,Sprinter,W906 - 2016 -> 2018,216/316 CDI - 163 hp
Mercedes,Sprinter,W906 - 2016 -> 2018,219/319 CDI - 190 hp
Mercedes,Sprinter,W910 - 06/2018 -> 10/2021,211/311 CDI - 114 hp
Mercedes,Sprinter,W910 - 06/2018 -> 10/2021,214/314 CDI - 143 hp
Mercedes,Sprinter,W910 - 06/2018 -> 10/2021,216/316 CDI - 163 hp
Mercedes,Sprinter,W910 - 06/2018 -> 10/2021,318/418 CDI - 177 hp
Mercedes,Sprinter,W910 - 06/2018 -> 10/2021,319/419/519 CDI - 190 hp
Mercedes,Sprinter,W910 - 06/2018 -> 10/2021,217/317 CDI - 170 hp
Mercedes,Sprinter,W910 - 06/2018 -> 10/2021,315 CDI - 150 hp
Mercedes,Sprinter,11/2021 -> ...,211/311 CDI - 114 hp
Mercedes,Sprinter,11/2021 -> ...,215/315/515 CDI - 150 hp
Mercedes,Sprinter,11/2021 -> ...,217/317/517 CDI - 170 hp
Mercedes,Sprinter,11/2021 -> ...,319/519 CDI - 190 hp
Mercedes,V,2014 -> 2018,200 CDI (Euro 5) - 136 hp
Mercedes,V,2014 -> 2018,200 CDI (Euro 6) - 136 hp
Mercedes,V,2014 -> 2018,220 CDI (Euro 5) - 163 hp
Mercedes,V,2014 -> 2018,220 CDI (Euro 6) - 163 hp
Mercedes,V,2014 -> 2018,250 CDI BlueTec - 190 hp
Mercedes,V,2019 -> 2024,220 d - 163 hp
Mercedes,V,2019 -> 2024,250 d - 190 hp
Mercedes,V,2019 -> 2024,300 d - 239 hp
Mercedes,V,2019 -> 2024,220D - 163 hp
Mercedes,V,2019 -> 2024,220D (07/2021 ->...) - 163 hp
Mercedes,V,2019 -> 2024,250D - 190 hp
Mercedes,V,2019 -> 2024,250D (07/2021 ->...) - 190 hp
Mercedes,V,2019 -> 2024,300D - 239 hp
Mercedes,V,2019 -> 2024,300D (07/2021 ->...) - 239 hp
Mercedes,V,2024 -> ...,220D (1.950cc) - 163 hp
Mercedes,V,2024 -> ...,250D (1.950cc) - 190 hp
Mercedes,V,2024 -> ...,300D (1.950cc) - 239 hp
Mercedes,Vaneo,All,1.7 CDI - 75 hp
Mercedes,Vaneo,All,1.7 CDI - 91 hp
Mercedes,Vaneo,All,200 CDI - 140 hp
Mercedes,Viano,... -> 2010,20 CDI - 109 hp
Mercedes,Viano,... -> 2010,20 CDI - 116 hp
Mercedes,Viano,... -> 2010,22 CDI - 150 hp
Mercedes,Viano,... -> 2010,30 CDI - 204 hp
Mercedes,Viano,2010 -> ...,20 CDI - 136 hp
Mercedes,Viano,2010 -> ...,22 CDI - 163 hp
Mercedes,Viano,2010 -> ...,30 CDI - 224 hp
Mercedes,Vito,W639 - 2003 -> 2010,109 CDI - 88 hp
Mercedes,Vito,W639 - 2003 -> 2010,109 CDI - 95 hp
Mercedes,Vito,W639 - 2003 -> 2010,111 CDI - 109 hp
Mercedes,Vito,W639 - 2003 -> 2010,111 CDI - 116 hp
Mercedes,Vito,W639 - 2003 -> 2010,115 CDI - 150 hp
Mercedes,Vito,W639 - 2003 -> 2010,120 CDI - 204 hp
Mercedes,Vito,W639 - 2010 -> 2014,110 CDI - 95 hp
Mercedes,Vito,W639 - 2010 -> 2014,111 CDI - 116 hp
Mercedes,Vito,W639 - 2010 -> 2014,113 CDI - 136 hp
Mercedes,Vito,W639 - 2010 -> 2014,116 CDI - 163 hp
Mercedes,Vito,W639 - 2010 -> 2014,122 CDI - 224 hp
Mercedes,Vito,W447 - 2014 -> 2020,109 CDI (1600cc) - 88 hp
Mercedes,Vito,W447 - 2014 -> 2020,110 CDI (1796cc) - 102 hp
Mercedes,Vito,W447 - 2014 -> 2020,111 CDI (1600cc) - 114 hp
Mercedes,Vito,W447 - 2014 -> 2020,114 CDI (2100cc) (Euro5) - 136 hp
Mercedes,Vito,W447 - 2014 -> 2020,114 CDI (2100cc) (Euro6) - 136 hp
Mercedes,Vito,W447 - 2014 -> 2020,116 CDI (2100cc) (Euro5) - 163 hp
Mercedes,Vito,W447 - 2014 -> 2020,116 CDI (2100cc) (Euro6) - 163 hp
Mercedes,Vito,W447 - 2014 -> 2020,119 Bluetec (2100cc) - 190 hp
Mercedes,Vito,W447 - 2020 -> 2024,110 CDI (1.950cc) - 102 hp
Mercedes,Vito,W447 - 2020 -> 2024,114 CDI (1.800cc) - 136 hp
Mercedes,Vito,W447 - 2020 -> 2024,114 CDI (1.950cc) - 136 hp
Mercedes,Vito,W447 - 2020 -> 2024,114 CDI (11/2021 ->...) - 136 hp
Mercedes,Vito,W447 - 2020 -> 2024,116 CDI (1.950cc) - 163 hp
Mercedes,Vito,W447 - 2020 -> 2024,116 CDI (11/2021 ->...) - 163 hp
Mercedes,Vito,W447 - 2020 -> 2024,119 CDI (1.950cc) - 190 hp
Mercedes,Vito,W447 - 2020 -> 2024,119 CDI (11/2021 ->...) - 190 hp
Mercedes,Vito,W447 - 2020 -> 2024,124 CDI (1.950cc) - 239 hp
Mercedes,Vito,W447 - 2020 -> 2024,124 CDI (11/2021 ->...) - 239 hp
Mercedes,Vito,2024 -> ...,114 CDI (1.950cc) - 136 hp
Mercedes,Vito,2024 -> ...,116 CDI (1.950cc) - 163 hp
Mercedes,Vito,2024 -> ...,119 CDI (1.950cc) - 190 hp
Mercedes,Vito,2024 -> ...,124 CDI (1.950cc) - 239 hp
Mercedes,Citan,2012 -> 2019,108 CDI - 75 hp
Mercedes,Citan,2012 -> 2019,109 CDI - 90 hp
Mercedes,Citan,2012 -> 2019,111 CDI - 110 hp
Mercedes,Citan,2019 -> ...,108 CDI - 80 hp
Mercedes,Citan,2019 -> ...,109 CDI - 95 hp
Mercedes,Citan,2019 -> ...,111 CDI - 116 hp
Mercedes,Citan,08/2021 -> ...,110 CDI - 95 hp
Mercedes,Citan,08/2021 -> ...,112 CDI - 116 hp
Mercedes,Citan,08/2021 -> ...,113 - 131 hp
Mercedes,CLA,C117 - 2013 -> 2016,180 CDI (1500cc) - 109 hp
Mercedes,CLA,C117 - 2013 -> 2016,200 CDI (1800cc) - 136 hp
Mercedes,CLA,C117 - 2013 -> 2016,200 CDI (2100cc) - 136 hp
Mercedes,CLA,C117 - 2013 -> 2016,200 CDI 4Matic (2100cc) - 136 hp
Mercedes,CLA,C117 - 2013 -> 2016,220 CDI - 170 hp
Mercedes,CLA,C117 - 2013 -> 2016,220 CDI - 163 hp
Mercedes,CLA,C117 - 2013 -> 2016,220 CDI - 177 hp
Mercedes,CLA,C117 - 2013 -> 2016,CLA180 - 122 hp
Mercedes,CLA,C117 - 2013 -> 2016,CLA200 - 156 hp
Mercedes,CLA,C117 - 2013 -> 2016,CLA250 - 211 hp
Mercedes,CLA,C117 - 2013 -> 2016,CLA45 AMG - 360 hp
Mercedes,CLA,C117 - 2016 -> 2019,180 - 122 hp
Mercedes,CLA,C117 - 2016 -> 2019,180 D - 109 hp
Mercedes,CLA,C117 - 2016 -> 2019,200 - 156 hp
Mercedes,CLA,C117 - 2016 -> 2019,200 D - 136 hp
Mercedes,CLA,C117 - 2016 -> 2019,200 D (05/2019 -> ...) - 136 hp
Mercedes,CLA,C117 - 2016 -> 2019,200 D 4Matic - 136 hp
Mercedes,CLA,C117 - 2016 -> 2019,220 D - 177 hp
Mercedes,CLA,C117 - 2016 -> 2019,250 - 211 hp
Mercedes,CLA,C117 - 2016 -> 2019,250 Sport - 218 hp
Mercedes,CLA,C117 - 2016 -> 2019,45 AMG - 381 hp
Mercedes,CLA,C118 - 2019 -> 2023,180 (1.3T) - 136 hp
Mercedes,CLA,C118 - 2019 -> 2023,180D - 116 hp
Mercedes,CLA,C118 - 2019 -> 2023,200 (1.3T) - 163 hp
Mercedes,CLA,C118 - 2019 -> 2023,200D - 150 hp
Mercedes,CLA,C118 - 2019 -> 2023,220 (2.0T) - 190 hp
Mercedes,CLA,C118 - 2019 -> 2023,220D - 190 hp
Mercedes,CLA,C118 - 2019 -> 2023,220D - 194 hp
Mercedes,CLA,C118 - 2019 -> 2023,250 (2.0T) - 224 hp
Mercedes,CLA,C118 - 2019 -> 2023,35 AMG - 306 hp
Mercedes,CLA,C118 - 2019 -> 2023,45 AMG - 387 hp
Mercedes,CLA,C118 - 2019 -> 2023,45 AMG-S - 421 hp
Mercedes,CLA,C117 - 2016 -> 2019,220 4 Matic - 184 hp
Mercedes,CLA,C118 - 2019 -> 2023,180D (1.950cc)  - 116 hp
Mercedes,CLA,C118 Facelift - 2023 -> ...,180 - 136 hp
Mercedes,CLA,C118 Facelift - 2023 -> ...,180D - 116 hp
Mercedes,CLA,C118 Facelift - 2023 -> ...,200 - 163 hp
Mercedes,CLA,C118 Facelift - 2023 -> ...,200D - 150 hp
Mercedes,CLA,C118 Facelift - 2023 -> ...,220D - 190 hp
Mercedes,CLA,C118 Facelift - 2023 -> ...,250e - 218 hp
Mercedes,CLA,C118 Facelift - 2023 -> ...,35 AMG - 306 hp
Mercedes,CLA,C118 Facelift - 2023 -> ...,45 AMG-S - 421 hp
Mercedes,GLA,X156 - 2013 -> 2017,180 CDI - 109 hp
Mercedes,GLA,X156 - 2013 -> 2017,180 CGI - 122 hp
Mercedes,GLA,X156 - 2013 -> 2017,200 CDI - 136 hp
Mercedes,GLA,X156 - 2013 -> 2017,200 CDI 4 Matic - 136 hp
Mercedes,GLA,X156 - 2013 -> 2017,200 CGI - 156 hp
Mercedes,GLA,X156 - 2013 -> 2017,220 CDI - 163 hp
Mercedes,GLA,X156 - 2013 -> 2017,220 CDI - 170 hp
Mercedes,GLA,X156 - 2013 -> 2017,250 CGI - 211 hp
Mercedes,GLA,X156 - 2013 -> 2017,45 AMG - 360 hp
Mercedes,GLA,X156 - 2013 -> 2017,45 AMG - 381 hp
Mercedes,GLA,X156 - 2017 -> 2020,180 - 122 hp
Mercedes,GLA,X156 - 2017 -> 2020,180 D - 109 hp
Mercedes,GLA,X156 - 2017 -> 2020,200 - 156 hp
Mercedes,GLA,X156 - 2017 -> 2020,200 D - 136 hp
Mercedes,GLA,X156 - 2017 -> 2020,200 D 4Matic - 136 hp
Mercedes,GLA,X156 - 2017 -> 2020,220 D - 177 hp
Mercedes,GLA,X156 - 2017 -> 2020,250 - 211 hp
Mercedes,GLA,X156 - 2017 -> 2020,45 AMG - 381 hp
Mercedes,GLA,H247 - 2020 -> ...,180 - 136 hp
Mercedes,GLA,H247 - 2020 -> ...,180D - 116 hp
Mercedes,GLA,H247 - 2020 -> ...,200 - 163 hp
Mercedes,GLA,H247 - 2020 -> ...,200D - 150 hp
Mercedes,GLA,H247 - 2020 -> ...,220 (2.0T) - 190 hp
Mercedes,GLA,H247 - 2020 -> ...,220D - 194 hp
Mercedes,GLA,H247 - 2020 -> ...,250 (2.0T) - 224 hp
Mercedes,GLA,H247 - 2020 -> ...,250e (1.3T) - 218 hp
Mercedes,GLA,H247 - 2020 -> ...,35 AMG - 306 hp
Mercedes,GLA,H247 - 2020 -> ...,45 AMG - 381 hp
Mercedes,GLA,H247 - 2020 -> ...,45 AMG-S - 421 hp
Mercedes,GLA,X156 - 2017 -> 2020,200 D (2019 -> ...) - 136 hp
Mercedes,GLA,H247  - 2020 -> 2023,180 (1.3 Turbo) - 136 hp
Mercedes,GLA,H247 Facelift - 2023 -> ...,180 (1.3 Turbo) - 136 hp
Mercedes,GLA,H247 Facelift - 2023 -> ...,180D - 116 hp
Mercedes,GLA,H247 Facelift - 2023 -> ...,200 - 163 hp
Mercedes,GLA,H247 Facelift - 2023 -> ...,200D - 150 hp
Mercedes,GLA,H247 Facelift - 2023 -> ...,220D 4-MATIC - 190 hp
Mercedes,GLA,H247 Facelift - 2023 -> ...,250e - 218 hp
Mercedes,GLA,H247 Facelift - 2023 -> ...,35 AMG - 306 hp
Mercedes,GLA,H247 Facelift - 2023 -> ...,45 AMG-S - 421 hp
Mercedes,AMG GT Coupé / Roadster,2014 -> 2017,AMG GT - 462 hp
Mercedes,AMG GT Coupé / Roadster,2014 -> 2017,AMG GT C - 557 hp
Mercedes,AMG GT Coupé / Roadster,2014 -> 2017,AMG GT S - 510 hp
Mercedes,AMG GT Coupé / Roadster,2017 -> 2023,AMG GT - 476 hp
Mercedes,AMG GT Coupé / Roadster,2017 -> 2023,AMG GT Roadster S - 515 hp
Mercedes,AMG GT Coupé / Roadster,2017 -> 2023,AMG GTC - 557 hp
Mercedes,AMG GT Coupé / Roadster,2017 -> 2023,AMG GTR - 585 hp
Mercedes,AMG GT Coupé / Roadster,2017 -> 2023,AMG GTS - 522 hp
Mercedes,AMG GT Coupé / Roadster,2017 -> 2023,AMG GT Black Series - 730 hp
Mercedes,AMG GT Coupé / Roadster,2023 -> 2024,AMG GT 63 - 585 hp
Mercedes,AMG GT Coupé / Roadster,05/2024 -> ...,GT43 AMG - 421 hp
Mercedes,AMG GT Coupé / Roadster,05/2024 -> ...,GT63 AMG Pro 4Matic+ - 612 hp
Mercedes,AMG GT Coupé / Roadster,05/2024 -> ...,GT63 SE Perf - 812 hp
Mercedes,GLE / GLE Coupé,2015 -> 2019,250 CDI - 204 hp
Mercedes,GLE / GLE Coupé,2015 -> 2019,350 CDI - 258 hp
Mercedes,GLE / GLE Coupé,2015 -> 2019,400 - 333 hp
Mercedes,GLE / GLE Coupé,2015 -> 2019,43 AMG - 367 hp
Mercedes,GLE / GLE Coupé,2015 -> 2019,43 AMG - 390 hp
Mercedes,GLE / GLE Coupé,2015 -> 2019,450 AMG - 367 hp
Mercedes,GLE / GLE Coupé,2015 -> 2019,500 - 435 hp
Mercedes,GLE / GLE Coupé,2015 -> 2019,500 E - 449 hp
Mercedes,GLE / GLE Coupé,2015 -> 2019,63AMG - 558 hp
Mercedes,GLE / GLE Coupé,2015 -> 2019,63AMG S - 585 hp
Mercedes,GLE / GLE Coupé,2019 -> ...,300D - 245 hp
Mercedes,GLE / GLE Coupé,2019 -> ...,350D - 272 hp
Mercedes,GLE / GLE Coupé,2019 -> ...,350D E - 320 hp
Mercedes,GLE / GLE Coupé,2019 -> ...,400D - 330 hp
Mercedes,GLE / GLE Coupé,2019 -> ...,450 - 389 hp
Mercedes,GLE / GLE Coupé,2019 -> ...,53 AMG - 435 hp
Mercedes,GLE / GLE Coupé,2019 -> ...,580 - 511 hp
Mercedes,GLE / GLE Coupé,2019 -> ...,S 63 AMG - 612 hp
Mercedes,GLE / GLE Coupé,V167 - 2019 -> 2023,300 D - 245 hp
Mercedes,GLE / GLE Coupé,V167 - 2019 -> 2023,350D - 272 hp
Mercedes,GLE / GLE Coupé,V167 - 2019 -> 2023,350D - 258 hp
Mercedes,GLE / GLE Coupé,V167 - 2019 -> 2023,350D E (1.950cc) - 330 hp
Mercedes,GLE / GLE Coupé,V167 - 2019 -> 2023,350D E (1.950cc) - 320 hp
Mercedes,GLE / GLE Coupé,V167 - 2019 -> 2023,350e EQ - 347 hp
Mercedes,GLE / GLE Coupé,V167 - 2019 -> 2023,400D - 330 hp
Mercedes,GLE / GLE Coupé,V167 - 2019 -> 2023,450 EQ - 389 hp
Mercedes,GLE / GLE Coupé,V167 - 2019 -> 2023,53 AMG - 435 hp
Mercedes,GLE / GLE Coupé,V167 - 2019 -> 2023,580 - 511 hp
Mercedes,GLE / GLE Coupé,V167 - 2019 -> 2023,63 AMG - 571 hp
Mercedes,GLE / GLE Coupé,V167 - 2019 -> 2023,63 AMG S - 4.0 V8 BiTurbo - 612 hp
Mercedes,GLE / GLE Coupé,V167 Facelift - 2023 -> ...,300D (1.950cc) - 290 hp
Mercedes,GLE / GLE Coupé,V167 Facelift - 2023 -> ...,300D 4-MATIC (Euro 6) - 269 hp
Mercedes,GLE / GLE Coupé,V167 Facelift - 2023 -> ...,350De (1.950cc) (SUV) - 333 hp
Mercedes,GLE / GLE Coupé,V167 Facelift - 2023 -> ...,400e - 381 hp
Mercedes,GLE / GLE Coupé,V167 Facelift - 2023 -> ...,450D (3.000cc) (Coupé) - 387 hp
Mercedes,GLE / GLE Coupé,V167 Facelift - 2023 -> ...,53 AMG (Coupé) - 455 hp
Mercedes,GLE / GLE Coupé,V167 Facelift - 2023 -> ...,53 AMG (SUV) - 435 hp
Mercedes,GLE / GLE Coupé,V167 Facelift - 2023 -> ...,53 AMG hybrid 4MATIC+ - 544 hp
Mercedes,GLE / GLE Coupé,V167 Facelift - 2023 -> ...,63 AMG S- 612 hp
Mercedes,Maybach,2016 -> 2021,3.0 V6 BiTurbo - 333 hp
Mercedes,Maybach,2016 -> 2021,3.0 V6 Twin-Turbo Plug-In Hybrid - 436 hp
Mercedes,Maybach,2016 -> 2021,6.0 V12 - 530 hp
Mercedes,Maybach,2021 -> ...,S580 - 496 hp
Mercedes,Maybach,2021 -> ...,S680 - 612 hp
Mercedes,GLC / GLC Coupé,2015 -> 2019,220 CDI - 170 hp
Mercedes,GLC / GLC Coupé,2015 -> 2019,250 - 211 hp
Mercedes,GLC / GLC Coupé,2015 -> 2019,250 CDI - 204 hp
Mercedes,GLC / GLC Coupé,2015 -> 2019,300 (2.0T) - 245 hp
Mercedes,GLC / GLC Coupé,2015 -> 2019,350 CDI - 258 hp
Mercedes,GLC / GLC Coupé,2015 -> 2019,350 E - 327 hp
Mercedes,GLC / GLC Coupé,2015 -> 2019,43 AMG - 367 hp
Mercedes,GLC / GLC Coupé,2015 -> 2019,63 AMG - 476 hp
Mercedes,GLC / GLC Coupé,2015 -> 2019,63 AMG S - 510 hp
Mercedes,GLC / GLC Coupé,2019 -> 2023,200 - 197 hp
Mercedes,GLC / GLC Coupé,2019 -> 2023,200D - 163 hp
Mercedes,GLC / GLC Coupé,2019 -> 2023,220D - 194 hp
Mercedes,GLC / GLC Coupé,2019 -> 2023,300D - 245 hp
Mercedes,GLC / GLC Coupé,2019 -> 2023,300e - 320 hp
Mercedes,GLC / GLC Coupé,2019 -> 2023,43 AMG - 390 hp
Mercedes,GLC / GLC Coupé,2019 -> 2023,63 AMG - 4.0 Bi-Turbo - 476 hp
Mercedes,GLC / GLC Coupé,2019 -> 2023,63 AMG-S - 4.0 Bi-Turbo - 510 hp
Mercedes,GLC / GLC Coupé,2015 -> 2019,220 CDI - 163 hp
Mercedes,GLC / GLC Coupé,2019 -> 2023,300 EQ - 258 hp
Mercedes,GLC / GLC Coupé,2019 -> 2023,300 DE (2021 ->...) - 316 hp
Mercedes,GLC / GLC Coupé,2019 -> 2023,300 DE - 316 hp
Mercedes,GLC / GLC Coupé,2019 -> 2023,350D - 272 hp
Mercedes,GLC / GLC Coupé,2019 -> 2023,400D - 340 hp
Mercedes,GLC / GLC Coupé,2023 -> ...,220D - 220 hp
Mercedes,GLC / GLC Coupé,2023 -> ...,220D - 197 hp
Mercedes,GLC / GLC Coupé,2023 -> ...,300De- 333 hp
Mercedes,GLC / GLC Coupé,2023 -> ...,300e - 340 hp
Mercedes,GLC / GLC Coupé,2023 -> ...,400e - 388 hp
Mercedes,GLC / GLC Coupé,2023 -> ...,450D - 367 hp
Mercedes,GLC / GLC Coupé,2023 -> ...,63 S E Performance - 680 hp
Mercedes,SLC,2016 -> ...,SLC 180 - 156 hp
Mercedes,SLC,2016 -> ...,SLC 200 - 184 hp
Mercedes,SLC,2016 -> ...,SLC 250D - 204 hp
Mercedes,SLC,2016 -> ...,SLC 300 - 245 hp
Mercedes,SLC,2016 -> ...,SLC 43 AMG - 367 hp
Mercedes,SLC,2016 -> ...,SLC 43 AMG - 390 hp
Mercedes,GLS,2015 -> 2019,350 D - 258 hp
Mercedes,GLS,2015 -> 2019,400 - 333 hp
Mercedes,GLS,2015 -> 2019,450 - 367 hp
Mercedes,GLS,2015 -> 2019,500 - 456 hp
Mercedes,GLS,2015 -> 2019,63 AMG - 585 hp
Mercedes,GLS,2020 -> 2022,350D - 286 hp
Mercedes,GLS,2020 -> 2022,400D - 330 hp
Mercedes,GLS,2020 -> 2022,63 AMG - 612 hp
Mercedes,GLS,2023 -> ...,450 - 381 hp
Mercedes,GLS,2023 -> ...,450D - 367 hp
Mercedes,GLS,2023 -> ...,580 - 517 hp
Mercedes,GLS,2023 -> ...,600 Maybach - 557 hp
Mercedes,GLS,2023 -> ...,63 4-MATIC - 612 hp
Mercedes,X,2017 -> ...,220D - 163 hp
Mercedes,X,2017 -> ...,250D - 190 hp
Mercedes,X,2017 -> ...,350D - 258 hp
Mercedes,AMG GT 4-door Coupé,2018 -> ...,43 AMG - 367 hp
Mercedes,AMG GT 4-door Coupé,2018 -> ...,53 AMG - 435 hp
Mercedes,AMG GT 4-door Coupé,2018 -> ...,63 AMG - 585 hp
Mercedes,AMG GT 4-door Coupé,2018 -> ...,63 S AMG - 639 hp
Mercedes,GLB,2020 -> ...,180D - 116 hp
Mercedes,GLB,2020 -> ...,200 - 163 hp
Mercedes,GLB,2020 -> ...,200D - 150 hp
Mercedes,GLB,2020 -> ...,220D - 194 hp
Mercedes,GLB,2020 -> ...,250 - 224 hp
Mercedes,GLB,2020 -> ...,35 AMG - 306 hp
Mercedes,GLB,2020 -> ...,45 AMG - 387 hp
Mercedes,GLB,2020 -> ...,45 AMG-S - 421 hp
Mercedes,GLB,X247 Facelift - 2023 -> ...,200 - 163 hp
Mercedes,GLB,X247 Facelift - 2023 -> ...,200D - 150 hp
Mercedes,GLB,X247 Facelift - 2023 -> ...,220D 4MATIC - 190 hp
Mercedes,GLB,X247 Facelift - 2023 -> ...,35 AMG - 306 hp
Mercedes,CLE,2023 -> ...,200 - 204 hp
Mercedes,CLE,2023 -> ...,220d - 197 hp
Mercedes,CLE,2023 -> ...,300 4MATIC - 258 hp
Mercedes,CLE,2023 -> ...,450 4MATIC (EURO 6E) - 381 hp
Mercedes,CLE,2023 -> ...,53 AMG - 449 hp
Mercedes,T,2022 -> ...,160D - 95 hp
Mercedes,T,2022 -> ...,180 - 131 hp
Mercedes,T,2022 -> ...,180D - 116 hp
MG,3 SW,2008 -> ...,1.6 Turbo - 156 hp
MG,EHS,2021 -> ...,1.5 T-GDI - 258 hp
MG,ZS,2020 -> 2023,1.0 T-GDI - 110 hp
MG,ZS,2020 -> 2023,1.5 VTi-Tech - 106 hp
MG,ZS,10/2024 -> ...,1.5 Hybrid - 197 hp
Mini,Clubman,R55 - 2007 -> 2010,1.6 D - 110 hp
Mini,Clubman,R55 - 2007 -> 2010,1.6 Turbo - 163 hp
Mini,Clubman,R55 - 2007 -> 2010,1.6 Turbo - 184 hp
Mini,Clubman,R55 - 2007 -> 2010,1.6 Turbo - 174 hp
Mini,Clubman,R55 - 2007 -> 2010,1.6 Turbo JCW - 211 hp
Mini,Clubman,R55 - 2010 -> 2015,1.6 D - 112 hp
Mini,Clubman,R55 - 2010 -> 2015,1.6 D - 90 hp
Mini,Clubman,R55 - 2010 -> 2015,1.6 DFI - 115 hp
Mini,Clubman,R55 - 2010 -> 2015,1.6 DFI - 98 hp
Mini,Clubman,R55 - 2010 -> 2015,1.6 DFI - 120 hp
Mini,Clubman,R55 - 2010 -> 2015,1.6 Turbo - 163 hp
Mini,Clubman,R55 - 2010 -> 2015,1.6 Turbo - 184 hp
Mini,Clubman,R55 - 2010 -> 2015,2.0 D - 143 hp
Mini,Clubman,F54 - 2015 -> 2019,1.5 D - 116 hp
Mini,Clubman,F54 - 2015 -> 2019,1.5 T - 136 hp
Mini,Clubman,F54 - 2015 -> 2019,1.5 T - 102 hp
Mini,Clubman,F54 - 2015 -> 2019,2.0 D - 150 hp
Mini,Clubman,F54 - 2015 -> 2019,2.0 SD - 190 hp
Mini,Clubman,F54 - 2015 -> 2019,2.0 T - JCW - 231 hp
Mini,Clubman,F54 - 2015 -> 2019,2.0 T - S - 192 hp
Mini,Clubman,F54 LCI - 2019 -> 2023,1.5 D - 116 hp
Mini,Clubman,F54 LCI - 2019 -> 2023,1.5T (GPF) - 102 hp
Mini,Clubman,F54 LCI - 2019 -> 2023,1.5T (GPF) - 136 hp
Mini,Clubman,F54 LCI - 2019 -> 2023,2.0 D - 150 hp
Mini,Clubman,F54 LCI - 2019 -> 2023,2.0 SD - 190 hp
Mini,Clubman,F54 LCI - 2019 -> 2023,2.0T - JCW (GPF) - 306 hp
Mini,Clubman,F54 LCI - 2019 -> 2023,2.0T - S (GPF) - 192 hp
Mini,Clubman,F54 - 2015 -> 2019,2.0T - 163 hp
Mini,Clubman,F54 LCI - 2019 -> 2023,2.0 T - S (GPF) - 178 hp
Mini,Clubman,F54 LCI - 2019 -> 2023,2.0T - JCW (GPF) (07/2020 - ...) - 306 hp
Mini,Cooper,R50 - 2002 -> 2007,1.6i - 115 hp
Mini,Cooper,R56 - 2007 -> 2010,1.6 D - 109 hp
Mini,Cooper,R56 - 2007 -> 2010,1.6 DFI - 122 hp
Mini,Cooper,R56 - 2010 -> 2014,1.6 D - 112 hp
Mini,Cooper,R56 - 2010 -> 2014,1.6 DFI - 115 hp
Mini,Cooper,R56 - 2010 -> 2014,1.6 DFI - 122 hp
Mini,Cooper,R56 - 2010 -> 2014,2.0 D - 112 hp
Mini,Cooper,F56 - 03/2014 -> 2018,1.5 D - 116 hp
Mini,Cooper,F56 - 03/2014 -> 2018,1.5 Turbo - 136 hp
Mini,Cooper,F56 LCI - 2018 -> 2023,1.5 D - 116 hp
Mini,Cooper,F56 LCI - 2018 -> 2023,1.5 Turbo - 136 hp
Mini,Cooper,F65 - 02/2024 -> ...,C 1.5T - 156 hp
Mini,Cooper S ...,R53 - 2002 -> 2007,1.6 Comp - GP - 218 hp
Mini,Cooper S ...,R53 - 2002 -> 2007,1.6 Comp - JCW - 210 hp
Mini,Cooper S ...,R53 - 2002 -> 2007,1.6 Comp - S - 163 hp
Mini,Cooper S ...,R53 - 2002 -> 2007,1.6 Comp - S - 170 hp
Mini,Cooper S ...,R56 - 2007 -> 2014,GP2 - 218 hp
Mini,Cooper S ...,R56 - 2007 -> 2014,JCW - 211 hp
Mini,Cooper S ...,R56 - 2007 -> 2014,S - 163 hp
Mini,Cooper S ...,R56 - 2007 -> 2014,S - 184 hp
Mini,Cooper S ...,R56 - 2007 -> 2014,S - 175 hp
Mini,Cooper S ...,R56 - 2007 -> 2014,S - (Kit JCW) - 192 hp
Mini,Cooper S ...,R56 - 2007 -> 2014,S - (Kit JCW) - 200 hp
Mini,Cooper S ...,F56 - 03/2014 -> 2018,2.0T - 192 hp
Mini,Cooper S ...,F56 - 03/2014 -> 2018,2.0T - 163 hp
Mini,Cooper S ...,F56 - 03/2014 -> 2018,2.0T (Kit JCW Pro) - 211 hp
Mini,Cooper S ...,F56 - 03/2014 -> 2018,2.0T JCW - 231 hp
Mini,Cooper S ...,F56 LCI - 2018 -> 2023,2.0 T - JCW - 231 hp
Mini,Cooper S ...,F56 LCI - 2018 -> 2023,2.0 T - JCW (GPF) - 231 hp
Mini,Cooper S ...,F56 LCI - 2018 -> 2023,2.0 T - JCW GP (GPF) - 306 hp
Mini,Cooper S ...,F56 LCI - 2018 -> 2023,2.0 T - S - 192 hp
Mini,Cooper S ...,F56 LCI - 2018 -> 2023,2.0 T - S (GPF) - 192 hp
Mini,Cooper S ...,F56 LCI - 2018 -> 2023,2.0 T - S (GPF) - 163 hp
Mini,Cooper S ...,F56 LCI - 2018 -> 2023,2.0 T - S (GPF) - 178 hp
Mini,Cooper S D ...,R56 - 2010 -> 2014,2.0 D - 143 hp
Mini,Cooper S D ...,R56 - 2010 -> 2014,2.0 D - 136 hp
Mini,Cooper S D ...,F55/F56 - 03/2014 -> 2018,2.0 D Twin Power - 170 hp
Mini,Cooper S D ...,F55/F56 LCI - 2018 -> 2019,2.0 D Twin Power - 170 hp
Mini,Countryman,R60 - 2009 -> 2016,1.6 D - 112 hp
Mini,Countryman,R60 - 2009 -> 2016,1.6 D - 90 hp
Mini,Countryman,R60 - 2009 -> 2016,1.6 DFI - 122 hp
Mini,Countryman,R60 - 2009 -> 2016,1.6 DFI - 98 hp
Mini,Countryman,R60 - 2009 -> 2016,1.6 DFI - 115 hp
Mini,Countryman,R60 - 2009 -> 2016,1.6 T - 184 hp
Mini,Countryman,R60 - 2009 -> 2016,1.6 T - 163 hp
Mini,Countryman,R60 - 2009 -> 2016,1.6 T JCW - 215 hp
Mini,Countryman,R60 - 2009 -> 2016,2.0 D - 143 hp
Mini,Countryman,R60 - 2009 -> 2016,2.0 D - 112 hp
Mini,Countryman,F60 - 2017 -> 2020,1.5 D One - 116 hp
Mini,Countryman,F60 - 2017 -> 2020,1.5 T - 136 hp
Mini,Countryman,F60 - 2017 -> 2020,1.5 T One - 102 hp
Mini,Countryman,F60 - 2017 -> 2020,2.0 D - 150 hp
Mini,Countryman,F60 - 2017 -> 2020,2.0 SD - 190 hp
Mini,Countryman,F60 - 2017 -> 2020,2.0 T - JCW - 231 hp
Mini,Countryman,F60 - 2017 -> 2020,2.0 T - S - 192 hp
Mini,Countryman,F60 - 2017 -> 2020,2.0T - JCW (GPF) - 306 hp
Mini,Countryman,F60 - 2017 -> 2020,S-E 1.5 T - 224 hp
Mini,Countryman,F60 LCI - 05/2020 -> 2023,1.5 D - 116 hp
Mini,Countryman,F60 LCI - 05/2020 -> 2023,1.5T - 136 hp
Mini,Countryman,F60 LCI - 05/2020 -> 2023,2.0 D - 150 hp
Mini,Countryman,F60 LCI - 05/2020 -> 2023,2.0 SD - 190 hp
Mini,Countryman,F60 LCI - 05/2020 -> 2023,JCW - 2.0T - 306 hp
Mini,Countryman,F60 LCI - 05/2020 -> 2023,S - 2.0 T - 178 hp
Mini,Countryman,F60 LCI - 05/2020 -> 2023,S-E 1.5T (All4) - 220 hp
Mini,Countryman,U25 - 2024 -> ...,D 2.0D - 150 hp
Mini,Countryman,U25 - 2024 -> ...,S 2.0T - 218 hp
Mini,One / One D / Minimalist,R50 - 2002 -> 2007,One 1.4 D - 88 hp
Mini,One / One D / Minimalist,R50 - 2002 -> 2007,One 1.4 D - 75 hp
Mini,One / One D / Minimalist,R50 - 2002 -> 2007,One 1.6i - 90 hp
Mini,One / One D / Minimalist,R56 - 2007 -> 2010,One 1.4 DFI - 75 hp
Mini,One / One D / Minimalist,R56 - 2007 -> 2010,One 1.4 DFI - 95 hp
Mini,One / One D / Minimalist,R56 - 2007 -> 2010,One 1.6 DFI - 98 hp
Mini,One / One D / Minimalist,R56 - 2007 -> 2010,One 1.6D - 90 hp
Mini,One / One D / Minimalist,R56 - 2010 -> 2014,1.4 DFI - 75 hp
Mini,One / One D / Minimalist,R56 - 2010 -> 2014,1.6 D - 90 hp
Mini,One / One D / Minimalist,R56 - 2010 -> 2014,1.6 DFI - 115 hp
Mini,One / One D / Minimalist,R56 - 2010 -> 2014,1.6 DFI - 122 hp
Mini,One / One D / Minimalist,R56 - 2010 -> 2014,1.6 DFI - 98 hp
Mini,One / One D / Minimalist,R56 - 2010 -> 2014,1.6 DFI - 75 hp
Mini,One / One D / Minimalist,F56 - 06/2014 -> 2018,1.2 T - 75 hp
Mini,One / One D / Minimalist,F56 - 06/2014 -> 2018,1.2 T - 102 hp
Mini,One / One D / Minimalist,F56 - 06/2014 -> 2018,1.5 D - 95 hp
Mini,One / One D / Minimalist,F56 - 06/2014 -> 2018,1.5 T - 102 hp
Mini,One / One D / Minimalist,F56 LCI - 2018 -> 2023,1.2 T - 102 hp
Mini,One / One D / Minimalist,F56 LCI - 2018 -> 2023,1.2 T - 75 hp
Mini,One / One D / Minimalist,F56 LCI - 2018 -> 2023,1.5 D - 95 hp
Mini,One / One D / Minimalist,F56 LCI - 2018 -> 2023,1.5 T - 102 hp
Mini,One / One D / Minimalist,F56 LCI - 2018 -> 2023,1.5T - 75 hp
Mini,Roadster/Coupé,R58/R59 - 2011 -> 2015,1.6 DFi - 75 hp
Mini,Roadster/Coupé,R58/R59 - 2011 -> 2015,1.6 DFi - 98 hp
Mini,Roadster/Coupé,R58/R59 - 2011 -> 2015,1.6 DFi - 122 hp
Mini,Roadster/Coupé,R58/R59 - 2011 -> 2015,1.6 DFi - 115 hp
Mini,Roadster/Coupé,R58/R59 - 2011 -> 2015,1.6 Turbo - 163 hp
Mini,Roadster/Coupé,R58/R59 - 2011 -> 2015,1.6 Turbo - 184 hp
Mini,Roadster/Coupé,R58/R59 - 2011 -> 2015,1.6 Turbo JCW - 211 hp
Mini,Roadster/Coupé,R58/R59 - 2011 -> 2015,2.0 SD - 136 hp
Mini,Roadster/Coupé,R58/R59 - 2011 -> 2015,2.0 SD - 143 hp
Mini,Paceman,2012 -> 2016,1.6 DFi - 122 hp
Mini,Paceman,2012 -> 2016,1.6 DFi - 115 hp
Mini,Paceman,2012 -> 2016,1.6 Turbo - 163 hp
Mini,Paceman,2012 -> 2016,1.6 Turbo - 184 hp
Mini,Paceman,2012 -> 2016,1.6 Turbo - 190 hp
Mini,Paceman,2012 -> 2016,1.6 Turbo JCW - 218 hp
Mini,Paceman,2012 -> 2016,1.6D - 112 hp
Mini,Paceman,2012 -> 2016,2.0D - 136 hp
Mini,Paceman,2012 -> 2016,2.0D - 112 hp
Mini,Paceman,2012 -> 2016,2.0D - 143 hp
Mitsubishi,ASX,2010 -> 2016,1.6 DI-D - 115 hp
Mitsubishi,ASX,2010 -> 2016,1.8 DID - 115 hp
Mitsubishi,ASX,2010 -> 2016,1.8 DID - 150 hp
Mitsubishi,ASX,2010 -> 2016,2.2 DiD - 150 hp
Mitsubishi,ASX,2016 -> 2021,1.6 DiD - 114 hp
Mitsubishi,ASX,2016 -> 2021,2.2 DiD - 150 hp
Mitsubishi,ASX,2023 -> 2024,1.0T - 91 hp
Mitsubishi,ASX,2023 -> 2024,1.3T - 140 hp
Mitsubishi,ASX,10/2024 -> ...,1.0 MPI-T GPL - 100 hp
Mitsubishi,ASX,10/2024 -> ...,1.3 DI-T MHEV - 140 hp
Mitsubishi,Carisma,10/2001 -> 09/2003,1.9Di-D - 102 hp
Mitsubishi,Carisma,10/2001 -> 09/2003,1.9Di-D - 115 hp
Mitsubishi,Colt,All,1.5 DI-D - 95 hp
Mitsubishi,Colt,All,1.5 Turbo - 150 hp
Mitsubishi,EVO,All,Evo IX - 280 hp
Mitsubishi,EVO,All,Evo X - 295 hp
Mitsubishi,Grandis,2005 -> 2011,2.0 DID - 136 hp
Mitsubishi,L200,... -> 2015,2.5 DiD - 115 hp
Mitsubishi,L200,... -> 2015,2.5 DiD - 136 hp
Mitsubishi,L200,... -> 2015,2.5 DiD - 178 hp
Mitsubishi,L200,2015 -> 2023,2.4 DiD - 154 hp
Mitsubishi,L200,2015 -> 2023,2.4 DiD - 181 hp
Mitsubishi,L200,1996 -> 2006,2.5  TD100 - 100 hp
Mitsubishi,L200,1996 -> 2006,2.5 TD - 115 hp
Mitsubishi,L200,2015 -> 2023,2.2 DiD - 150 hp
Mitsubishi,Lancer,All,1.8 DID - 150 hp
Mitsubishi,Lancer,All,1.8 DiD - 115 hp
Mitsubishi,Lancer,All,2.0 DID - 140 hp
Mitsubishi,Outlander,2007 -> 2012,1.8 DID - 150 hp
Mitsubishi,Outlander,2007 -> 2012,2.0 DiD - 140 hp
Mitsubishi,Outlander,2007 -> 2012,2.2 DiD - 156 hp
Mitsubishi,Outlander,2007 -> 2012,2.2 DiD - 140 hp
Mitsubishi,Outlander,2007 -> 2012,2.2 DiD - 177 hp
Mitsubishi,Outlander,2013 -> 2016,2.2 DiD - 150 hp
Mitsubishi,Outlander,2017 -> ...,2.2 DiD - 150 hp
Mitsubishi,Pajero,2000 -> 2005,2.5 DiD - 115 hp
Mitsubishi,Pajero,2000 -> 2005,3.2 DiD - 160 hp
Mitsubishi,Pajero,2006 -> 2014,3.2 DiD - 200 hp
Mitsubishi,Pajero,2006 -> 2014,3.2 DiD - 170 hp
Mitsubishi,Pajero,2014 -> ...,3.2 DiD - 200 hp
Mitsubishi,Pajero,2014 -> ...,3.2 DiD (Euro 6) - 190 hp
Mitsubishi,Spacecar,05/2004 -> 01/2005,1.9Di-D - 102 hp
Mitsubishi,Spacecar,05/2004 -> 01/2005,1.9Di-D - 115 hp
Mitsubishi,Fuso,2006 -> ...,3.0 DDi - 130 hp
Mitsubishi,Fuso,2006 -> ...,3.0 DDi - 125 hp
Mitsubishi,Fuso,2006 -> ...,3.0 DDi - 145 hp
Mitsubishi,Fuso,2016 -> ...,3.0D - 130 hp
Mitsubishi,Fuso,2016 -> ...,3.0D - 150 hp
Mitsubishi,Delica,2017 -> ...,2.3T - 148 hp
Nissan,350Z,2003 -> 2009,3.5 V6 - 280 hp
Nissan,350Z,2003 -> 2009,3.5 V6 - 301 hp
Nissan,350Z,2003 -> 2009,3.5 V6 - 313 hp
Nissan,Almera,2000 -> 2006,1.5 dci - 82 hp
Nissan,Almera,2000 -> 2006,2.2 DITD - 126 hp
Nissan,Almera,2000 -> 2006,2.2 dCi - 110 hp
Nissan,Cabstar / NT400,... -> 2016,2.5 DCi - 100 hp
Nissan,Cabstar / NT400,... -> 2016,2.5 DCi - 120 hp
Nissan,Cabstar / NT400,... -> 2016,2.5 DCi - 130 hp
Nissan,Cabstar / NT400,... -> 2016,3.0 DCi - 150 hp
Nissan,Cabstar / NT400,2016 -> ...,3.0 DCI - 150 hp
Nissan,Cabstar / NT400,2016 -> ...,3.0 DCI - 130 hp
Nissan,Cube,2010 -> 2012,1.5 dci - 85 hp
Nissan,Cube,2010 -> 2012,1.5 dci - 110 hp
Nissan,GTR,2008 -> 2010,3.8i - 485 hp
Nissan,GTR,2011 -> ...,3.8 Bi Turbo - 530 hp
Nissan,GTR,2012 -> 2013,3.8 Bi Turbo - 550 hp
Nissan,GTR,2014 -> 2015,3.8 Bi Turbo - 550 hp
Nissan,GTR,2014 -> 2015,3.8 Bi Turbo 'Nismo' - 600 hp
Nissan,GTR,2016 -> 2017,3.8 Bi Turbo - 550 hp
Nissan,GTR,2016 -> 2017,3.8 Bi Turbo - 570 hp
Nissan,GTR,2016 -> 2017,3.8 Bi Turbo 'Nismo' - 600 hp
Nissan,GTR,2018 -> ...,3.8 Bi Turbo - 570 hp
Nissan,GTR,2018 -> ...,3.8 Bi Turbo 'Nismo' - 600 hp
Nissan,Juke,2010 -> 2018,1.2 DIG-T - 115 hp
Nissan,Juke,2010 -> 2018,1.5 DCi - 110 hp
Nissan,Juke,2010 -> 2018,1.6 - 117 hp
Nissan,Juke,2010 -> 2018,1.6 T - 190 hp
Nissan,Juke,2010 -> 2018,1.6 T Nismo - 200 hp
Nissan,Juke,2010 -> 2018,1.6 T Nismo RS - 218 hp
Nissan,Juke,2018 -> 2019,1.2 DIG-T - 115 hp
Nissan,Juke,2018 -> 2019,1.5 DCi - 110 hp
Nissan,Juke,2018 -> 2019,1.6 DIG-T - 190 hp
Nissan,Juke,2018 -> 2019,1.6 DIG-T Nismo - 218 hp
Nissan,Juke,2020 -> ...,1.0 IG-T - 100 hp
Nissan,Juke,2020 -> ...,1.3 DIG-T - 155 hp
Nissan,Juke,2020 -> ...,1.3 DIG-T - 130 hp
Nissan,Juke,2010 -> 2018,1.6 T Nismo RS - 214 hp
Nissan,Juke,2020 -> ...,1.0 DIG-T - 117 hp
Nissan,Juke,2020 -> ...,1.0 DIG-T - 114 hp
Nissan,Juke,2020 -> ...,1.6 E-TECH - 145 hp
Nissan,Kubistar,All,1.5 dci - 105 hp
Nissan,Micra,2003 -> 2016,1.5 dci - 65 hp
Nissan,Micra,2003 -> 2016,1.5 dci - 85 hp
Nissan,Micra,2016 -> 2020,0.9 TCE - 90 hp
Nissan,Micra,2016 -> 2020,1.0 DIG-T - 100 hp
Nissan,Micra,2016 -> 2020,1.0 DIG-T - 117 hp
Nissan,Micra,2016 -> 2020,1.5 DCi - 90 hp
Nissan,Micra,2021 -> ...,1.0 IG-T - 100 hp
Nissan,Micra,2021 -> ...,1.0 IG-T - 92 hp
Nissan,Murano,2009 -> 2016,2.5 DCI - 190 hp
Nissan,NP 300 - Navara,D40 - 2005 -> 2015,2.5 DCi - 172 hp
Nissan,NP 300 - Navara,D40 - 2005 -> 2015,2.5 DCi - 190 hp
Nissan,NP 300 - Navara,D40 - 2005 -> 2015,2.5 Di - 133 hp
Nissan,NP 300 - Navara,D40 - 2005 -> 2015,3.0 DCi - 231 hp
Nissan,NP 300 - Navara,D23 - 2016 -> 2019,2.3 DCi Bi-turbo (Euro 5) - 160 hp
Nissan,NP 300 - Navara,D23 - 2016 -> 2019,2.3 DCi Bi-turbo (Euro 5) - 190 hp
Nissan,NP 300 - Navara,D23 - 2016 -> 2019,2.3 DCi Bi-turbo (Euro 6) - 160 hp
Nissan,NP 300 - Navara,D23 - 2016 -> 2019,2.3 DCi Bi-turbo (Euro 6) - 190 hp
Nissan,NP 300 - Navara,2019 -> ...,2.3 BlueDCI - 190 hp
Nissan,NP 300 - Navara,2019 -> ...,2.3 BlueDCI - 160 hp
Nissan,NP 300 - Navara,D40 - 2005 -> 2015,2.3 Di - 144 hp
Nissan,NP 300 - Navara,2019 -> ...,2.3 BlueDCI (2020+) - 163 hp
Nissan,Note,2006 -> ...,1.5 dci - 103 hp
Nissan,Note,2006 -> ...,1.5 dci - 68 hp
Nissan,Note,2006 -> ...,1.5 dci - 86 hp
Nissan,Note,2006 -> ...,1.5 dci - 90 hp
Nissan,Note,2006 -> ...,1.2 DIG-S 16V (Compressor) - 98 hp
Nissan,NV 200,2009 -> ...,1.5 dci - 86 hp
Nissan,NV 200,2010 -> ...,1.5 dci - 110 hp
Nissan,NV 200,2010 -> ...,1.5 dci - 90 hp
Nissan,Pathfinder,2006 -> 2016,2.5 DCI - 163 hp
Nissan,Pathfinder,2006 -> 2016,2.5 DCI - 190 hp
Nissan,Pathfinder,2006 -> 2016,2.5 DCI - 173 hp
Nissan,Pathfinder,2006 -> 2016,3.0 DCI - 231 hp
Nissan,Pathfinder,2021 -> ...,3.5 V6 - 284 hp
Nissan,Patrol,2006 -> 2009,3.0 DI - 160 hp
Nissan,Patrol,2024 -> ...,3.5 V6 Bi-Turbo - 425 hp
Nissan,Primastar,All,1.9 DCi - 100 hp
Nissan,Primastar,All,1.9 DCi - 82 hp
Nissan,Primastar,All,2.0 DCi - 115 hp
Nissan,Primastar,All,2.0 DCi - 90 hp
Nissan,Primastar,All,2.5 DCI - 115 hp
Nissan,Primastar,All,2.5 DCI - 145 hp
Nissan,Primastar,2021 -> ...,2.0 BlueDCI - 150 hp
Nissan,Primastar,2021 -> ...,2.0 BlueDCI - 170 hp
Nissan,Primastar,2021 -> ...,2.0 BlueDCI - 130 hp
Nissan,Primera,2002 -> 2007,1.9 DCI - 115 hp
Nissan,Primera,2002 -> 2007,1.9 DCI - 120 hp
Nissan,Primera,2002 -> 2007,2.2 DCI - 126 hp
Nissan,Primera,2002 -> 2007,2.2 DCI - 139 hp
Nissan,Qashqai,2007 -> 2014,1.5 dci - 105 hp
Nissan,Qashqai,2007 -> 2014,1.5 dci - 110 hp
Nissan,Qashqai,2007 -> 2014,1.6 dci - 130 hp
Nissan,Qashqai,2007 -> 2014,2.0 dci - 150 hp
Nissan,Qashqai,02/2014 -> 2017,1.2 DIG-T - 115 hp
Nissan,Qashqai,02/2014 -> 2017,1.5 DCI - 110 hp
Nissan,Qashqai,02/2014 -> 2017,1.6 DCI - 130 hp
Nissan,Qashqai,02/2014 -> 2017,1.6 DIG-T - 163 hp
Nissan,Qashqai,2017 -> 2019,1.2 DIG-T - 115 hp
Nissan,Qashqai,2017 -> 2019,1.5 BlueDCI - 115 hp
Nissan,Qashqai,2017 -> 2019,1.5 DCI - 110 hp
Nissan,Qashqai,2017 -> 2019,1.6 DCI - 130 hp
Nissan,Qashqai,2017 -> 2019,1.6 DIG-T - 163 hp
Nissan,Qashqai,2017 -> 2019,1.7 BlueDCI - 150 hp
Nissan,Qashqai,2019 -> ...,1.3 DIG-T - 140 hp
Nissan,Qashqai,2019 -> ...,1.3 DIG-T - 160 hp
Nissan,Qashqai,2019 -> ...,1.5 BlueDCI - 115 hp
Nissan,Qashqai,2019 -> ...,1.7 BlueDCI - 150 hp
Nissan,X-Trail,... -> 2014,1.6 DCI - 130 hp
Nissan,X-Trail,... -> 2014,2.0 DCi - 150 hp
Nissan,X-Trail,... -> 2014,2.0 DCi - 173 hp
Nissan,X-Trail,... -> 2014,2.2 DCi - 136 hp
Nissan,X-Trail,2014 -> 2019,1.6 DCI - 130 hp
Nissan,X-Trail,2014 -> 2019,1.6 DIG-T - 163 hp
Nissan,X-Trail,2014 -> 2019,2.0 DCI - 177 hp
Nissan,X-Trail,2019 -> ...,1.3 DIG-T - 160 hp
Nissan,X-Trail,2019 -> ...,1.6 DCi - 130 hp
Nissan,X-Trail,2019 -> ...,1.6 DIG-T - 163 hp
Nissan,X-Trail,2019 -> ...,1.7 BlueDCI - 150 hp
Nissan,X-Trail,2019 -> ...,2.0 DCi - 177 hp
Nissan,NV 400,2010 -> 2016,2.3 DCI - 100 hp
Nissan,NV 400,2010 -> 2016,2.3 DCI - 125 hp
Nissan,NV 400,2010 -> 2016,2.3 DCI - 150 hp
Nissan,NV 400,2016 -> 2019,2.3 DCi (Euro 6) - 110 hp
Nissan,NV 400,2016 -> 2019,2.3 DCi (Euro 6) - 130 hp
Nissan,NV 400,2016 -> 2019,2.3 DCi Bi-Turbo (Euro 6) - 145 hp
Nissan,NV 400,2016 -> 2019,2.3 DCi Bi-Turbo (Euro 6) - 165 hp
Nissan,NV 400,2016 -> 2019,2.3 DCi Bi-Turbo (Euro 6) - 170 hp
Nissan,NV 400,2019 -> ...,2.3 BlueDCI - 135 hp
Nissan,NV 400,2019 -> ...,2.3 BlueDCI - 150 hp
Nissan,NV 400,2019 -> ...,2.3 BlueDCI - 180 hp
Nissan,NV 400,2019 -> ...,2.3 BlueDCI - 130 hp
Nissan,NV 400,2019 -> ...,2.3 BlueDCI - 145 hp
Nissan,NV 400,2019 -> ...,2.3 BlueDCI - 165 hp
Nissan,370Z,2009 -> ...,3.7 V6 - 331 hp
Nissan,370Z,2009 -> ...,3.7 V6 - 328 hp
Nissan,370Z,2009 -> ...,3.7 V6 Nismo - 344 hp
Nissan,Terrano 2,2002 -> 2008,2.7 tdi - 125 hp
Nissan,Pulsar,2014 -> ...,1.2 DIG-T - 115 hp
Nissan,Pulsar,2014 -> ...,1.5 DCi - 110 hp
Nissan,Pulsar,2014 -> ...,1.6 DIG-T - 190 hp
Nissan,Evalia,2014 -> ...,1.5 DCi - 90 hp
Nissan,Evalia,2014 -> ...,1.5 DCi - 110 hp
Nissan,Atleon / NT 500,2014 -> ...,3.0 DCI - 150 hp
Nissan,Tiida,2011 -> ...,1.6 Dig-T - 163 hp
Nissan,Sentra,2017 -> ...,1.6 T - 188 hp
Nissan,Interstar,2005 -> 2011,2.5 DCI - 120 hp
Nissan,Interstar,2005 -> 2011,2.5 DCI - 100 hp
Nissan,Interstar,2021 -> ...,2.3 BlueDCI - 135 hp
Nissan,Interstar,2021 -> ...,2.3 BlueDCI - 180 hp
Nissan,Interstar,2021 -> ...,2.3 BlueDCI - 150 hp
Nissan,Interstar,2021 -> ...,2.3 BlueDCI - 165 hp
Nissan,NV 300,2016 -> ...,1.6 Dci (Euro 6) - 95 hp
Nissan,NV 300,2016 -> ...,1.6 Dci Bi-Turbo (Euro 6) - 145 hp
Nissan,NV 300,2016 -> ...,1.6 Dci Bi-Turbo (Euro 6) - 125 hp
Nissan,NV 300,2016 -> ...,2.0 DCi - 120 hp
Nissan,NV 300,2016 -> ...,2.0 DCi - 145 hp
Nissan,NV 300,2016 -> ...,2.0 DCi - 170 hp
Nissan,Leaf,2011 -> 2018,109 - 109 hp
Nissan,NV 250,09/2019 -> ...,1.5 BlueDCI - 115 hp
Nissan,NV 250,09/2019 -> ...,1.5 BlueDCI - 80 hp
Nissan,NV 250,09/2019 -> ...,1.5 BlueDCI - 95 hp
Nissan,Roox,2021 -> ...,0.6T - 64 hp
Nissan,Roox,2021 -> ...,0.6T - 49 hp
Nissan,Townstar,2021 -> ...,1.3 TCE - 130 hp
Opel,Agila,2003 -> 2016,1.3 CDTI - 70 hp
Opel,Antara,2006 -> 2011,2.0 CDTI - 127 hp
Opel,Antara,2006 -> 2011,2.0 CDTI - 150 hp
Opel,Antara,2011 -> 2016,2.2 CDTI - 163 hp
Opel,Antara,2011 -> 2016,2.2 CDTI - 184 hp
Opel,Astra,H - 2004 -> 2009,1.3 CDTI - 90 hp
Opel,Astra,H - 2004 -> 2009,1.6 T - 180 hp
Opel,Astra,H - 2004 -> 2009,1.7 CDTI - 100 hp
Opel,Astra,H - 2004 -> 2009,1.7 CDTI - 110 hp
Opel,Astra,H - 2004 -> 2009,1.7 CDTI - 125 hp
Opel,Astra,H - 2004 -> 2009,1.7 CDTI - 80 hp
Opel,Astra,H - 2004 -> 2009,1.9 CDTI 16V - 150 hp
Opel,Astra,H - 2004 -> 2009,1.9 CDTI 8V - 120 hp
Opel,Astra,H - 2004 -> 2009,1.9 CDTI 8V - 100 hp
Opel,Astra,H - 2004 -> 2009,2.0 CDTI - 160 hp
Opel,Astra,H - 2004 -> 2009,2.0 DTI - 100 hp
Opel,Astra,H - 2004 -> 2009,2.0 T - 170 hp
Opel,Astra,H - 2004 -> 2009,2.0 T - 200 hp
Opel,Astra,H - 2004 -> 2009,2.0 T OPC - 240 hp
Opel,Astra,J - 09/2009 -> 2015,1.3 CDTI - 95 hp
Opel,Astra,J - 09/2009 -> 2015,1.4T - 140 hp
Opel,Astra,J - 09/2009 -> 2015,1.4T - 120 hp
Opel,Astra,J - 09/2009 -> 2015,1.6 CDTI (2014 -> ...) - 110 hp
Opel,Astra,J - 09/2009 -> 2015,1.6 CDTI (2014 ->...) - 136 hp
Opel,Astra,J - 09/2009 -> 2015,1.6T - 180 hp
Opel,Astra,J - 09/2009 -> 2015,1.6T SIDI - 170 hp
Opel,Astra,J - 09/2009 -> 2015,1.7 CDTI - 110 hp
Opel,Astra,J - 09/2009 -> 2015,1.7 CDTI - 125 hp
Opel,Astra,J - 09/2009 -> 2015,1.7 CDTI - 130 hp
Opel,Astra,J - 09/2009 -> 2015,1.7 CDTI - (2012 > ...) - 110 hp
Opel,Astra,J - 09/2009 -> 2015,2.0 CDTI - 160 hp
Opel,Astra,J - 09/2009 -> 2015,2.0 CDTI - 165 hp
Opel,Astra,J - 09/2009 -> 2015,2.0 CDTI GTC - 195 hp
Opel,Astra,J - 09/2009 -> 2015,2.0T OPC - 280 hp
Opel,Astra,K - 09/2015 -> 2019,1.0 T (3cyl) - 105 hp
Opel,Astra,K - 09/2015 -> 2019,1.4 T (4cyl) - 125 hp
Opel,Astra,K - 09/2015 -> 2019,1.4 T (4cyl) - 150 hp
Opel,Astra,K - 09/2015 -> 2019,1.6 CDTI - 95 hp
Opel,Astra,K - 09/2015 -> 2019,1.6 CDTI - 110 hp
Opel,Astra,K - 09/2015 -> 2019,1.6 CDTI - 136 hp
Opel,Astra,K - 09/2015 -> 2019,1.6 CDTI - 160 hp
Opel,Astra,K - 09/2015 -> 2019,1.6 CDTi Bi-Turbo - 150 hp
Opel,Astra,K - 09/2015 -> 2019,1.6 T - 200 hp
Opel,Astra,2020 -> ...,1.2T - 110 hp
Opel,Astra,2020 -> ...,1.2T - 130 hp
Opel,Astra,2020 -> ...,1.2T - 145 hp
Opel,Astra,2020 -> ...,1.4T - 145 hp
Opel,Astra,2020 -> ...,1.5D - 105 hp
Opel,Astra,2020 -> ...,1.5D - 122 hp
Opel,Combo,... -> 2014,1.3 CDTI - 70 hp
Opel,Combo,... -> 2014,1.3 CDTi - 75 hp
Opel,Combo,... -> 2014,1.7 CDTI - 100 hp
Opel,Combo,2014 -> 2017,1.6 CDTI - 90 hp
Opel,Combo,2014 -> 2017,1.6 CDTI - 105 hp
Opel,Combo,2018 -> ...,1.2 PureTech (GPF) - 110 hp
Opel,Combo,2018 -> ...,1.2 PureTech (GPF) - 130 hp
Opel,Combo,2018 -> ...,1.5 BlueHDI - 75 hp
Opel,Combo,2018 -> ...,1.5 BlueHDi - 100 hp
Opel,Combo,2018 -> ...,1.5 BlueHDi - 130 hp
Opel,Combo,... -> 2014,1.3 CDTi - 90 hp
Opel,Combo,2018 -> ...,1.3 CDTi - 95 hp
Opel,Combo,2018 -> ...,1.6 BlueHDI - 100 hp
Opel,Corsa,D - 2006 -> 2014,1.3 CDTI - 75 hp
Opel,Corsa,D - 2006 -> 2014,1.3 CDTI - 90 hp
Opel,Corsa,D - 2006 -> 2014,1.3 CDTI Ecotec - 95 hp
Opel,Corsa,D - 2006 -> 2014,1.4 - 86 hp
Opel,Corsa,D - 2006 -> 2014,1.4 16v - 100 hp
Opel,Corsa,D - 2006 -> 2014,1.4T - 120 hp
Opel,Corsa,D - 2006 -> 2014,1.7 CDTI - 100 hp
Opel,Corsa,D - 2006 -> 2014,1.7 CDTI - 125 hp
Opel,Corsa,D - 2006 -> 2014,1.7 CDTI - 130 hp
Opel,Corsa,D - 2006 -> 2014,GSI 1.6T - 150 hp
Opel,Corsa,D - 2006 -> 2014,OPC 1.6T - 192 hp
Opel,Corsa,D - 2006 -> 2014,OPC 1.6T Nürburgring - 210 hp
Opel,Corsa,E - 2014 -> 2019,1.0 T (3cyl) - 115 hp
Opel,Corsa,E - 2014 -> 2019,1.0 T (3cyl) - 90 hp
Opel,Corsa,E - 2014 -> 2019,1.3 CDTI - 75 hp
Opel,Corsa,E - 2014 -> 2019,1.3 CDTI - 95 hp
Opel,Corsa,E - 2014 -> 2019,1.4 16v - 90 hp
Opel,Corsa,E - 2014 -> 2019,1.4 T (4cyl) - 150 hp
Opel,Corsa,E - 2014 -> 2019,1.4 T (4cyl) - 100 hp
Opel,Corsa,E - 2014 -> 2019,1.6 T OPC - 207 hp
Opel,Corsa,F - 2019 -> ...,1.2 Turbo (GPF) - 100 hp
Opel,Corsa,F - 2019 -> ...,1.2 Turbo (GPF) - 130 hp
Opel,Corsa,F - 2019 -> ...,1.5 BlueHDi - 100 hp
Opel,Corsa,F - 2019 -> ...,1.2 Puretech - 110 hp
Opel,Corsa,F - 2019 -> ...,1.5 BlueHdi - 110 hp
Opel,GT,2007 -> 2009,2.0 T - 264 hp
Opel,Insignia / Insignia Grand Sport,2009 -> 2013,1.4 T - 120 hp
Opel,Insignia / Insignia Grand Sport,2009 -> 2013,1.4 T - 140 hp
Opel,Insignia / Insignia Grand Sport,2009 -> 2013,1.6 T - 180 hp
Opel,Insignia / Insignia Grand Sport,2009 -> 2013,1.6i - 115 hp
Opel,Insignia / Insignia Grand Sport,2009 -> 2013,2.0 CDTI - 110 hp
Opel,Insignia / Insignia Grand Sport,2009 -> 2013,2.0 CDTI - 130 hp
Opel,Insignia / Insignia Grand Sport,2009 -> 2013,2.0 CDTI - 160 hp
Opel,Insignia / Insignia Grand Sport,2009 -> 2013,2.0 CDTI - 190 hp
Opel,Insignia / Insignia Grand Sport,2009 -> 2013,2.0 CDTI - 195 hp
Opel,Insignia / Insignia Grand Sport,2009 -> 2013,2.0 T - 220 hp
Opel,Insignia / Insignia Grand Sport,2009 -> 2013,2.0 T - 250 hp
Opel,Insignia / Insignia Grand Sport,2009 -> 2013,2.0 T (Delco Injection) - 220 hp
Opel,Insignia / Insignia Grand Sport,2009 -> 2013,2.8 T - 260 hp
Opel,Insignia / Insignia Grand Sport,2009 -> 2013,2.8 T OPC - 325 hp
Opel,Insignia / Insignia Grand Sport,2009 -> 2013,GT 2.0T - 264 hp
Opel,Insignia / Insignia Grand Sport,2013 -> 2015,1.4T - 140 hp
Opel,Insignia / Insignia Grand Sport,2013 -> 2015,1.6T - 170 hp
Opel,Insignia / Insignia Grand Sport,2013 -> 2015,2.0 CDTI - 120 hp
Opel,Insignia / Insignia Grand Sport,2013 -> 2015,2.0 CDTI - 140 hp
Opel,Insignia / Insignia Grand Sport,2013 -> 2015,2.0 CDTI - 110 hp
Opel,Insignia / Insignia Grand Sport,2013 -> 2015,2.0 CDTI - 163 hp
Opel,Insignia / Insignia Grand Sport,2013 -> 2015,2.0 CDTI - 195 hp
Opel,Insignia / Insignia Grand Sport,2013 -> 2015,2.0 CDTI - 130 hp
Opel,Insignia / Insignia Grand Sport,2013 -> 2015,2.0T - 250 hp
Opel,Insignia / Insignia Grand Sport,2015 -> 2017,1.4 T - 140 hp
Opel,Insignia / Insignia Grand Sport,2015 -> 2017,1.4 T - 170 hp
Opel,Insignia / Insignia Grand Sport,2015 -> 2017,1.6 CDTI - 120 hp
Opel,Insignia / Insignia Grand Sport,2015 -> 2017,1.6 CDTI - 136 hp
Opel,Insignia / Insignia Grand Sport,2015 -> 2017,1.6 T - 170 hp
Opel,Insignia / Insignia Grand Sport,2015 -> 2017,2.0 CDTI - 170 hp
Opel,Insignia / Insignia Grand Sport,2015 -> 2017,2.8 Bi Turbo OPC - 325 hp
Opel,Insignia / Insignia Grand Sport,2017 -> 2020,1.5T - 165 hp
Opel,Insignia / Insignia Grand Sport,2017 -> 2020,1.5T - 140 hp
Opel,Insignia / Insignia Grand Sport,2017 -> 2020,1.6 CDTI - 136 hp
Opel,Insignia / Insignia Grand Sport,2017 -> 2020,1.6 CDTI - 110 hp
Opel,Insignia / Insignia Grand Sport,2017 -> 2020,1.6 T - 200 hp
Opel,Insignia / Insignia Grand Sport,2017 -> 2020,2.0 CDTI - 170 hp
Opel,Insignia / Insignia Grand Sport,2017 -> 2020,GSI - 2.0T - 260 hp
Opel,Insignia / Insignia Grand Sport,2020 -> ...,1.4T - 145 hp
Opel,Insignia / Insignia Grand Sport,2020 -> ...,1.5 CDTI - 122 hp
Opel,Insignia / Insignia Grand Sport,2020 -> ...,2.0 CDTI - 174 hp
Opel,Insignia / Insignia Grand Sport,2020 -> ...,2.0T - 200 hp
Opel,Insignia / Insignia Grand Sport,2020 -> ...,2.0T GSI - 230 hp
Opel,Insignia / Insignia Grand Sport,2017 -> 2020,2.0 Bi-CDTI - 210 hp
Opel,Meriva,... -> 2010,1.3 CDTI - 70 hp
Opel,Meriva,... -> 2010,1.3 CDTI - 75 hp
Opel,Meriva,... -> 2010,1.6 T OPC - 180 hp
Opel,Meriva,... -> 2010,1.7 CDTI - 100 hp
Opel,Meriva,... -> 2010,1.7 DTI - 75 hp
Opel,Meriva,2010 -> 2013,1.3 CDTI - 95 hp
Opel,Meriva,2010 -> 2013,1.3 CDTI - 75 hp
Opel,Meriva,2010 -> 2013,1.4 T - 120 hp
Opel,Meriva,2010 -> 2013,1.4 T - 140 hp
Opel,Meriva,2010 -> 2013,1.7 CDTI - 100 hp
Opel,Meriva,2010 -> 2013,1.7 CDTI - 110 hp
Opel,Meriva,2010 -> 2013,1.7 CDTI - 130 hp
Opel,Meriva,2010 -> 2013,1.7 CDTI - 125 hp
Opel,Meriva,2010 -> 2013,1.7 CDTI (2013 -> ...) - 110 hp
Opel,Meriva,2014 -> ...,1.4 T - 140 hp
Opel,Meriva,2014 -> ...,1.4 T - 120 hp
Opel,Meriva,2014 -> ...,1.6 CDTI - 110 hp
Opel,Meriva,2014 -> ...,1.6 CDTI - 95 hp
Opel,Meriva,2014 -> ...,1.6 CDTi - 136 hp
Opel,Movano,... -> 2010,1.9 CDTI - 82 hp
Opel,Movano,... -> 2010,2.0 CDTI - 115 hp
Opel,Movano,... -> 2010,2.2 CDTI - 90 hp
Opel,Movano,... -> 2010,2.5 CDTI - 100 hp
Opel,Movano,... -> 2010,2.5 CDTI - 120 hp
Opel,Movano,... -> 2010,2.5 CDTI - 145 hp
Opel,Movano,... -> 2010,3.0 CDTI - 136 hp
Opel,Movano,2010 -> 2014,2.3 CDTI - 100 hp
Opel,Movano,2010 -> 2014,2.3 CDTI - 125 hp
Opel,Movano,2010 -> 2014,2.3 CDTI - 146 hp
Opel,Movano,2014 -> 2016,2.3 DCi - 110 hp
Opel,Movano,2014 -> 2016,2.3 DCi - 125 hp
Opel,Movano,2014 -> 2016,2.3 DCi Bi Turbo - 135 hp
Opel,Movano,2014 -> 2016,2.3 DCi Bi Turbo - 166 hp
Opel,Movano,2016 -> 07/2021,2.3 DCi (Euro 6) - 110 hp
Opel,Movano,2016 -> 07/2021,2.3 DCi (Euro 6) - 130 hp
Opel,Movano,2016 -> 07/2021,2.3 DCi (Euro 6) - 170 hp
Opel,Movano,2016 -> 07/2021,2.3 DCi Bi-Turbo (Euro 6) - 145 hp
Opel,Movano,2016 -> 07/2021,2.3 DCi Bi-Turbo (Euro 6) - 165 hp
Opel,Movano,2016 -> 07/2021,2.3 CDTI (2019 -> ...) - 135 hp
Opel,Movano,2016 -> 07/2021,2.3 CDTI (2019 -> ...) - 150 hp
Opel,Movano,2016 -> 07/2021,2.3 CDTI (2019 -> ...) - 180 hp
Opel,Movano,2021 -> ...,2.2 BlueHDI - 140 hp
Opel,Movano,2021 -> ...,2.2 BlueHDI - 165 hp
Opel,Movano,2021 -> ...,2.2 BlueHDi - 120 hp
Opel,Signum,2003 -> 2008,1.9 CDTI - 100 hp
Opel,Signum,2003 -> 2008,1.9 CDTI - 120 hp
Opel,Signum,2003 -> 2008,1.9 CDTI - 150 hp
Opel,Signum,2003 -> 2008,2.0 T - 175 hp
Opel,Signum,2003 -> 2008,2.8 T - 250 hp
Opel,Tigra,2005 -> 2009,1.3 CDTI - 70 hp
Opel,Tigra,2005 -> 2009,1.3 CDTI - 75 hp
Opel,Vectra,2004 -> 2009,1.9 CDTI - 100 hp
Opel,Vectra,2004 -> 2009,1.9 CDTI 16V - 150 hp
Opel,Vectra,2004 -> 2009,1.9 CDTI 8V - 120 hp
Opel,Vectra,2004 -> 2009,2.8 T OPC - 255 hp
Opel,Vectra,2004 -> 2009,2.8 T OPC - 280 hp
Opel,Vivaro,... -> 2014,1.9 DTI - 100 hp
Opel,Vivaro,... -> 2014,2.0 CDTI - 115 hp
Opel,Vivaro,... -> 2014,2.0 CDTI - 90 hp
Opel,Vivaro,... -> 2014,2.5 CDTI - 115 hp
Opel,Vivaro,... -> 2014,2.5 CDTI - 145 hp
Opel,Vivaro,2014 -> 2016,1.6 CDTI (Euro 5) - 90 hp
Opel,Vivaro,2014 -> 2016,1.6 CDTI (Euro 5) - 115 hp
Opel,Vivaro,2014 -> 2016,1.6 CDTI Bi-Turbo (Euro 5) - 120 hp
Opel,Vivaro,2014 -> 2016,1.6 CDTI Bi-Turbo (Euro 5) - 140 hp
Opel,Vivaro,2016 -> 2019,1.6 Dci (Euro 6) - 95 hp
Opel,Vivaro,2016 -> 2019,1.6 Dci (Euro 6) - 120 hp
Opel,Vivaro,2016 -> 2019,1.6 Dci Bi-Turbo (Euro 6) - 125 hp
Opel,Vivaro,2016 -> 2019,1.6 Dci Bi-Turbo (Euro 6) - 145 hp
Opel,Vivaro,2019 -> ...,1.5D - 120 hp
Opel,Vivaro,2019 -> ...,1.5D - 102 hp
Opel,Vivaro,2019 -> ...,2.0D - 177 hp
Opel,Vivaro,2019 -> ...,2.0D - 150 hp
Opel,Vivaro,2019 -> ...,2.0D - 122 hp
Opel,Vivaro,2019 -> ...,2.0 D (2021 -> ...) - 145 hp
Opel,Mokka,2012 -> 2016,1.4 Turbo - 140 hp
Opel,Mokka,2012 -> 2016,1.6 CDTi - 110 hp
Opel,Mokka,2012 -> 2016,1.6 CDTi - 136 hp
Opel,Mokka,2012 -> 2016,1.7 CDTI - 130 hp
Opel,Mokka,2016 -> 2019,1.4 T - 152 hp
Opel,Mokka,2016 -> 2019,1.4 T - 140 hp
Opel,Mokka,2016 -> 2019,1.4 T - 120 hp
Opel,Mokka,2016 -> 2019,1.6 CDTi - 110 hp
Opel,Mokka,2016 -> 2019,1.6 CDTi - 136 hp
Opel,Mokka,2020 -> 2023,1.2T - 155 hp
Opel,Mokka,2020 -> 2023,1.2T - 110 hp
Opel,Mokka,2020 -> 2023,1.2T - 130 hp
Opel,Mokka,2020 -> 2023,1.5D - 100 hp
Opel,Mokka,2020 -> 2023,1.5D - 130 hp
Opel,Mokka,2020 -> 2023,1.2 Puretech - 110 hp
Opel,Mokka,2020 -> 2023,1.2 Turbo - 110 hp
Opel,Mokka,2020 -> 2023,1.5 BlueHdi - 110 hp
Opel,Mokka,2024 -> ...,1.2 Turbo - 100 hp
Opel,Mokka,2024 -> ...,1.2 Turbo - 130 hp
Opel,Mokka,2024 -> ...,1.2 Turbo - 136 hp
Opel,Cascada,2013 -> ...,1.4 Turbo - 140 hp
Opel,Cascada,2013 -> ...,1.4 Turbo - 120 hp
Opel,Cascada,2013 -> ...,1.6 Turbo - 170 hp
Opel,Cascada,2013 -> ...,1.6 Turbo - 200 hp
Opel,Cascada,2013 -> ...,1.6 Turbo - 136 hp
Opel,Cascada,2013 -> ...,2.0 CDTI - 165 hp
Opel,Cascada,2013 -> ...,2.0 CDTI - 195 hp
Opel,Cascada,2013 -> ...,2.0 CDTI - 170 hp
Opel,Adam,2012 -> ...,1.0 T (3cyl) - 90 hp
Opel,Adam,2012 -> ...,1.0T Ecotec - 115 hp
Opel,Adam,2012 -> ...,1.2 Twinport - 70 hp
Opel,Adam,2012 -> ...,1.4i 16V - 87 hp
Opel,Adam,2012 -> ...,1.4i 16v - 100 hp
Opel,Adam,2012 -> ...,S - 1.4 T - 150 hp
Opel,Zafira,B - 2005 -> 2011,1.6 T - 150 hp
Opel,Zafira,B - 2005 -> 2011,1.7 CDTI - 125 hp
Opel,Zafira,B - 2005 -> 2011,1.7 CDTI - 110 hp
Opel,Zafira,B - 2005 -> 2011,1.9 CDTI - 150 hp
Opel,Zafira,B - 2005 -> 2011,1.9 CDTI - 120 hp
Opel,Zafira,B - 2005 -> 2011,1.9 CDTI - 100 hp
Opel,Zafira,B - 2005 -> 2011,2.0 T OPC - 200 hp
Opel,Zafira,B - 2005 -> 2011,2.0 T OPC - 240 hp
Opel,Zafira,C (Tourer) - 2011 -> 2016,1.4 Turbo - 120 hp
Opel,Zafira,C (Tourer) - 2011 -> 2016,1.4 Turbo - 140 hp
Opel,Zafira,C (Tourer) - 2011 -> 2016,1.6 CDTI - 136 hp
Opel,Zafira,C (Tourer) - 2011 -> 2016,1.6 CDTI - 120 hp
Opel,Zafira,C (Tourer) - 2011 -> 2016,1.6 Turbo - 200 hp
Opel,Zafira,C (Tourer) - 2011 -> 2016,2.0 CDTI - 110 hp
Opel,Zafira,C (Tourer) - 2011 -> 2016,2.0 CDTI - 130 hp
Opel,Zafira,C (Tourer) - 2011 -> 2016,2.0 CDTI - 165 hp
Opel,Zafira,C (Tourer) - 2011 -> 2016,2.0 CDTI - 170 hp
Opel,Zafira,C (Tourer) - 2011 -> 2016,2.0 CDTI Bi Turbo - 195 hp
Opel,Zafira,C Mk2 - 2016 -> 2019,1.4 T (Ecotec) - 120 hp
Opel,Zafira,C Mk2 - 2016 -> 2019,1.4 T (Ecotec) - 140 hp
Opel,Zafira,C Mk2 - 2016 -> 2019,1.4 T Ecotec LPG - 140 hp
Opel,Zafira,C Mk2 - 2016 -> 2019,1.6 CDTI - 120 hp
Opel,Zafira,C Mk2 - 2016 -> 2019,1.6 CDTI Ecotec - 134 hp
Opel,Zafira,C Mk2 - 2016 -> 2019,1.6 T - 200 hp
Opel,Zafira,C Mk2 - 2016 -> 2019,1.6 T - 170 hp
Opel,Zafira,C Mk2 - 2016 -> 2019,1.6 T Ecotec CNG - 150 hp
Opel,Zafira,C Mk2 - 2016 -> 2019,2.0 CDTI - 130 hp
Opel,Zafira,C Mk2 - 2016 -> 2019,2.0 CDTI (Ecotec) - 170 hp
Opel,Crossland X,04/2017 -> ...,1.2 Turbo - 110 hp
Opel,Crossland X,04/2017 -> ...,1.2 Turbo - 130 hp
Opel,Crossland X,04/2017 -> ...,1.2 Turbo (GPF) - 110 hp
Opel,Crossland X,04/2017 -> ...,1.2 Turbo (GPF) - 130 hp
Opel,Crossland X,04/2017 -> ...,1.5 BlueHDi - 130 hp
Opel,Crossland X,04/2017 -> ...,1.5 D - 102 hp
Opel,Crossland X,04/2017 -> ...,1.5 D - 120 hp
Opel,Crossland X,04/2017 -> ...,1.6 BlueHDI - 100 hp
Opel,Crossland X,04/2017 -> ...,1.6 BlueHDI - 120 hp
Opel,Grandland X,2017 -> 2019,1.2T Puretech - 130 hp
Opel,Grandland X,2017 -> 2019,1.2T Puretech (GPF) - 130 hp
Opel,Grandland X,2017 -> 2019,1.5 BlueHDi - 130 hp
Opel,Grandland X,2017 -> 2019,1.5 D - 120 hp
Opel,Grandland X,2017 -> 2019,1.6 BlueHDI - 120 hp
Opel,Grandland X,2017 -> 2019,1.6 Puretech Hybrid4 - 290 hp
Opel,Grandland X,2017 -> 2019,1.6T - 180 hp
Opel,Grandland X,2017 -> 2019,2.0 BlueHDI - 150 hp
Opel,Grandland X,2017 -> 2019,2.0 BlueHDi (EAT6) - 180 hp
Opel,Grandland X,2017 -> 2019,2.0 D - 177 hp
Opel,Grandland X,2019 -> ...,1.2T Puretech (GPF) - 130 hp
Opel,Grandland X,2019 -> ...,1.5 D - 130 hp
Opel,Grandland X,2019 -> ...,1.6 Puretech Hybrid - 224 hp
Opel,Grandland X,2019 -> ...,1.6 Puretech Hybrid4 - 290 hp
Opel,Grandland X,2019 -> ...,2.0 D - 177 hp
Opel,Grandland X,2019 -> ...,1.6T Puretech (GPF) - 180 hp
Opel,Zafira Life,2019 -> ...,1.5 D - 120 hp
Opel,Zafira Life,2019 -> ...,2.0 D - 122 hp
Opel,Zafira Life,2019 -> ...,2.0 D - 150 hp
Opel,Zafira Life,2019 -> ...,2.0 D - 177 hp
Opel,Zafira Life,2019 -> ...,2.0 D (2021 -> ...) - 180 hp
Opel,Zafira Life,2019 -> ...,2.0 D (2021 -> ...) - 145 hp
Opel,Crossland,2021 -> ...,1.2 Turbo - 110 hp
Opel,Crossland,2021 -> ...,1.2 Turbo - 130 hp
Opel,Crossland,2021 -> ...,1.5D - 110 hp
Opel,Crossland,2021 -> ...,1.5D (BVA) - 120 hp
Opel,Grandland,2021 -> ...,1.2T Puretech (GPF) - 130 hp
Opel,Grandland,2021 -> ...,1.5 D - 130 hp
Opel,Grandland,2021 -> ...,1.6 Puretech Hybrid - 224 hp
Opel,Grandland,2021 -> ...,1.6 Puretech Hybrid4 - 290 hp
Opel,Grandland,2021 -> ...,1.6T Puretech (GPF) - 180 hp
Opel,Grandland,2021 -> ...,2.0 D - 177 hp
Peugeot,1007,2004 -> 2011,1.4 HDi - 70 hp
Peugeot,1007,2004 -> 2011,1.6 HDi - 110 hp
Peugeot,1007,2004 -> 2011,1.4 HDi - 68 hp
Peugeot,107,2005 -> 2014,1.4 HDi - 55 hp
Peugeot,206,2000 -> 2011,1.4 HDi - 68 hp
Peugeot,206,2000 -> 2011,1.6 16v - 110 hp
Peugeot,206,2000 -> 2011,1.6 HDi - 110 hp
Peugeot,206,2000 -> 2011,1.6 HDi - 90 hp
Peugeot,206,2000 -> 2011,2.0 16v RC - 177 hp
Peugeot,206,2000 -> 2011,2.0 HDi - 90 hp
Peugeot,206,2000 -> 2011,2.0 S16 / GTi - 138 hp
Peugeot,206,2000 -> 2011,1.4i - 75 hp
Peugeot,206,2000 -> 2011,1.4i 16v - 88 hp
Peugeot,207,2006 -> 2015,1.4 HDi - 68 hp
Peugeot,207,2006 -> 2015,1.6 16v - 110 hp
Peugeot,207,2006 -> 2015,1.6 HDi - 110 hp
Peugeot,207,2006 -> 2015,1.6 HDi - 90 hp
Peugeot,207,2006 -> 2015,1.6 HDi - 92 hp
Peugeot,207,2006 -> 2015,1.6 HDi - 112 hp
Peugeot,207,2006 -> 2015,1.6 THP - 150 hp
Peugeot,207,2006 -> 2015,1.6 VTi - 120 hp
Peugeot,207,2006 -> 2015,RC 1.6 THP - 175 hp
Peugeot,207,2006 -> 2015,1.4i 16v - 95 hp
Peugeot,3008,04/2009 -> 2013,1.6 HDi - 110 hp
Peugeot,3008,04/2009 -> 2013,1.6 HDi - 112 hp
Peugeot,3008,04/2009 -> 2013,1.6 HDi - 115 hp
Peugeot,3008,04/2009 -> 2013,1.6 THP - 150 hp
Peugeot,3008,04/2009 -> 2013,1.6 VTi - 120 hp
Peugeot,3008,04/2009 -> 2013,2.0 HDi - 150 hp
Peugeot,3008,04/2009 -> 2013,2.0 HDi - 163 hp
Peugeot,3008,2014 -> 2016,1.6 BlueHDI - 120 hp
Peugeot,3008,2014 -> 2016,1.6 THP - 155 hp
Peugeot,3008,2014 -> 2016,1.6 VTi - 120 hp
Peugeot,3008,2014 -> 2016,1.6 e-HDI - 115 hp
Peugeot,3008,2014 -> 2016,2.0 BlueHDi - 150 hp
Peugeot,3008,2014 -> 2016,2.0 HDi - 150 hp
Peugeot,3008,2014 -> 2016,2.0 HDi - 163 hp
Peugeot,3008,2014 -> 2016,2.0 HDi Hybrid4 - 200 hp
Peugeot,3008,2016 -> 2020,1.2 PureTech (GPF) - 130 hp
Peugeot,3008,2016 -> 2020,1.2T PureTech - 130 hp
Peugeot,3008,2016 -> 2020,1.5 BlueHDi - 130 hp
Peugeot,3008,2016 -> 2020,1.6 BlueHDI - 120 hp
Peugeot,3008,2016 -> 2020,1.6 BlueHDI - 100 hp
Peugeot,3008,2016 -> 2020,1.6 PureTech (GPF) - 180 hp
Peugeot,3008,2016 -> 2020,1.6 Puretech Hybrid - 225 hp
Peugeot,3008,2016 -> 2020,1.6 THP - 165 hp
Peugeot,3008,2016 -> 2020,1.6T Purtech Hybrid4 - 309 hp
Peugeot,3008,2016 -> 2020,2.0 BlueHDI - 150 hp
Peugeot,3008,2016 -> 2020,2.0 BlueHDI (06/2019 -> ...) - 150 hp
Peugeot,3008,2016 -> 2020,2.0 BlueHDI (EAT6) - 180 hp
Peugeot,3008,2016 -> 2020,2.0 BlueHDI (EAT8) - 180 hp
Peugeot,3008,11/2020 -> 2023,1.2 Puretech (GPF) - 130 hp
Peugeot,3008,11/2020 -> 2023,1.5 BlueHDI - 130 hp
Peugeot,3008,11/2020 -> 2023,1.6 Puretech (GPF) - 180 hp
Peugeot,3008,11/2020 -> 2023,1.6 Puretech Hybrid - 225 hp
Peugeot,3008,11/2020 -> 2023,1.6T Purtech Hybrid4 - 309 hp
Peugeot,3008,2024 -> ...,1.6 PureTech Hybrid - 195 hp
Peugeot,306,2000 -> 2002,2.0 HDi - 110 hp
Peugeot,306,2000 -> 2002,2.0 HDi - 90 hp
Peugeot,307,2001 -> 2008,1.4 HDi - 68 hp
Peugeot,307,2001 -> 2008,1.6 HDi - 110 hp
Peugeot,307,2001 -> 2008,1.6 HDi - 90 hp
Peugeot,307,2001 -> 2008,2.0 16v - 177 hp
Peugeot,307,2001 -> 2008,2.0 16v - 138 hp
Peugeot,307,2001 -> 2008,2.0 HDI - 150 hp
Peugeot,307,2001 -> 2008,2.0 HDi - 109 hp
Peugeot,307,2001 -> 2008,2.0 HDi - 136 hp
Peugeot,307,2001 -> 2008,2.0 HDi - 90 hp
Peugeot,307,2001 -> 2008,1.6 16v - 110 hp
Peugeot,308,Ph1 - 2007 -> 2013,1.6 HDi - 110 hp
Peugeot,308,Ph1 - 2007 -> 2013,1.6 HDi - 90 hp
Peugeot,308,Ph1 - 2007 -> 2013,1.6 HDi - 92 hp
Peugeot,308,Ph1 - 2007 -> 2013,1.6 HDi - 112 hp
Peugeot,308,Ph1 - 2007 -> 2013,1.6 THP - 150 hp
Peugeot,308,Ph1 - 2007 -> 2013,1.6 THP - 175 hp
Peugeot,308,Ph1 - 2007 -> 2013,1.6 THP - 140 hp
Peugeot,308,Ph1 - 2007 -> 2013,1.6 THP GTi - 200 hp
Peugeot,308,Ph1 - 2007 -> 2013,1.6 VTi - 120 hp
Peugeot,308,Ph1 - 2007 -> 2013,2.0 HDi - 136 hp
Peugeot,308,Ph1 - 2007 -> 2013,2.0 HDi - 150 hp
Peugeot,308,Ph1 - 2007 -> 2013,2.0 HDi - 163 hp
Peugeot,308,Ph2 - 2014 -> 2017,1.2T PureTech - 110 hp
Peugeot,308,Ph2 - 2014 -> 2017,1.2T PureTech - 130 hp
Peugeot,308,Ph2 - 2014 -> 2017,1.6 BlueHDI - 100 hp
Peugeot,308,Ph2 - 2014 -> 2017,1.6 BlueHDi - 120 hp
Peugeot,308,Ph2 - 2014 -> 2017,1.6 HDi - 92 hp
Peugeot,308,Ph2 - 2014 -> 2017,1.6 THP - 125 hp
Peugeot,308,Ph2 - 2014 -> 2017,1.6 THP - 155 hp
Peugeot,308,Ph2 - 2014 -> 2017,1.6 THP - GTI By Peugeot Sport - 270 hp
Peugeot,308,Ph2 - 2014 -> 2017,1.6 THP - GTi - 250 hp
Peugeot,308,Ph2 - 2014 -> 2017,1.6 THP GT - 205 hp
Peugeot,308,Ph2 - 2014 -> 2017,1.6 e-HDI - 115 hp
Peugeot,308,Ph2 - 2014 -> 2017,2.0 BlueHDi - 150 hp
Peugeot,308,Ph2 - 2014 -> 2017,2.0 BlueHDi (EAT6) - 180 hp
Peugeot,308,Ph3 - 09/2017 -> 2021,1.2 PureTech - 130 hp
Peugeot,308,Ph3 - 09/2017 -> 2021,1.2 PureTech - 110 hp
Peugeot,308,Ph3 - 09/2017 -> 2021,1.2 PureTech (GPF) - 110 hp
Peugeot,308,Ph3 - 09/2017 -> 2021,1.2 PureTech (GPF) - 130 hp
Peugeot,308,Ph3 - 09/2017 -> 2021,1.5 BlueHDi - 100 hp
Peugeot,308,Ph3 - 09/2017 -> 2021,1.5 BlueHDi - 130 hp
Peugeot,308,Ph3 - 09/2017 -> 2021,1.6 BlueHDi - 120 hp
Peugeot,308,Ph3 - 09/2017 -> 2021,1.6 BlueHDi - 100 hp
Peugeot,308,Ph3 - 09/2017 -> 2021,1.6 Puretech (GPF) - 225 hp
Peugeot,308,Ph3 - 09/2017 -> 2021,1.6 Puretech GTI (GPF) - 263 hp
Peugeot,308,Ph3 - 09/2017 -> 2021,1.6 THP - 205 hp
Peugeot,308,Ph3 - 09/2017 -> 2021,1.6 THP GTi - 270 hp
Peugeot,308,Ph3 - 09/2017 -> 2021,2.0 BlueHDI (06/2019 -> ...) - 150 hp
Peugeot,308,Ph3 - 09/2017 -> 2021,2.0 BlueHDi - 150 hp
Peugeot,308,Ph3 - 09/2017 -> 2021,2.0 BlueHDi (EAT6) - 180 hp
Peugeot,308,Ph3 - 09/2017 -> 2021,2.0 BlueHDi (EAT8) - 180 hp
Peugeot,308,Ph1 - 2007 -> 2013,1.6 THP - 155 hp
Peugeot,308,Ph1 - 2007 -> 2013,1.6 VTi - 110 hp
Peugeot,308,Ph3 - 09/2017 -> 2021,1.6 Puretech Hybrid - 180 hp
Peugeot,308,Ph4 - 2021 -> ...,1.2 Puretech (GPF) - 110 hp
Peugeot,308,Ph4 - 2021 -> ...,1.2 Puretech (GPF) - 130 hp
Peugeot,308,Ph4 - 2021 -> ...,1.5 BlueHDI - 130 hp
Peugeot,308,Ph4 - 2021 -> ...,1.6 PureTech Hybrid - 195 hp
Peugeot,308,Ph4 - 2021 -> ...,1.6 Puretech Hybrid - 180 hp
Peugeot,308,Ph4 - 2021 -> ...,1.6 Puretech Hybrid - 225 hp
Peugeot,4007,2007 -> 2012,2.2 HDi - 156 hp
Peugeot,406,2000 -> 2005,2.0 HDi - 110 hp
Peugeot,406,2000 -> 2005,2.0 HDi - 136 hp
Peugeot,406,2000 -> 2005,2.0 HDi - 90 hp
Peugeot,406,2000 -> 2005,2.2 HDi - 136 hp
Peugeot,406,2000 -> 2005,2.2 HDi - 133 hp
Peugeot,406,2000 -> 2005,3.0 V6 - 210 hp
Peugeot,407,2005 -> 2010,1.6 HDi - 110 hp
Peugeot,407,2005 -> 2010,2.0 HDi - 136 hp
Peugeot,407,2005 -> 2010,2.0 HDi - 163 hp
Peugeot,407,2005 -> 2010,2.2 HDi - 170 hp
Peugeot,407,2005 -> 2010,2.7 HDi V6 - 204 hp
Peugeot,407,2005 -> 2010,3.0 HDi - 241 hp
Peugeot,407,2005 -> 2010,3.0 V6 - 210 hp
Peugeot,5008,... -> 2013,1.6 HDi - 110 hp
Peugeot,5008,... -> 2013,1.6 HDi - 112 hp
Peugeot,5008,... -> 2013,1.6 THP - 156 hp
Peugeot,5008,... -> 2013,2.0 HDi - 150 hp
Peugeot,5008,... -> 2013,2.0 HDi - 163 hp
Peugeot,5008,2014 -> 2016,1.6 BlueHDi - 120 hp
Peugeot,5008,2014 -> 2016,1.6 THP - 155 hp
Peugeot,5008,2014 -> 2016,1.6 VTi - 120 hp
Peugeot,5008,2014 -> 2016,1.6 e-HDI - 115 hp
Peugeot,5008,2014 -> 2016,2.0 BlueHDi - 150 hp
Peugeot,5008,2014 -> 2016,2.0 HDi - 150 hp
Peugeot,5008,2014 -> 2016,2.0 HDi - 163 hp
Peugeot,5008,2017 -> 2020,1.2 PureTech (GPF) - 130 hp
Peugeot,5008,2017 -> 2020,1.2T PureTech - 130 hp
Peugeot,5008,2017 -> 2020,1.5 BlueHDi - 130 hp
Peugeot,5008,2017 -> 2020,1.6 BlueHDI - 100 hp
Peugeot,5008,2017 -> 2020,1.6 BlueHDI - 120 hp
Peugeot,5008,2017 -> 2020,1.6 PureTech (GPF) - 180 hp
Peugeot,5008,2017 -> 2020,1.6 Puretech Hybrid - 225 hp
Peugeot,5008,2017 -> 2020,1.6 THP - 165 hp
Peugeot,5008,2017 -> 2020,2.0 BlueHDI - 150 hp
Peugeot,5008,2017 -> 2020,2.0 BlueHDI (06/2019 -> ...) - 150 hp
Peugeot,5008,2017 -> 2020,2.0 BlueHDI (EAT6) - 180 hp
Peugeot,5008,2017 -> 2020,2.0 BlueHDi (EAT8) - 180 hp
Peugeot,5008,11/2020 -> 05/2024,1.2 PureTech (GPF) - 130 hp
Peugeot,5008,11/2020 -> 05/2024,1.5 BlueHDI - 130 hp
Peugeot,5008,11/2020 -> 05/2024,1.6 PureTech (GPF) - 180 hp
Peugeot,5008,11/2020 -> 05/2024,2.0 BlueHDi - 180 hp
Peugeot,508,Ph1 - 2011 -> 2014,1.6 HDi - 112 hp
Peugeot,508,Ph1 - 2011 -> 2014,1.6 THP - 156 hp
Peugeot,508,Ph1 - 2011 -> 2014,1.6 THP - 184 hp
Peugeot,508,Ph1 - 2011 -> 2014,1.6 THP - 163 hp
Peugeot,508,Ph1 - 2011 -> 2014,1.6 eHDi - 115 hp
Peugeot,508,Ph1 - 2011 -> 2014,2.0 HDi - 136 hp
Peugeot,508,Ph1 - 2011 -> 2014,2.0 HDi - 163 hp
Peugeot,508,Ph1 - 2011 -> 2014,2.0 HDi - 140 hp
Peugeot,508,Ph1 - 2011 -> 2014,2.0 HDi Hybrid4 - 200 hp
Peugeot,508,Ph1 - 2011 -> 2014,2.0 HDi RXH Hybrid4 - 200 hp
Peugeot,508,Ph1 - 2011 -> 2014,2.2 HDi - 204 hp
Peugeot,508,Ph1 - 2011 -> 2014,3.0 HDi - 241 hp
Peugeot,508,Ph2 - 2014 -> 2017,1.6 BlueHDi - 120 hp
Peugeot,508,Ph2 - 2014 -> 2017,1.6 THP - 156 hp
Peugeot,508,Ph2 - 2014 -> 2017,1.6 THP - 165 hp
Peugeot,508,Ph2 - 2014 -> 2017,1.6 e-HDI - 115 hp
Peugeot,508,Ph2 - 2014 -> 2017,1.8 THP - 204 hp
Peugeot,508,Ph2 - 2014 -> 2017,2.0 BlueHDi - 150 hp
Peugeot,508,Ph2 - 2014 -> 2017,2.0 BlueHDi (EAT6) - 180 hp
Peugeot,508,Ph2 - 2014 -> 2017,2.0 HDi - 160 hp
Peugeot,508,Ph2 - 2014 -> 2017,2.0 HDi RXH Hybrid - 200 hp
Peugeot,508,Ph2 - 2014 -> 2017,2.2 HDi - 204 hp
Peugeot,508,Ph3 - 09/2018 -> ...,1.5 BlueHDi - 130 hp
Peugeot,508,Ph3 - 09/2018 -> ...,1.6 PureTech (GPF) - 180 hp
Peugeot,508,Ph3 - 09/2018 -> ...,1.6 Puretech - 270 hp
Peugeot,508,Ph3 - 09/2018 -> ...,1.6 Puretech (GPF) - 225 hp
Peugeot,508,Ph3 - 09/2018 -> ...,2.0 BlueHDi - 160 hp
Peugeot,508,Ph3 - 09/2018 -> ...,2.0 BlueHDi (EAT8) - 180 hp
Peugeot,508,Ph2 - 2014 -> 2017,2.0 BlueHDi - 136 hp
Peugeot,508,Ph3 - 09/2018 -> ...,1.2 PureTech (GPF) - 130 hp
Peugeot,508,Ph3 - 09/2018 -> ...,2.0 BlueHDi (EAT8) - 160 hp
Peugeot,607,2000 -> 2011,2.0 HDi - 109 hp
Peugeot,607,2000 -> 2011,2.0 HDi - 136 hp
Peugeot,607,2000 -> 2011,2.2 HDi - 133 hp
Peugeot,607,2000 -> 2011,2.2 HDi - 170 hp
Peugeot,607,2000 -> 2011,2.7 HDi V6 - 204 hp
Peugeot,607,2000 -> 2011,3.0 HDi - 240 hp
Peugeot,607,2000 -> 2011,3.0 V6 - 210 hp
Peugeot,807,2002 -> 2015,2.0 HDi - 110 hp
Peugeot,807,2002 -> 2015,2.0 HDi - 120 hp
Peugeot,807,2002 -> 2015,2.0 HDi - 136 hp
Peugeot,807,2002 -> 2015,2.0 HDi - 163 hp
Peugeot,807,2002 -> 2015,2.2 HDi - 128 hp
Peugeot,807,2002 -> 2015,2.2 HDi - 163 hp
Peugeot,807,2002 -> 2015,3.0 V6 - 210 hp
Peugeot,Bipper,2009 -> ...,1.3 HDI - 80 hp
Peugeot,Bipper,2009 -> ...,1.3 HDi - 75 hp
Peugeot,Bipper,2009 -> ...,1.4 HDI - 70 hp
Peugeot,Boxer,... -> 2014,2.2 HDi - 100 hp
Peugeot,Boxer,... -> 2014,2.2 HDi - 120 hp
Peugeot,Boxer,... -> 2014,2.2 HDi - 110 hp
Peugeot,Boxer,... -> 2014,2.2 HDi - 150 hp
Peugeot,Boxer,... -> 2014,2.2 HDi - 130 hp
Peugeot,Boxer,... -> 2014,3.0 HDi - 160 hp
Peugeot,Boxer,... -> 2014,3.0 HDi - 180 hp
Peugeot,Boxer,2014 -> 2019,2.0 BlueHDI - 110 hp
Peugeot,Boxer,2014 -> 2019,2.0 BlueHDI - 130 hp
Peugeot,Boxer,2014 -> 2019,2.0 BlueHDI - 160 hp
Peugeot,Boxer,2014 -> 2019,2.2 HDi - 110 hp
Peugeot,Boxer,2014 -> 2019,2.2 HDi - 130 hp
Peugeot,Boxer,2014 -> 2019,2.2 HDi - 150 hp
Peugeot,Boxer,2014 -> 2019,3.0 HDi - 180 hp
Peugeot,Boxer,2019 -> 2023,2.2 BlueHDI - 165 hp
Peugeot,Boxer,2019 -> 2023,2.2 BlueHDI - 140 hp
Peugeot,Boxer,2019 -> 2023,2.2 BlueHDi - 120 hp
Peugeot,Boxer,2024 -> ...,2.2 BlueHDI - 120 hp
Peugeot,Boxer,2024 -> ...,2.2 BlueHDI - 180 hp
Peugeot,Boxer,2024 -> ...,2.2.BlueHDI - 140 hp
Peugeot,Expert / Traveller,... -> 2016,1.6 HDI - 115 hp
Peugeot,Expert / Traveller,... -> 2016,1.6 HDi - 90 hp
Peugeot,Expert / Traveller,... -> 2016,2.0 HDi - 110 hp
Peugeot,Expert / Traveller,... -> 2016,2.0 HDi - 120 hp
Peugeot,Expert / Traveller,... -> 2016,2.0 HDi - 136 hp
Peugeot,Expert / Traveller,... -> 2016,2.0 HDi - 90 hp
Peugeot,Expert / Traveller,... -> 2016,2.0 HDi - 160 hp
Peugeot,Expert / Traveller,... -> 2016,2.0 HDi ( ... -> 2011) - 128 hp
Peugeot,Expert / Traveller,... -> 2016,2.0 HDi ( 2011 -> ...) - 128 hp
Peugeot,Expert / Traveller,2016 -> 2019,1.6 BlueHDI - 95 hp
Peugeot,Expert / Traveller,2016 -> 2019,1.6 BlueHDI - 115 hp
Peugeot,Expert / Traveller,2016 -> 2019,2.0 BlueHDI - 177 hp
Peugeot,Expert / Traveller,2016 -> 2019,2.0 BlueHDi - 120 hp
Peugeot,Expert / Traveller,2016 -> 2019,2.0 BlueHDi - 150 hp
Peugeot,Expert / Traveller,2016 -> 2019,2.0 BlueHDi (EAT6) - 180 hp
Peugeot,Expert / Traveller,2019 -> 2024,1.5 BlueHDI - 120 hp
Peugeot,Expert / Traveller,2019 -> 2024,1.5 BlueHDi - 100 hp
Peugeot,Expert / Traveller,2019 -> 2024,2.0 BlueHDi - 120 hp
Peugeot,Expert / Traveller,2019 -> 2024,2.0 BlueHDi - 150 hp
Peugeot,Expert / Traveller,2019 -> 2024,2.0 BlueHDi - 180 hp
Peugeot,Expert / Traveller,2019 -> 2024,2.0 BlueHDi (2021 -> ...) - 145 hp
Peugeot,Expert / Traveller,2024 -> ...,1.5 BlueHDI - 120 hp
Peugeot,Expert / Traveller,2024 -> ...,2.0 BlueHDI - 145 hp
Peugeot,Expert / Traveller,2024 -> ...,2.0 BlueHDI - 180 hp
Peugeot,Partner,... -> 2015,1.6 HDi - 110 hp
Peugeot,Partner,... -> 2015,1.6 HDi - 75 hp
Peugeot,Partner,... -> 2015,1.6 HDi - 90 hp
Peugeot,Partner,... -> 2015,1.6 HDi - 92 hp
Peugeot,Partner,... -> 2015,1.6 HDi - 115 hp
Peugeot,Partner,... -> 2015,2.0 HDi - 90 hp
Peugeot,Partner,06/2015 -> 2017,1.2T PureTech - 110 hp
Peugeot,Partner,06/2015 -> 2017,1.6 BlueHDI - 75 hp
Peugeot,Partner,06/2015 -> 2017,1.6 BlueHDI - 100 hp
Peugeot,Partner,06/2015 -> 2017,1.6 BlueHDI - 120 hp
Peugeot,Partner,2018 -> ...,1.2 PureTech (GPF) - 110 hp
Peugeot,Partner,2018 -> ...,1.2 PureTech (GPF) - 130 hp
Peugeot,Partner,2018 -> ...,1.5 BlueHDI - 75 hp
Peugeot,Partner,2018 -> ...,1.5 BlueHDi - 100 hp
Peugeot,Partner,2018 -> ...,1.5 BlueHDi - 130 hp
Peugeot,RCZ,Ph1 - 2010 -> 2013,1.6 THP - 156 hp
Peugeot,RCZ,Ph1 - 2010 -> 2013,1.6 THP - 200 hp
Peugeot,RCZ,Ph1 - 2010 -> 2013,2.0 HDI - 163 hp
Peugeot,RCZ,Ph2 - 2013 -> 2015,1.6 THP - 155 hp
Peugeot,RCZ,Ph2 - 2013 -> 2015,1.6 THP - 200 hp
Peugeot,RCZ,Ph2 - 2013 -> 2015,1.6 THP - R - 270 hp
Peugeot,RCZ,Ph2 - 2013 -> 2015,2.0 HDi - 160 hp
Peugeot,208,03/2012 -> 2015,1.4 HDi - 68 hp
Peugeot,208,03/2012 -> 2015,1.6 BlueHDI - 120 hp
Peugeot,208,03/2012 -> 2015,1.6 THP - 156 hp
Peugeot,208,03/2012 -> 2015,1.6 VTi - 120 hp
Peugeot,208,03/2012 -> 2015,1.6 e-HDi - 92 hp
Peugeot,208,03/2012 -> 2015,1.6 e-HDi - 115 hp
Peugeot,208,03/2012 -> 2015,GTI 1.6 THP - 200 hp
Peugeot,208,03/2012 -> 2015,GTI 30th 1.6 THP - 208 hp
Peugeot,208,06/2015 -> 2019,1.2 PureTech (GPF) - 110 hp
Peugeot,208,06/2015 -> 2019,1.2T PureTech - 110 hp
Peugeot,208,06/2015 -> 2019,1.5 BlueHDi - 100 hp
Peugeot,208,06/2015 -> 2019,1.6 BlueHDI - 100 hp
Peugeot,208,06/2015 -> 2019,1.6 BlueHDI - 120 hp
Peugeot,208,06/2015 -> 2019,1.6 BlueHDi - 75 hp
Peugeot,208,06/2015 -> 2019,1.6 THP - 165 hp
Peugeot,208,06/2015 -> 2019,1.6 THP GTi - 208 hp
Peugeot,208,06/2015 -> 2019,1.6 THP GTi by Peugeot Sport - 208 hp
Peugeot,208,10/2019 -> ...,1.2 PureTech (GPF) - 100 hp
Peugeot,208,10/2019 -> ...,1.2 PureTech (GPF) - 130 hp
Peugeot,208,10/2019 -> ...,1.5 BlueHDi - 100 hp
Peugeot,208,03/2012 -> 2015,1.4 VTi - 95 hp
Peugeot,4008,2012 -> ...,1.6 HDi - 112 hp
Peugeot,4008,2012 -> ...,1.6 HDi - 115 hp
Peugeot,4008,2012 -> ...,1.8 HDi - 150 hp
Peugeot,2008,2013 -> 2016,1.2T PureTech - 110 hp
Peugeot,2008,2013 -> 2016,1.2T PureTech - 130 hp
Peugeot,2008,2013 -> 2016,1.4 e-HDI - 68 hp
Peugeot,2008,2013 -> 2016,1.6 BlueHDI - 75 hp
Peugeot,2008,2013 -> 2016,1.6 BlueHDI - 100 hp
Peugeot,2008,2013 -> 2016,1.6 BlueHDi - 120 hp
Peugeot,2008,2013 -> 2016,1.6 VTI - 120 hp
Peugeot,2008,2013 -> 2016,1.6 e-HDI - 92 hp
Peugeot,2008,2013 -> 2016,1.6 e-HDI - 115 hp
Peugeot,2008,10/2016 -> 2020,1.2 PureTech (GPF) - 130 hp
Peugeot,2008,10/2016 -> 2020,1.2 PureTech (GPF) - 110 hp
Peugeot,2008,10/2016 -> 2020,1.2T PureTech - 110 hp
Peugeot,2008,10/2016 -> 2020,1.2T PureTech - 130 hp
Peugeot,2008,10/2016 -> 2020,1.5 BlueHDi - 130 hp
Peugeot,2008,10/2016 -> 2020,1.5 BlueHDi - 100 hp
Peugeot,2008,10/2016 -> 2020,1.6 BlueHDi - 75 hp
Peugeot,2008,10/2016 -> 2020,1.6 BlueHDi - 100 hp
Peugeot,2008,10/2016 -> 2020,1.6 BlueHDi - 120 hp
Peugeot,2008,2020 -> 2023,1.2 PureTech (GPF) - 130 hp
Peugeot,2008,2020 -> 2023,1.2 PureTech (GPF) - 100 hp
Peugeot,2008,2020 -> 2023,1.2 PureTech (GPF) - 155 hp
Peugeot,2008,2020 -> 2023,1.5 BlueHDi - 100 hp
Peugeot,2008,2020 -> 2023,1.5 BlueHDi - 130 hp
Peugeot,2008,2020 -> 2023,1.5 BlueHDi - 110 hp
Peugeot,2008,2024 -> ...,1.2 PureTech - 100 hp
Peugeot,2008,2024 -> ...,1.2 PureTech - 130 hp
Peugeot,6008,2017 -> ...,1.2 PureTech (GPF) - 130 hp
Peugeot,6008,2017 -> ...,1.2T PureTech - 130 hp
Peugeot,6008,2017 -> ...,1.6 BlueHDi - 120 hp
Peugeot,6008,2017 -> ...,1.6 THP - 165 hp
Peugeot,6008,2017 -> ...,1.6 THP - 205 hp
Peugeot,6008,2017 -> ...,2.0 BlueHDi - 150 hp
Peugeot,6008,2017 -> ...,2.0 BlueHDi (EAT6) - 180 hp
Peugeot,408,All,1.6 THP - 163 hp
Peugeot,408,All,1.8 THP - 204 hp
Peugeot,408,Facelift - 2022 -> ...,1.2 PureTech (GPF) - 130 hp
Peugeot,Rifter,2018 -> ...,1.2 PureTech (GPF) - 110 hp
Peugeot,Rifter,2018 -> ...,1.2 PureTech (GPF) - 130 hp
Peugeot,Rifter,2018 -> ...,1.5 BlueHDI - 75 hp
Peugeot,Rifter,2018 -> ...,1.5 BlueHDi - 100 hp
Peugeot,Rifter,2018 -> ...,1.5 BlueHDi - 130 hp
Porsche,Cayman,987 - 2006 -> 2013,2.7i - 211 hp
Porsche,Cayman,987 - 2006 -> 2013,2.7i - 245 hp
Porsche,Cayman,987 - 2006 -> 2013,2.9i - 211 hp
Porsche,Cayman,987 - 2006 -> 2013,2.9i - 265 hp
Porsche,Cayman,987 - 2006 -> 2013,3.4 DFI R - 330 hp
Porsche,Cayman,987 - 2006 -> 2013,3.4 DFI S - 320 hp
Porsche,Cayman,987 - 2006 -> 2013,3.4 DFI S - 310 hp
Porsche,Cayman,987 - 2006 -> 2013,3.4i - 295 hp
Porsche,Cayman,987 - 2006 -> 2013,3.4i S - 303 hp
Porsche,Cayman,981 - 2013 -> 2015,2.7 DFI - 275 hp
Porsche,Cayman,981 - 2013 -> 2015,2.7 DFI - 211 hp
Porsche,Cayman,981 - 2013 -> 2015,3.4 DFI - 325 hp
Porsche,Cayman,981 - 2013 -> 2015,3.4 DFI GTS - 340 hp
Porsche,Cayman,981 - 2013 -> 2015,3.8 DFI GT4 - 385 hp
Porsche,Cayman,718 - 2016 -> ...,2.0T - 300 hp
Porsche,Cayman,718 - 2016 -> ...,2.0T - 250 hp
Porsche,Cayman,718 - 2016 -> ...,GT4 - 4.0 - 420 hp
Porsche,Cayman,718 - 2016 -> ...,GTS - 2.5T - 365 hp
Porsche,Cayman,718 - 2016 -> ...,GTS - 4.0 - 400 hp
Porsche,Cayman,718 - 2016 -> ...,S - 2.5T - 350 hp
Porsche,Cayman,718 - 2016 -> ...,GT4 RS - 4.0 - 500 hp
Porsche,Panamera,970 - 2009 -> 2013,3.0 DFI Hybrid - 380 hp
Porsche,Panamera,970 - 2009 -> 2013,3.0 DFI S E-Hybrid - 416 hp
Porsche,Panamera,970 - 2009 -> 2013,3.0 TDi - 240 hp
Porsche,Panamera,970 - 2009 -> 2013,3.0 TDi - 250 hp
Porsche,Panamera,970 - 2009 -> 2013,3.6 DFI - 300 hp
Porsche,Panamera,970 - 2009 -> 2013,4.8 DFI S/4S - 400 hp
Porsche,Panamera,970 - 2009 -> 2013,4.8 DFI Turbo - 500 hp
Porsche,Panamera,970 - 2009 -> 2013,4.8 DFI Turbo S - 550 hp
Porsche,Panamera,970 - 2009 -> 2013,4.8 DFI V8 GTS - 430 hp
Porsche,Panamera,970 - 2013 -> 2016,3.0 DFI - 320 hp
Porsche,Panamera,970 - 2013 -> 2016,3.0 DFI S E-Hybrid - 416 hp
Porsche,Panamera,970 - 2013 -> 2016,3.0 V6 Bi TDI - 300 hp
Porsche,Panamera,970 - 2013 -> 2016,3.0T S - 420 hp
Porsche,Panamera,970 - 2013 -> 2016,3.6 DFI - 310 hp
Porsche,Panamera,970 - 2013 -> 2016,4.8 DFI S/4S - 420 hp
Porsche,Panamera,970 - 2013 -> 2016,4.8 DFI Turbo - 520 hp
Porsche,Panamera,970 - 2013 -> 2016,4.8 DFI Turbo S - 570 hp
Porsche,Panamera,970 - 2013 -> 2016,4.8 DFI V8 GTS - 440 hp
Porsche,Panamera,971 - 2017 -> 2020,2.9T - 440 hp
Porsche,Panamera,971 - 2017 -> 2020,2.9T E-Hybrid - 462 hp
Porsche,Panamera,971 - 2017 -> 2020,3.0T - 330 hp
Porsche,Panamera,971 - 2017 -> 2020,4.0D - 422 hp
Porsche,Panamera,971 - 2017 -> 2020,4.0T S E-Hybrid - 680 hp
Porsche,Panamera,971 - 2017 -> 2020,4.0T Turbo - 550 hp
Porsche,Panamera,971 - 2017 -> 2020,GTS 4.0T - 460 hp
Porsche,Panamera,970 - 2009 -> 2013,4.8 DFI V8 Turbo - 540 hp
Porsche,Panamera,971.2 - 2020 -> ...,2.9T - 353 hp
Porsche,Panamera,971.2 - 2020 -> ...,2.9T - 330 hp
Porsche,Panamera,971.2 - 2020 -> ...,2.9T E-Hybrid - 462 hp
Porsche,Panamera,971.2 - 2020 -> ...,2.9T S E-Hybrid - 560 hp
Porsche,Panamera,971.2 - 2020 -> ...,4.0 V8 Turbo E-Hybrid PHEV - 680 hp
Porsche,Panamera,971.2 - 2020 -> ...,4.0T - GTS - 480 hp
Porsche,Panamera,971.2 - 2020 -> ...,4.0T - Turbo S - 630 hp
Porsche,Panamera,971.2 - 2020 -> ...,4.0T - Turbo S E-Hybrid - 700 hp
Porsche,Cayenne,955 - 2002 -> 2006,3.2i v6 - 250 hp
Porsche,Cayenne,955 - 2002 -> 2006,4.5i S - 340 hp
Porsche,Cayenne,955 - 2002 -> 2006,4.5i Turbo - 450 hp
Porsche,Cayenne,955 - 2002 -> 2006,4.5i Turbo S - 520 hp
Porsche,Cayenne,955 - 2002 -> 2006,4.5i Turbo X51 - 500 hp
Porsche,Cayenne,957 - 2007 -> 2010,3.0 TDI - 211 hp
Porsche,Cayenne,957 - 2007 -> 2010,3.0 TDI - 240 hp
Porsche,Cayenne,957 - 2007 -> 2010,3.6 V6 - 290 hp
Porsche,Cayenne,957 - 2007 -> 2010,4.8 V8 GTS - 405 hp
Porsche,Cayenne,957 - 2007 -> 2010,4.8 V8 S - 385 hp
Porsche,Cayenne,957 - 2007 -> 2010,4.8i Turbo - 500 hp
Porsche,Cayenne,957 - 2007 -> 2010,4.8i Turbo S - 550 hp
Porsche,Cayenne,958 - 2010 -> 2014,3.0 DFI S E-Hybrid - 416 hp
Porsche,Cayenne,958 - 2010 -> 2014,3.0 DFI S Hybrid - 380 hp
Porsche,Cayenne,958 - 2010 -> 2014,3.0 TDI - 211 hp
Porsche,Cayenne,958 - 2010 -> 2014,3.0 TDI - 240 hp
Porsche,Cayenne,958 - 2010 -> 2014,3.0 TDI - 245 hp
Porsche,Cayenne,958 - 2010 -> 2014,3.6 DFI - 300 hp
Porsche,Cayenne,958 - 2010 -> 2014,4.2 V8 TDI - 382 hp
Porsche,Cayenne,958 - 2010 -> 2014,4.8 DFI V8 GTS - 420 hp
Porsche,Cayenne,958 - 2010 -> 2014,4.8 DFI V8 S - 400 hp
Porsche,Cayenne,958 - 2010 -> 2014,4.8 DFI V8 Turbo - 500 hp
Porsche,Cayenne,958 - 2010 -> 2014,4.8 DFI V8 Turbo S - 550 hp
Porsche,Cayenne,958.2 - 2014 -> 2017,3.0 DFI S E-Hybrid - 416 hp
Porsche,Cayenne,958.2 - 2014 -> 2017,3.0 V6 TDI - 211 hp
Porsche,Cayenne,958.2 - 2014 -> 2017,3.0 V6 TDI - 262 hp
Porsche,Cayenne,958.2 - 2014 -> 2017,3.6 DFI - 300 hp
Porsche,Cayenne,958.2 - 2014 -> 2017,3.6T DFI GTS - 440 hp
Porsche,Cayenne,958.2 - 2014 -> 2017,3.6T S DFI - 420 hp
Porsche,Cayenne,958.2 - 2014 -> 2017,4.2 V8 TDI - 385 hp
Porsche,Cayenne,958.2 - 2014 -> 2017,4.8 DFI V8 Turbo - 520 hp
Porsche,Cayenne,958.2 - 2014 -> 2017,4.8 DFI V8 Turbo S - 570 hp
Porsche,Cayenne,E3 - 2018 -> 2023,2.9T - 440 hp
Porsche,Cayenne,E3 - 2018 -> 2023,3.0T - 340 hp
Porsche,Cayenne,E3 - 2018 -> 2023,3.0T E-Hybrid - 462 hp
Porsche,Cayenne,E3 - 2018 -> 2023,4.0T S E-Hybrid - 680 hp
Porsche,Cayenne,E3 - 2018 -> 2023,4.0T Turbo - 550 hp
Porsche,Cayenne,958 - 2010 -> 2014,4.8 DFI V8 Turbo (Power Kit) - 540 hp
Porsche,Cayenne,E3 - 2018 -> 2023,GTS 4.0T - 460 hp
Porsche,Cayenne,E3 - 2018 -> 2023,Turbo Coupé GT - 640 hp
Porsche,Cayenne,E3.2 - 04/2023 -> ...,3.0T - 353 hp
Porsche,Cayenne,E3.2 - 04/2023 -> ...,E-Hybrid - 470 hp
Porsche,Cayenne,E3.2 - 04/2023 -> ...,S - 474 hp
Porsche,911,996 - 1997 -> 2006,3.4i Carrera - 300 hp
Porsche,911,996 - 1997 -> 2006,3.6i Carrera - 320 hp
Porsche,911,996 - 1997 -> 2006,3.6i Carrera - 345 hp
Porsche,911,996 - 1997 -> 2006,3.6i GT2 - 462 hp
Porsche,911,996 - 1997 -> 2006,3.6i GT3 - 360 hp
Porsche,911,996 - 1997 -> 2006,3.6i GT3 - 381 hp
Porsche,911,996 - 1997 -> 2006,3.6i GT3 RS - 400 hp
Porsche,911,996 - 1997 -> 2006,3.6i Turbo - 420 hp
Porsche,911,996 - 1997 -> 2006,3.6i Turbo S ( and X50 ) - 450 hp
Porsche,911,997 - 2004 -> 2011,3.6 DFI Carrera - 345 hp
Porsche,911,997 - 2004 -> 2011,3.6i Carrera - 325 hp
Porsche,911,997 - 2004 -> 2011,3.6i GT2 - 530 hp
Porsche,911,997 - 2004 -> 2011,3.6i GT2 RS - 620 hp
Porsche,911,997 - 2004 -> 2011,3.6i GT3 - 415 hp
Porsche,911,997 - 2004 -> 2011,3.6i GT3 RS - 415 hp
Porsche,911,997 - 2004 -> 2011,3.6i Turbo - 480 hp
Porsche,911,997 - 2004 -> 2011,3.8 DFI Carrera GTS - 408 hp
Porsche,911,997 - 2004 -> 2011,3.8 DFI Carrera S - 385 hp
Porsche,911,997 - 2004 -> 2011,3.8 DFI Turbo - 500 hp
Porsche,911,997 - 2004 -> 2011,3.8 DFI Turbo S - 530 hp
Porsche,911,997 - 2004 -> 2011,3.8 GT3 - 435 hp
Porsche,911,997 - 2004 -> 2011,3.8 GT3 RS - 435 hp
Porsche,911,997 - 2004 -> 2011,3.8 GT3 RS (and CUP ) - 450 hp
Porsche,911,997 - 2004 -> 2011,3.8i Carrera S - 355 hp
Porsche,911,997 - 2004 -> 2011,3.8i Carrera S X51 - 376 hp
Porsche,911,997 - 2004 -> 2011,4.0 GT3 RS 4.0 - 500 hp
Porsche,911,991 - 2011 -> 2015,3.4 DFI Carrera - 350 hp
Porsche,911,991 - 2011 -> 2015,3.8 DFI Carrera S - 400 hp
Porsche,911,991 - 2011 -> 2015,3.8 DFI GT3 - 476 hp
Porsche,911,991 - 2011 -> 2015,3.8 DFI GTS - 430 hp
Porsche,911,991 - 2011 -> 2015,3.8 DFI Turbo - 520 hp
Porsche,911,991 - 2011 -> 2015,3.8 DFI Turbo S - 560 hp
Porsche,911,991 - 2011 -> 2015,4.0 DFI GT3 RS - 500 hp
Porsche,911,991.2 - 2016 -> 2018,3.0T Carrera / 4 - 370 hp
Porsche,911,991.2 - 2016 -> 2018,3.0T Carrera GTS / 4 GTS - 450 hp
Porsche,911,991.2 - 2016 -> 2018,3.0T Carrera S / 4S - 420 hp
Porsche,911,991.2 - 2016 -> 2018,3.8 Turbo - 540 hp
Porsche,911,991.2 - 2016 -> 2018,3.8 Turbo S - 580 hp
Porsche,911,991.2 - 2016 -> 2018,3.8 Turbo S Exclusive - 607 hp
Porsche,911,991.2 - 2016 -> 2018,3.8T GT2 RS - 700 hp
Porsche,911,991.2 - 2016 -> 2018,4.0 R - 500 hp
Porsche,911,991.2 - 2016 -> 2018,GT3 - 500 hp
Porsche,911,991.2 - 2016 -> 2018,GT3 RS - 520 hp
Porsche,911,992 - 2019 -> 2023,3.0T - 385 hp
Porsche,911,992 - 2019 -> 2023,3.0T - 450 hp
Porsche,911,992 - 2019 -> 2023,3.0T - 480 hp
Porsche,911,992 - 2019 -> 2023,3.8 Bi-Turbo - 580 hp
Porsche,911,992 - 2019 -> 2023,3.8 Bi-Turbo S - 650 hp
Porsche,911,992 - 2019 -> 2023,GT3 - 520 hp
Porsche,911,992 - 2019 -> 2023,4.0 ST - 525 hp
Porsche,911,992 - 2019 -> 2023,GT3 - 510 hp
Porsche,911,992 - 2019 -> 2023,GT3 RS - 525 hp
Porsche,911,992 - 2019 -> 2023,GTS Le Mans Edition - 480 hp
Porsche,911,992.2 - 05/2024 -> ...,3.6 Bi-Turbo MHEV Carrera GTS / 4 GTS - 541 hp
Porsche,911,992.2 - 05/2024 -> ...,GT3 4.0 - 510 hp
Porsche,Boxster,987 - 2005 -> 2011,2.7i - 211 hp
Porsche,Boxster,987 - 2005 -> 2011,2.7i - 240 hp
Porsche,Boxster,987 - 2005 -> 2011,2.7i ( > 2007 ) - 211 hp
Porsche,Boxster,987 - 2005 -> 2011,2.7i ( > 2007 ) - 245 hp
Porsche,Boxster,987 - 2005 -> 2011,2.9i - 211 hp
Porsche,Boxster,987 - 2005 -> 2011,2.9i - 256 hp
Porsche,Boxster,987 - 2005 -> 2011,RS60 3.4i - 303 hp
Porsche,Boxster,987 - 2005 -> 2011,S 3.2i - 280 hp
Porsche,Boxster,987 - 2005 -> 2011,S 3.4 DFI - 310 hp
Porsche,Boxster,987 - 2005 -> 2011,S 3.4i - 295 hp
Porsche,Boxster,987 - 2005 -> 2011,Spyder 3.4 DFI - 320 hp
Porsche,Boxster,981 - 2012 -> 2016,2.7 DFI - 265 hp
Porsche,Boxster,981 - 2012 -> 2016,2.7 DFI - 211 hp
Porsche,Boxster,981 - 2012 -> 2016,3.4 DFI GTS - 330 hp
Porsche,Boxster,981 - 2012 -> 2016,3.4 DFI S - 315 hp
Porsche,Boxster,981 - 2012 -> 2016,3.8 DFI Spyder - 375 hp
Porsche,Boxster,718 - 2016 -> ...,2.0T - 300 hp
Porsche,Boxster,718 - 2016 -> ...,2.0T - 250 hp
Porsche,Boxster,718 - 2016 -> ...,GT4 - 4.0 - 420 hp
Porsche,Boxster,718 - 2016 -> ...,GTS - 2.5T - 365 hp
Porsche,Boxster,718 - 2016 -> ...,GTS - 4.0 - 400 hp
Porsche,Boxster,718 - 2016 -> ...,S - 2.5T - 350 hp
Porsche,Boxster,718 - 2016 -> ...,Spyder RS - 500 hp
Porsche,Macan,2013 -> 2018,2.0 TFSI - 252 hp
Porsche,Macan,2013 -> 2018,3.0 Bi-Turbo GTS - 360 hp
Porsche,Macan,2013 -> 2018,3.0 Bi-Turbo S - 340 hp
Porsche,Macan,2013 -> 2018,3.0 V6 TDI S - 211 hp
Porsche,Macan,2013 -> 2018,3.0 V6 TDI S - 258 hp
Porsche,Macan,2013 -> 2018,3.6 Bi-Turbo - 400 hp
Porsche,Macan,2013 -> 2018,3.6 Bi-Turbo Pack Performance - 440 hp
Porsche,Macan,2019 -> 2021,2.0 TFSI - 245 hp
Porsche,Macan,2019 -> 2021,2.9T - GTS - 380 hp
Porsche,Macan,2019 -> 2021,2.9T - Turbo - 440 hp
Porsche,Macan,2019 -> 2021,3.0T - S - 354 hp
Porsche,Macan,2021 -> 2023,2.0T - 265 hp
Porsche,Macan,2021 -> 2023,2.9T - GTS - 440 hp
Porsche,Macan,2021 -> 2023,2.9T - S - 380 hp
Porsche,918,2013 -> ...,4.6 V8 + 2 E-Engines - 887 hp
Porsche,Carrera GT,980 - 2005 -> 2007,5.7i V10 - 612 hp
Renault,Avantime,2001 -> 2003,2.2 DCi - 150 hp
Renault,Clio,Clio 2 - 2001 -> 2005,1.5 DCi - 65 hp
Renault,Clio,Clio 2 - 2001 -> 2005,1.5 DCi - 82 hp
Renault,Clio,Clio 2 - 2001 -> 2005,1.5 DCi - 100 hp
Renault,Clio,Clio 2 - 2001 -> 2005,1.5 DCi - 70 hp
Renault,Clio,Clio 2 - 2001 -> 2005,1.5 DCi - 85 hp
Renault,Clio,Clio 2 - 2001 -> 2005,1.9 DTi - 80 hp
Renault,Clio,Clio 2 - 2001 -> 2005,RS 2.0 16v - 182 hp
Renault,Clio,Clio 2 - 2001 -> 2005,RS 2.0 16v - 172 hp
Renault,Clio,Clio 2 - 2001 -> 2005,V6 3.0 Ph1 - 230 hp
Renault,Clio,Clio 2 - 2001 -> 2005,V6 3.0 Ph2 - 255 hp
Renault,Clio,Clio 3 - 09/2005 -> 10/2012,1.2 TCE - 100 hp
Renault,Clio,Clio 3 - 09/2005 -> 10/2012,1.4 16v - 98 hp
Renault,Clio,Clio 3 - 09/2005 -> 10/2012,1.5 DCi - 75 hp
Renault,Clio,Clio 3 - 09/2005 -> 10/2012,1.5 DCi - 106 hp
Renault,Clio,Clio 3 - 09/2005 -> 10/2012,1.5 DCi - 70 hp
Renault,Clio,Clio 3 - 09/2005 -> 10/2012,1.5 DCi - 90 hp
Renault,Clio,Clio 3 - 09/2005 -> 10/2012,1.5 DCi - 86 hp
Renault,Clio,Clio 3 - 09/2005 -> 10/2012,1.5 DCi - 110 hp
Renault,Clio,Clio 3 - 09/2005 -> 10/2012,1.5 DCi - 88 hp
Renault,Clio,Clio 3 - 09/2005 -> 10/2012,1.6 16V GT - 128 hp
Renault,Clio,Clio 3 - 09/2005 -> 10/2012,RS 2.0 16v - 197 hp
Renault,Clio,Clio 3 - 09/2005 -> 10/2012,RS 2.0 16v - 201 hp
Renault,Clio,Clio 3 - 09/2005 -> 10/2012,RS 2.0 16v - 203 hp
Renault,Clio,Clio 4 (Ph1) - 10/2012 -> 2016,0.9 TCE - 90 hp
Renault,Clio,Clio 4 (Ph1) - 10/2012 -> 2016,1.2 16v - 75 hp
Renault,Clio,Clio 4 (Ph1) - 10/2012 -> 2016,1.5 DCi - 90 hp
Renault,Clio,Clio 4 (Ph1) - 10/2012 -> 2016,1.5 DCi - 75 hp
Renault,Clio,Clio 4 (Ph1) - 10/2012 -> 2016,GT 1.2 TCE - 120 hp
Renault,Clio,Clio 4 (Ph1) - 10/2012 -> 2016,RS 1.6T (Euro 5) - 200 hp
Renault,Clio,Clio 4 (Ph1) - 10/2012 -> 2016,RS 1.6T (Euro 6) - 200 hp
Renault,Clio,Clio 4 (Ph1) - 10/2012 -> 2016,RS Trophy 1.6T - 220 hp
Renault,Clio,Clio 4 (Ph2) - 2016 -> 2019,0.9 TCE - 90 hp
Renault,Clio,Clio 4 (Ph2) - 2016 -> 2019,0.9 TCE - 75 hp
Renault,Clio,Clio 4 (Ph2) - 2016 -> 2019,1.2 16v - 75 hp
Renault,Clio,Clio 4 (Ph2) - 2016 -> 2019,1.2 TCE - 120 hp
Renault,Clio,Clio 4 (Ph2) - 2016 -> 2019,1.5 DCi - 75 hp
Renault,Clio,Clio 4 (Ph2) - 2016 -> 2019,1.5 DCi - 90 hp
Renault,Clio,Clio 4 (Ph2) - 2016 -> 2019,1.5 DCi - 110 hp
Renault,Clio,Clio 4 (Ph2) - 2016 -> 2019,RS 1.6T - 200 hp
Renault,Clio,Clio 4 (Ph2) - 2016 -> 2019,RS Trophy 1.6T - 220 hp
Renault,Clio,Clio 4 (Ph2) - 2016 -> 2019,Trophy RS18 Final Edition 1.6T - 220 hp
Renault,Clio,Clio 5 - 03/2019 -> ...,1.0 TCE - 100 hp
Renault,Clio,Clio 5 - 03/2019 -> ...,1.3 TCE (GPF) - 130 hp
Renault,Clio,Clio 5 - 03/2019 -> ...,1.5 BlueDCI - 85 hp
Renault,Clio,Clio 5 - 03/2019 -> ...,1.5 BlueDCI - 115 hp
Renault,Clio,Clio 5 - 03/2019 -> ...,1.0 TCE - 90 hp
Renault,Clio,Clio 5 - 03/2019 -> ...,1.3 TCE - 140 hp
Renault,Clio,Clio 5 - 03/2019 -> ...,1.5 BlueDCI - 100 hp
Renault,Clio,Clio 5 - 03/2019 -> ...,1.6 e-Tech - 140 hp
Renault,Clio,Clio 5 - 03/2019 -> ...,1.6 e-Tech - 145 hp
Renault,Espace,Mk4 - 2005 -> 2014,1.9 DCi - 115 hp
Renault,Espace,Mk4 - 2005 -> 2014,1.9 DCi - 120 hp
Renault,Espace,Mk4 - 2005 -> 2014,2.0 DCi - 130 hp
Renault,Espace,Mk4 - 2005 -> 2014,2.0 DCi - 150 hp
Renault,Espace,Mk4 - 2005 -> 2014,2.0 DCi - 173 hp
Renault,Espace,Mk4 - 2005 -> 2014,2.0 Turbo - 170 hp
Renault,Espace,Mk4 - 2005 -> 2014,2.2 DCi - 150 hp
Renault,Espace,Mk4 - 2005 -> 2014,3.0 DCi - 177 hp
Renault,Espace,Mk4 - 2005 -> 2014,3.0 DCi - 180 hp
Renault,Espace,Mk5 - 2014 -> ...,1.6 DCi - 130 hp
Renault,Espace,Mk5 - 2014 -> ...,1.6 DCi Bi-Turbo - 160 hp
Renault,Espace,Mk5 - 2014 -> ...,1.6 TCE EDC - 200 hp
Renault,Espace,Mk5 - 2014 -> ...,1.8 TCE - 225 hp
Renault,Espace,Mk5 - 2014 -> ...,2.0 BlueDCI - 160 hp
Renault,Espace,Mk5 - 2014 -> ...,2.0 BlueDCI - 200 hp
Renault,Espace,Mk5 - 2014 -> ...,2.0 BlueDCI - 190 hp
Renault,Espace,Mk6 - 2023 -> ...,1.2 E-tech - 200 hp
Renault,Fluence,2009 -> 2014,1.5DCi - 105 hp
Renault,Fluence,2009 -> 2014,1.5DCi - 110 hp
Renault,Kangoo,... -> 2013,1.5 DCi - 105 hp
Renault,Kangoo,... -> 2013,1.5 DCi - 65 hp
Renault,Kangoo,... -> 2013,1.5 DCi - 85 hp
Renault,Kangoo,... -> 2013,1.5 DCi - 75 hp
Renault,Kangoo,... -> 2013,1.5 DCi - 90 hp
Renault,Kangoo,... -> 2013,1.5 DCi - 110 hp
Renault,Kangoo,... -> 2013,1.5 DCi - 70 hp
Renault,Kangoo,... -> 2013,1.9 DCi - 80 hp
Renault,Kangoo,2014 -> 2020,1.2 TCe - 115 hp
Renault,Kangoo,2014 -> 2020,1.5 BlueDCI - 95 hp
Renault,Kangoo,2014 -> 2020,1.5 BlueDCI - 115 hp
Renault,Kangoo,2014 -> 2020,1.5 BlueDCI - 80 hp
Renault,Kangoo,2014 -> 2020,1.5 Dci - 75 hp
Renault,Kangoo,2014 -> 2020,1.5 Dci - 90 hp
Renault,Kangoo,2014 -> 2020,1.5 Dci - 110 hp
Renault,Kangoo,03/2021 -> 2023,1.3 TCE - 100 hp
Renault,Kangoo,03/2021 -> 2023,1.3 TCE - 130 hp
Renault,Kangoo,03/2021 -> 2023,1.5 BlueDCI - 75 hp
Renault,Kangoo,03/2021 -> 2023,1.5 BlueDCI - 95 hp
Renault,Kangoo,03/2021 -> 2023,1.5 BlueDCI - 115 hp
Renault,Kangoo,2024 -> ...,1.3 TCE - 100 hp
Renault,Kangoo,2024 -> ...,1.3 TCE - 130 hp
Renault,Kangoo,2024 -> ...,1.5 BlueDCI - 75 hp
Renault,Kangoo,2024 -> ...,1.5 BlueDCI - 95 hp
Renault,Kangoo,2024 -> ...,1.5 BlueDCI - 115 hp
Renault,Koleos,2008 -> 2017,2.0 DCi - 150 hp
Renault,Koleos,2008 -> 2017,2.0 DCi - 175 hp
Renault,Koleos,06/2017 -> 2019,1.6 DCI - 165 hp
Renault,Koleos,06/2017 -> 2019,1.6 DCI - 130 hp
Renault,Koleos,06/2017 -> 2019,1.6 TCE - 163 hp
Renault,Koleos,06/2017 -> 2019,2.0 DCI - 175 hp
Renault,Koleos,2019 -> ...,1.7 BlueDCI - 150 hp
Renault,Koleos,2019 -> ...,2.0 BlueDCI - 190 hp
Renault,Koleos,2019 -> ...,1.3 TCE - 140 hp
Renault,Koleos,2019 -> ...,1.3 TCE - 160 hp
Renault,Koleos,2019 -> ...,2.0 BlueDCI - 185 hp
Renault,Laguna,2001 -> 2007,1.9 DCi - 110 hp
Renault,Laguna,2001 -> 2007,1.9 DCi - 115 hp
Renault,Laguna,2001 -> 2007,1.9 DCi - 125 hp
Renault,Laguna,2001 -> 2007,1.9 DCi - 130 hp
Renault,Laguna,2001 -> 2007,1.9 DCi - 95 hp
Renault,Laguna,2001 -> 2007,1.9 DCi - 120 hp
Renault,Laguna,2001 -> 2007,2.0 DCi - 150 hp
Renault,Laguna,2001 -> 2007,2.0 DCi - 175 hp
Renault,Laguna,2001 -> 2007,2.0 T - 205 hp
Renault,Laguna,2001 -> 2007,2.2 DCi - 130 hp
Renault,Laguna,2001 -> 2007,2.2 DCi - 150 hp
Renault,Laguna,2007 -> 2015,1.4 TCE - 130 hp
Renault,Laguna,2007 -> 2015,1.5 DCi - 110 hp
Renault,Laguna,2007 -> 2015,2.0 DCi - 150 hp
Renault,Laguna,2007 -> 2015,2.0 DCi - 175 hp
Renault,Laguna,2007 -> 2015,2.0 DCi - 130 hp
Renault,Laguna,2007 -> 2015,2.0 DCi (2011 -> ...) - 130 hp
Renault,Laguna,2007 -> 2015,2.0 DCi (2011 -> ...) - 150 hp
Renault,Laguna,2007 -> 2015,2.0 DCi GT - 180 hp
Renault,Laguna,2007 -> 2015,2.0 T - 170 hp
Renault,Laguna,2007 -> 2015,2.0 T - 205 hp
Renault,Laguna,2007 -> 2015,3.0 DCi - 235 hp
Renault,Laguna,2001 -> 2007,3.0 V6 - 210 hp
Renault,Laguna,2007 -> 2015,1.6 16v - 110 hp
Renault,Laguna coupe,All,1.5 DCi - 110 hp
Renault,Laguna coupe,All,2.0 DCi - 130 hp
Renault,Laguna coupe,All,2.0 DCi - 150 hp
Renault,Laguna coupe,All,2.0 DCi - 180 hp
Renault,Laguna coupe,All,2.0 DCi - 175 hp
Renault,Laguna coupe,All,2.0 DCi (2011 -> ...) - 150 hp
Renault,Laguna coupe,All,2.0 DCi (2011 -> ...) - 130 hp
Renault,Laguna coupe,All,2.0 T - 170 hp
Renault,Laguna coupe,All,2.0 T - 204 hp
Renault,Laguna coupe,All,3.0 DCI - 240 hp
Renault,Laguna coupe,All,3.0 DCi - 235 hp
Renault,Latitude,2011 -> ...,2.0 DCi - 150 hp
Renault,Latitude,2011 -> ...,2.0 DCi - 175 hp
Renault,Latitude,2011 -> ...,2.0 T - 170 hp
Renault,Latitude,2011 -> ...,3.0 DCi - 235 hp
Renault,Latitude,2011 -> ...,3.0 DCi - 240 hp
Renault,Mascott,All,2.5 DCi - 120 hp
Renault,Mascott,All,2.8 DCi - 125 hp
Renault,Mascott,All,2.8 DCi - 145 hp
Renault,Mascott,All,2.8 DCi - 106 hp
Renault,Mascott,All,3.0 DXi - 115 hp
Renault,Mascott,All,3.0 DXi - 156 hp
Renault,Master,Mk2 - 1997 -> 2010,1.9 DCi - 82 hp
Renault,Master,Mk2 - 1997 -> 2010,2.0 DCi - 120 hp
Renault,Master,Mk2 - 1997 -> 2010,2.2 DCi - 114 hp
Renault,Master,Mk2 - 1997 -> 2010,2.2 DCi - 90 hp
Renault,Master,Mk2 - 1997 -> 2010,2.5 DCi - 100 hp
Renault,Master,Mk2 - 1997 -> 2010,2.5 DCi - 125 hp
Renault,Master,Mk2 - 1997 -> 2010,2.5 DCi - 150 hp
Renault,Master,Mk2 - 1997 -> 2010,3.0 DCi - 136 hp
Renault,Master,Mk2 - 1997 -> 2010,3.0 DCi - 156 hp
Renault,Master,Mk3 - 2010 -> 2014,2.3 DCi - 100 hp
Renault,Master,Mk3 - 2010 -> 2014,2.3 DCi - 125 hp
Renault,Master,Mk3 - 2010 -> 2014,2.3 DCi - 150 hp
Renault,Master,Mk3 - 2010 -> 2014,2.3 DCi - 145 hp
Renault,Master,Mk4 - 2014 -> 2016,2.3 DCi - 110 hp
Renault,Master,Mk4 - 2014 -> 2016,2.3 DCi - 125 hp
Renault,Master,Mk4 - 2014 -> 2016,2.3 DCi Bi Turbo - 135 hp
Renault,Master,Mk4 - 2014 -> 2016,2.3 DCi Bi Turbo - 166 hp
Renault,Master,Mk4 - 03/2016 -> 2019,2.3 DCi (Euro 6) - 110 hp
Renault,Master,Mk4 - 03/2016 -> 2019,2.3 DCi (Euro 6) - 130 hp
Renault,Master,Mk4 - 03/2016 -> 2019,2.3 DCi Bi-Turbo (Euro 6) - 145 hp
Renault,Master,Mk4 - 03/2016 -> 2019,2.3 DCi Bi-Turbo (Euro 6) - 170 hp
Renault,Master,Mk4 - 03/2016 -> 2019,2.3 DCi Bi-Turbo (Euro 6) - 165 hp
Renault,Master,Mk5 - 09/2019 -> 2023,2.3 BlueDCI - 145 hp
Renault,Master,Mk5 - 09/2019 -> 2023,2.3 BlueDCI - 150 hp
Renault,Master,Mk5 - 09/2019 -> 2023,2.3 BlueDCI - 130 hp
Renault,Master,Mk5 - 09/2019 -> 2023,2.3 BlueDCI - 165 hp
Renault,Master,Mk5 - 09/2019 -> 2023,2.3 BlueDCI - 135 hp
Renault,Master,Mk5 - 09/2019 -> 2023,2.3 BlueDCi Bi-Turbo - 180 hp
Renault,Master,Mk5 - 09/2019 -> 2023,2.3 BlueDCI - 180 hp
Renault,Master,Mk5 - 09/2019 -> 2023,2.3 BlueDCI - 110 hp
Renault,Master,Mk6 - 2024 -> ...,2.0 BlueDCI - 105 hp
Renault,Master,Mk6 - 2024 -> ...,2.0 BlueDCI - 130 hp
Renault,Master,Mk6 - 2024 -> ...,2.0 BlueDCI - 150 hp
Renault,Master,Mk6 - 2024 -> ...,2.0 BlueDCI - 170 hp
Renault,Megane,Megane 2 - 2002 -> 2008,1.5 DCi - 101 hp
Renault,Megane,Megane 2 - 2002 -> 2008,1.5 DCi - 105 hp
Renault,Megane,Megane 2 - 2002 -> 2008,1.5 DCi - 82 hp
Renault,Megane,Megane 2 - 2002 -> 2008,1.5 DCi - 85 hp
Renault,Megane,Megane 2 - 2002 -> 2008,1.9 DCi - 102 hp
Renault,Megane,Megane 2 - 2002 -> 2008,1.9 DCi - 110 hp
Renault,Megane,Megane 2 - 2002 -> 2008,1.9 DCi - 115 hp
Renault,Megane,Megane 2 - 2002 -> 2008,1.9 DCi - 120 hp
Renault,Megane,Megane 2 - 2002 -> 2008,1.9 DCi - 130 hp
Renault,Megane,Megane 2 - 2002 -> 2008,1.9 DTi - 100 hp
Renault,Megane,Megane 2 - 2002 -> 2008,2.0 DCi - 175 hp
Renault,Megane,Megane 2 - 2002 -> 2008,2.0 DCi - 150 hp
Renault,Megane,Megane 2 - 2002 -> 2008,2.0T - 165 hp
Renault,Megane,Megane 2 - 2002 -> 2008,2.0T R26R - 230 hp
Renault,Megane,Megane 2 - 2002 -> 2008,2.0T RS - 225 hp
Renault,Megane,Megane 2 - 2002 -> 2008,2.0T RS - 230 hp
Renault,Megane,Megane 3 (ph1) - 2008 -> 2012,1.4 TCE - 130 hp
Renault,Megane,Megane 3 (ph1) - 2008 -> 2012,1.5 DCi - 105 hp
Renault,Megane,Megane 3 (ph1) - 2008 -> 2012,1.5 DCi - 110 hp
Renault,Megane,Megane 3 (ph1) - 2008 -> 2012,1.5 DCi - 85 hp
Renault,Megane,Megane 3 (ph1) - 2008 -> 2012,1.5 DCi - 90 hp
Renault,Megane,Megane 3 (ph1) - 2008 -> 2012,1.6 DCi - 130 hp
Renault,Megane,Megane 3 (ph1) - 2008 -> 2012,1.9 DCi - 130 hp
Renault,Megane,Megane 3 (ph1) - 2008 -> 2012,2.0 DCi - 150 hp
Renault,Megane,Megane 3 (ph1) - 2008 -> 2012,2.0 DCi - 160 hp
Renault,Megane,Megane 3 (ph1) - 2008 -> 2012,2.0 TCE - 180 hp
Renault,Megane,Megane 3 (ph1) - 2008 -> 2012,2.0T GT - 220 hp
Renault,Megane,Megane 3 (ph1) - 2008 -> 2012,RS 2.0T - 250 hp
Renault,Megane,Megane 3 (ph1) - 2008 -> 2012,RS Trophy - 265 hp
Renault,Megane,Megane 3 (ph2) - 2012 -> 2013,1.2 TCE - 115 hp
Renault,Megane,Megane 3 (ph2) - 2012 -> 2013,1.4 TCE - 130 hp
Renault,Megane,Megane 3 (ph2) - 2012 -> 2013,1.5 DCI - 90 hp
Renault,Megane,Megane 3 (ph2) - 2012 -> 2013,1.5 DCI - 110 hp
Renault,Megane,Megane 3 (ph2) - 2012 -> 2013,1.5 DCI EDC - 110 hp
Renault,Megane,Megane 3 (ph2) - 2012 -> 2013,1.6 DCI - 130 hp
Renault,Megane,Megane 3 (ph2) - 2012 -> 2013,2.0 DCI - 165 hp
Renault,Megane,Megane 3 (ph2) - 2012 -> 2013,2.0 TCE - 190 hp
Renault,Megane,Megane 3 (ph2) - 2012 -> 2013,Estate GT 220 - 220 hp
Renault,Megane,Megane 3 (ph2) - 2012 -> 2013,RS 2.0T - 265 hp
Renault,Megane,Megane 3 (ph3) - 2014 -> 2015,1.2 TCe - 130 hp
Renault,Megane,Megane 3 (ph3) - 2014 -> 2015,1.2 TCe - 115 hp
Renault,Megane,Megane 3 (ph3) - 2014 -> 2015,1.5 DCi - 110 hp
Renault,Megane,Megane 3 (ph3) - 2014 -> 2015,1.5 DCi - 95 hp
Renault,Megane,Megane 3 (ph3) - 2014 -> 2015,1.6 DCi - 130 hp
Renault,Megane,Megane 3 (ph3) - 2014 -> 2015,2.0 DCI - 165 hp
Renault,Megane,Megane 3 (ph3) - 2014 -> 2015,Estate GT 220 - 220 hp
Renault,Megane,Megane 3 (ph3) - 2014 -> 2015,RS 2.0T - 265 hp
Renault,Megane,Megane 3 (ph3) - 2014 -> 2015,RS 2.0T - 275 hp
Renault,Megane,Megane 3 (ph3) - 2014 -> 2015,RS Trophy - 2.0T - 275 hp
Renault,Megane,Megane 3 (ph3) - 2014 -> 2015,RS Trophy R 2.0T - 275 hp
Renault,Megane,Megane 4 (ph1) - 2015 -> 2020,1.2 TCE - 100 hp
Renault,Megane,Megane 4 (ph1) - 2015 -> 2020,1.2 TCE - 130 hp
Renault,Megane,Megane 4 (ph1) - 2015 -> 2020,1.3 TCE - 163 hp
Renault,Megane,Megane 4 (ph1) - 2015 -> 2020,1.3 TCE - 140 hp
Renault,Megane,Megane 4 (ph1) - 2015 -> 2020,1.3 TCE - 116 hp
Renault,Megane,Megane 4 (ph1) - 2015 -> 2020,1.5 BlueDCI - 95 hp
Renault,Megane,Megane 4 (ph1) - 2015 -> 2020,1.5 BlueDCI - 115 hp
Renault,Megane,Megane 4 (ph1) - 2015 -> 2020,1.5 DCi - 110 hp
Renault,Megane,Megane 4 (ph1) - 2015 -> 2020,1.5 DCi - 90 hp
Renault,Megane,Megane 4 (ph1) - 2015 -> 2020,1.6 DCi - 165 hp
Renault,Megane,Megane 4 (ph1) - 2015 -> 2020,1.6 DCi - 130 hp
Renault,Megane,Megane 4 (ph1) - 2015 -> 2020,1.6 TCE - 165 hp
Renault,Megane,Megane 4 (ph1) - 2015 -> 2020,1.6 TCE GT - 205 hp
Renault,Megane,Megane 4 (ph1) - 2015 -> 2020,1.7 BlueDCI - 150 hp
Renault,Megane,Megane 4 (ph1) - 2015 -> 2020,1.7 BlueDCI - 120 hp
Renault,Megane,Megane 4 (ph1) - 2015 -> 2020,RS 1.8T - 280 hp
Renault,Megane,Megane 4 (ph1) - 2015 -> 2020,RS 1.8T (GPF) - 280 hp
Renault,Megane,Megane 4 (ph1) - 2015 -> 2020,RS Trophy 1.8T - 300 hp
Renault,Megane,Megane 4 (ph2) - 03/2021 -> ...,1.0 TCE - 115 hp
Renault,Megane,Megane 4 (ph2) - 03/2021 -> ...,1.3 TCE - 116 hp
Renault,Megane,Megane 4 (ph2) - 03/2021 -> ...,1.3 TCE - 140 hp
Renault,Megane,Megane 4 (ph2) - 03/2021 -> ...,1.3 TCE - 163 hp
Renault,Megane,Megane 4 (ph2) - 03/2021 -> ...,1.5 BlueDCI - 115 hp
Renault,Megane,Megane 4 (ph2) - 03/2021 -> ...,RS Trophy/Ultime 1.8T - 300 hp
Renault,Modus,2004 -> 2012,1.2 TCE - 100 hp
Renault,Modus,2004 -> 2012,1.5 DCi - 105 hp
Renault,Modus,2004 -> 2012,1.5 DCi - 65 hp
Renault,Modus,2004 -> 2012,1.5 DCi - 82 hp
Renault,Modus,2004 -> 2012,1.5 DCi - 85 hp
Renault,Modus,2004 -> 2012,1.5 DCi - 90 hp
Renault,Modus,2004 -> 2012,1.5 DCi - 75 hp
Renault,Modus,2004 -> 2012,1.2 TCE - 88 hp
Renault,Scenic / Grand Scenic,Mk2 - 2003 -> 2009,1.4 TCE - 130 hp
Renault,Scenic / Grand Scenic,Mk2 - 2003 -> 2009,1.5 DCi - 105 hp
Renault,Scenic / Grand Scenic,Mk2 - 2003 -> 2009,1.5 DCi - 85 hp
Renault,Scenic / Grand Scenic,Mk2 - 2003 -> 2009,1.9 DCi - 100 hp
Renault,Scenic / Grand Scenic,Mk2 - 2003 -> 2009,1.9 DCi - 115 hp
Renault,Scenic / Grand Scenic,Mk2 - 2003 -> 2009,1.9 DCi - 120 hp
Renault,Scenic / Grand Scenic,Mk2 - 2003 -> 2009,1.9 DCi - 130 hp
Renault,Scenic / Grand Scenic,Mk2 - 2003 -> 2009,2.0 DCi - 150 hp
Renault,Scenic / Grand Scenic,Mk2 - 2003 -> 2009,2.0 T - 165 hp
Renault,Scenic / Grand Scenic,Mk3 - 2009 -> 2016,1.2 TCE - 130 hp
Renault,Scenic / Grand Scenic,Mk3 - 2009 -> 2016,1.2 TCE - 115 hp
Renault,Scenic / Grand Scenic,Mk3 - 2009 -> 2016,1.2 TCE - 110 hp
Renault,Scenic / Grand Scenic,Mk3 - 2009 -> 2016,1.4 TCE - 130 hp
Renault,Scenic / Grand Scenic,Mk3 - 2009 -> 2016,1.5 DCi - 95 hp
Renault,Scenic / Grand Scenic,Mk3 - 2009 -> 2016,1.5 DCi - 110 hp
Renault,Scenic / Grand Scenic,Mk3 - 2009 -> 2016,1.5 DCi - 105 hp
Renault,Scenic / Grand Scenic,Mk3 - 2009 -> 2016,1.6 DCi - 130 hp
Renault,Scenic / Grand Scenic,Mk3 - 2009 -> 2016,1.9 DCi - 130 hp
Renault,Scenic / Grand Scenic,Mk3 - 2009 -> 2016,2.0 DCi - 130 hp
Renault,Scenic / Grand Scenic,Mk3 - 2009 -> 2016,2.0 DCi - 150 hp
Renault,Scenic / Grand Scenic,Mk3 - 2009 -> 2016,2.0 DCi - 160 hp
Renault,Scenic / Grand Scenic,Mk4 - 2016 -> 2018,1.2 TCe - 115 hp
Renault,Scenic / Grand Scenic,Mk4 - 2016 -> 2018,1.2 TCe - 130 hp
Renault,Scenic / Grand Scenic,Mk4 - 2016 -> 2018,1.3 Energy TCe - 140 hp
Renault,Scenic / Grand Scenic,Mk4 - 2016 -> 2018,1.3 Energy TCe - 160 hp
Renault,Scenic / Grand Scenic,Mk4 - 2016 -> 2018,1.5 DCi - 95 hp
Renault,Scenic / Grand Scenic,Mk4 - 2016 -> 2018,1.5 DCi - 110 hp
Renault,Scenic / Grand Scenic,Mk4 - 2016 -> 2018,1.5 DCi Hybrid - 110 hp
Renault,Scenic / Grand Scenic,Mk4 - 2016 -> 2018,1.6 DCi - 130 hp
Renault,Scenic / Grand Scenic,Mk4 - 2016 -> 2018,1.6 DCi Bi-Turbo - 160 hp
Renault,Scenic / Grand Scenic,Mk5 - 09/2018 -> 2023,1.3 TCE - 115 hp
Renault,Scenic / Grand Scenic,Mk5 - 09/2018 -> 2023,1.3 TCE - 140 hp
Renault,Scenic / Grand Scenic,Mk5 - 09/2018 -> 2023,1.3 TCE - 160 hp
Renault,Scenic / Grand Scenic,Mk5 - 09/2018 -> 2023,1.3 TCE (EDC7) - 160 hp
Renault,Scenic / Grand Scenic,Mk5 - 09/2018 -> 2023,1.7 BlueDCI - 120 hp
Renault,Scenic / Grand Scenic,Mk5 - 09/2018 -> 2023,1.7 BlueDCI - 150 hp
Renault,Trafic,2001 -> 2005,1.9 DCi - 82 hp
Renault,Trafic,2001 -> 2005,1.9 DCi - 100 hp
Renault,Trafic,2001 -> 2005,2.5 DCi - 135 hp
Renault,Trafic,2006 -> 2014,2.0 DCi - 115 hp
Renault,Trafic,2006 -> 2014,2.0 DCi - 90 hp
Renault,Trafic,2006 -> 2014,2.5 DCi - 150 hp
Renault,Trafic,2006 -> 2014,2.5 DCi - 120 hp
Renault,Trafic,2014 -> 2016,1.6 Dci (Euro 5) - 90 hp
Renault,Trafic,2014 -> 2016,1.6 Dci (Euro 5) - 115 hp
Renault,Trafic,2014 -> 2016,1.6 Dci Bi-Turbo (Euro 5) - 120 hp
Renault,Trafic,2014 -> 2016,1.6 Dci Bi-Turbo (Euro 5) - 140 hp
Renault,Trafic,2016 -> 2019,1.6 Dci (Euro 6) - 95 hp
Renault,Trafic,2016 -> 2019,1.6 Dci (Euro 6) - 120 hp
Renault,Trafic,2016 -> 2019,1.6 Dci Bi-Turbo (Euro 6) - 125 hp
Renault,Trafic,2016 -> 2019,1.6 Dci Bi-Turbo (Euro 6) - 145 hp
Renault,Trafic,09/2019 -> ...,1.6 DCi - 95 hp
Renault,Trafic,09/2019 -> ...,2.0 DCi - 170 hp
Renault,Trafic,09/2019 -> ...,2.0 DCi - 145 hp
Renault,Trafic,09/2019 -> ...,2.0 DCi - 120 hp
Renault,Trafic,09/2019 -> ...,1.6 e-Tech - 160 hp
Renault,Trafic,09/2019 -> ...,2.0 BlueDCI (2021 -> ...) - 110 hp
Renault,Trafic,09/2019 -> ...,2.0 BlueDCI (2021 -> ...) - 130 hp
Renault,Trafic,09/2019 -> ...,2.0 BlueDCI (2021 -> ...) - 150 hp
Renault,Trafic,09/2019 -> ...,2.0 BlueDCI (2021 -> ...) - 170 hp
Renault,Twingo,2001 -> 2012,1.2 16v - 75 hp
Renault,Twingo,2001 -> 2012,1.2 TCE - 100 hp
Renault,Twingo,2001 -> 2012,1.5 DCi - 65 hp
Renault,Twingo,2001 -> 2012,1.5 DCi - 85 hp
Renault,Twingo,2001 -> 2012,1.5 DCi - 75 hp
Renault,Twingo,2001 -> 2012,1.6 RS - 133 hp
Renault,Twingo,2012 -> 2014,1.2 16V - 75 hp
Renault,Twingo,2012 -> 2014,1.2 TCe 100 - 102 hp
Renault,Twingo,2012 -> 2014,1.5 DCi - 86 hp
Renault,Twingo,2012 -> 2014,1.5 DCi - 75 hp
Renault,Twingo,2012 -> 2014,1.6 RS - 133 hp
Renault,Twingo,07/2014 -> 2019,0.9 TCE - 90 hp
Renault,Twingo,07/2014 -> 2019,GT - 0.9 TCE - 110 hp
Renault,Twingo,2019 -> ...,0.9 TCE - 95 hp
Renault,Vel Satis,2002 -> 2010,2.0 DCi - 150 hp
Renault,Vel Satis,2002 -> 2010,2.0 DCi - 175 hp
Renault,Vel Satis,2002 -> 2010,2.2 DCi - 115 hp
Renault,Vel Satis,2002 -> 2010,2.2 DCi - 150 hp
Renault,Vel Satis,2002 -> 2010,3.0 DCi - 177 hp
Renault,Wind,2010 -> ...,1.2 TCE - 100 hp
Renault,Wind,2010 -> ...,1.6 RS - 133 hp
Renault,Maxity,... -> 2015,2.5 DCi - 130 hp
Renault,Maxity,... -> 2015,2.5 DCi - 110 hp
Renault,Maxity,... -> 2015,3.0 DCi - 150 hp
Renault,Maxity,2016 -> ...,2.5 DCi - 130 hp
Renault,Maxity,2016 -> ...,3.0 DCi - 150 hp
Renault,Maxity,... -> 2015,2.5 DCi - 136 hp
Renault,Maxity,2016 -> ...,3.0 DCI - 130 hp
Renault,Captur / QM3,2013 -> 2017,0.9 TCE - 90 hp
Renault,Captur / QM3,2013 -> 2017,1.2 TCE - 120 hp
Renault,Captur / QM3,2013 -> 2017,1.5 DCI - 110 hp
Renault,Captur / QM3,2013 -> 2017,1.5 DCi - 90 hp
Renault,Captur / QM3,06/2017 -> 2019,0.9 TCE - 90 hp
Renault,Captur / QM3,06/2017 -> 2019,1.2 TCE - 120 hp
Renault,Captur / QM3,06/2017 -> 2019,1.3 TCE - 130 hp
Renault,Captur / QM3,06/2017 -> 2019,1.3 TCE (EDC) - 150 hp
Renault,Captur / QM3,06/2017 -> 2019,1.5 DCI - 90 hp
Renault,Captur / QM3,06/2017 -> 2019,1.5 DCI - 110 hp
Renault,Captur / QM3,2019 -> 2023,1.0 TCE - 100 hp
Renault,Captur / QM3,2019 -> 2023,1.3 TCE - 130 hp
Renault,Captur / QM3,2019 -> 2023,1.3 TCE - 155 hp
Renault,Captur / QM3,2019 -> 2023,1.5 BlueDCI - 95 hp
Renault,Captur / QM3,2019 -> 2023,1.5 BlueDCI - 115 hp
Renault,Captur / QM3,2019 -> 2023,1.0 TCE - 90 hp
Renault,Captur / QM3,2019 -> 2023,1.0 TCE (GPL) - 100 hp
Renault,Captur / QM3,2019 -> 2023,1.3 TCE - 140 hp
Renault,Captur / QM3,2019 -> 2023,1.3 TCE - 160 hp
Renault,Captur / QM3,2019 -> 2023,1.6 e-Tech - 160 hp
Renault,Captur / QM3,2019 -> 2023,1.6 e-Tech - 145 hp
Renault,Kadjar,06/2015 -> 2018,1.2 TCE - 130 hp
Renault,Kadjar,06/2015 -> 2018,1.5 DCi - 110 hp
Renault,Kadjar,06/2015 -> 2018,1.6 DCI - 130 hp
Renault,Kadjar,06/2015 -> 2018,1.6 DCi Bi Turbo - 160 hp
Renault,Kadjar,06/2015 -> 2018,1.6 TCE - 163 hp
Renault,Kadjar,2019 -> ...,1.3 TCE - 140 hp
Renault,Kadjar,2019 -> ...,1.3 TCE - 160 hp
Renault,Kadjar,2019 -> ...,1.5 BlueDCI - 115 hp
Renault,Kadjar,2019 -> ...,1.7 BlueDCI - 120 hp
Renault,Kadjar,2019 -> ...,1.7 BlueDCI - 150 hp
Renault,Alaskan,2016 -> 2019,2.3 DCi Bi-turbo - 160 hp
Renault,Alaskan,2016 -> 2019,2.3 DCi Bi-turbo - 190 hp
Renault,Alaskan,2019 -> ...,2.3 BlueDCI - 190 hp
Renault,Alaskan,2019 -> ...,2.3 BlueDCI - 160 hp
Renault,Talisman,2015 -> 2019,1.3 TCE - 160 hp
Renault,Talisman,2015 -> 2019,1.5 DCi - 110 hp
Renault,Talisman,2015 -> 2019,1.6 DCi - 130 hp
Renault,Talisman,2015 -> 2019,1.6 DCi - 160 hp
Renault,Talisman,2015 -> 2019,1.6 TCe - 150 hp
Renault,Talisman,2015 -> 2019,1.6 TCe - 200 hp
Renault,Talisman,2015 -> 2019,1.7 BlueDCI - 150 hp
Renault,Talisman,2015 -> 2019,1.8 TCE - 225 hp
Renault,Talisman,2015 -> 2019,2.0 BlueDCI - 200 hp
Renault,Talisman,2015 -> 2019,2.0 BlueDCI - 160 hp
Renault,Talisman,2020 -> ...,1.3 TCE - 160 hp
Renault,Talisman,2020 -> ...,1.7 BlueDCI - 120 hp
Renault,Talisman,2020 -> ...,1.7 BlueDCI - 150 hp
Renault,Talisman,2020 -> ...,1.8 TCE - 225 hp
Renault,Talisman,2020 -> ...,2.0 BlueDCI - 160 hp
Renault,Talisman,2020 -> ...,2.0 BlueDCI - 200 hp
Renault,Talisman,2020 -> ...,1.3 TCE - 140 hp
Renault,Talisman,2020 -> ...,1.6 TCe - 200 hp
Renault,Talisman,2020 -> ...,2.0 BlueDCi - 190 hp
Renault,Arkana,2021 -> ...,1.3 TCE - 155 hp
Renault,Arkana,2021 -> ...,1.3 TCE - 140 hp
Renault,Arkana,2021 -> ...,1.3 TCE - 160 hp
Renault,Arkana,2021 -> ...,1.6 e-Tech - 145 hp
Renault,Austral,2022 -> ...,1.2 TCE Mild Hybrid - 130 hp
Renault,Austral,2022 -> ...,1.3 TCE - 155 hp
Renault,Austral,2022 -> ...,1.3 TCE - 140 hp
Renault,Austral,2022 -> ...,1.3 TCE - 160 hp
Rolls Royce,Wraith,All,6.6 V12 - 633 hp
Rolls Royce,Dawn,All,6.6 V12 - 571 hp
Rolls Royce,Cullinan,2018 -> ...,V12 6.7L - 571 hp
Rolls Royce,Cullinan,2018 -> ...,V12 6.7L Black Badge - 600 hp
Rolls Royce,Ghost,2010 -> ...,6.75 V12 - 571 hp
Rolls Royce,Phantom,2011 -> ...,6.7 V12 - 460 hp
Rolls Royce,Spectre,2022 -> ...,Spectre - 585 hp
Saab,09-mar,12/2002 -> 08/2007,1.8 Turbo - 150 hp
Saab,09-mar,12/2002 -> 08/2007,1.9 TiD - 120 hp
Saab,09-mar,12/2002 -> 08/2007,1.9 TiD - 150 hp
Saab,09-mar,12/2002 -> 08/2007,2.0 Turbo - 175 hp
Saab,09-mar,12/2002 -> 08/2007,2.0 Turbo - 210 hp
Saab,09-mar,2007 -> 2010,1.8 T - 150 hp
Saab,09-mar,2007 -> 2010,1.9 TTiD - 180 hp
Saab,09-mar,2007 -> 2010,1.9 TiD - 120 hp
Saab,09-mar,2007 -> 2010,1.9 TiD - 150 hp
Saab,09-mar,2007 -> 2010,2.0 T - 175 hp
Saab,09-mar,2007 -> 2010,2.0 T - 210 hp
Saab,09-mar,2007 -> 2010,2.8T - 280 hp
Saab,09-mar,2010 -> ...,1.8T - 150 hp
Saab,09-mar,2010 -> ...,1.9 TID - 130 hp
Saab,09-mar,2010 -> ...,1.9 TID - 160 hp
Saab,09-mar,2010 -> ...,1.9 TTiD - 180 hp
Saab,09-mar,2010 -> ...,2.0T - 175 hp
Saab,09-mar,2010 -> ...,2.0T - 218 hp
Saab,09-mar,2010 -> ...,2.8T - 255 hp
Saab,09-mar,2010 -> ...,2.8T - 280 hp
Saab,09-may,10/2005 -> 2010,1.9 TiD - 150 hp
Saab,09-may,10/2005 -> 2010,2.0 Turbo - 150 hp
Saab,09-may,10/2005 -> 2010,2.3 Turbo - 185 hp
Saab,09-may,10/2005 -> 2010,2.3 Turbo - 230 hp
Saab,09-may,10/2005 -> 2010,2.3 Turbo - 250 hp
Saab,09-may,10/2005 -> 2010,3.0 TID V6 - 177 hp
Saab,09-may,10/2005 -> 2010,3.0 Turbo - 200 hp
Saab,09-may,2010 -> ...,1.6 Turbo - 180 hp
Saab,09-may,2010 -> ...,2.0 TID - 160 hp
Saab,09-may,2010 -> ...,2.0 TTiD - 190 hp
Saab,09-may,2010 -> ...,2.0 Turbo - 220 hp
Saab,09-may,2010 -> ...,2.8 Turbo - 300 hp
Saab,9-4X,2011 -> ...,2.8 T - 300 hp
Seat,Alhambra,1999 -> 2010,1.9 TDi - 110 hp
Seat,Alhambra,1999 -> 2010,1.9 TDi - 115 hp
Seat,Alhambra,1999 -> 2010,1.9 TDi - 130 hp
Seat,Alhambra,1999 -> 2010,1.9 TDi - 90 hp
Seat,Alhambra,1999 -> 2010,2.0 TDi - 140 hp
Seat,Alhambra,2010 -> 2015,1.4 TSi (CAVA) - 150 hp
Seat,Alhambra,2010 -> 2015,1.4 TSi (CTHA) - 150 hp
Seat,Alhambra,2010 -> 2015,2.0 CR TDi - 140 hp
Seat,Alhambra,2010 -> 2015,2.0 CR TDi - 170 hp
Seat,Alhambra,2010 -> 2015,2.0 CR TDi - 136 hp
Seat,Alhambra,2010 -> 2015,2.0 CR TDi - 115 hp
Seat,Alhambra,2010 -> 2015,2.0 TSi - 200 hp
Seat,Alhambra,2015 -> ...,1.4 TSI - 150 hp
Seat,Alhambra,2015 -> ...,2.0 TDI CR - 150 hp
Seat,Alhambra,2015 -> ...,2.0 TDI CR - 184 hp
Seat,Alhambra,2015 -> ...,2.0 TDI CR - 190 hp
Seat,Alhambra,2015 -> ...,2.0 TSi - 220 hp
Seat,Altea,06/2004 -> ...,1.2 TSi - 105 hp
Seat,Altea,06/2004 -> ...,1.4 TSi - 125 hp
Seat,Altea,06/2004 -> ...,1.6 TDi - 105 hp
Seat,Altea,06/2004 -> ...,1.6 TDi - 90 hp
Seat,Altea,06/2004 -> ...,1.8 TSi - 160 hp
Seat,Altea,06/2004 -> ...,1.9 TDi - 105 hp
Seat,Altea,06/2004 -> ...,2.0 TDi (CR) - 170 hp
Seat,Altea,06/2004 -> ...,2.0 TDi (CR) - 140 hp
Seat,Altea,06/2004 -> ...,2.0 TDi (IP) - 136 hp
Seat,Altea,06/2004 -> ...,2.0 TDi (IP) - 140 hp
Seat,Altea,06/2004 -> ...,2.0 TDi (PPD) - 170 hp
Seat,Altea,06/2004 -> ...,2.0 TFSi - 200 hp
Seat,Altea XL,2004 -> ...,1.2 TSi - 105 hp
Seat,Altea XL,2004 -> ...,1.4 TSi - 125 hp
Seat,Altea XL,2004 -> ...,1.6 TDi - 105 hp
Seat,Altea XL,2004 -> ...,1.6 TDi - 90 hp
Seat,Altea XL,2004 -> ...,1.8 TSi - 160 hp
Seat,Altea XL,2004 -> ...,1.9 TDi - 105 hp
Seat,Altea XL,2004 -> ...,2.0 TDi (CR) - 140 hp
Seat,Altea XL,2004 -> ...,2.0 TDi (CR) - 170 hp
Seat,Altea XL,2004 -> ...,2.0 TDi (IP) - 140 hp
Seat,Altea XL,2004 -> ...,2.0 TDi (PPD) - 170 hp
Seat,Exeo,2009 -> 2013,1.8 TSi - 160 hp
Seat,Exeo,2009 -> 2013,1.8 TSi - 120 hp
Seat,Exeo,2009 -> 2013,1.8T - 150 hp
Seat,Exeo,2009 -> 2013,2.0 TDi cr - 120 hp
Seat,Exeo,2009 -> 2013,2.0 TDi cr - 136 hp
Seat,Exeo,2009 -> 2013,2.0 TDi cr - 143 hp
Seat,Exeo,2009 -> 2013,2.0 TDi cr - 163 hp
Seat,Exeo,2009 -> 2013,2.0 TDi cr - 170 hp
Seat,Exeo,2009 -> 2013,2.0 TFSI - 200 hp
Seat,Exeo,2009 -> 2013,2.0 TSI - 211 hp
Seat,Ibiza,6L - 2002 -> 2008,1.4 TDi - 70 hp
Seat,Ibiza,6L - 2002 -> 2008,1.4 TDi - 80 hp
Seat,Ibiza,6L - 2002 -> 2008,1.4 TDi - 75 hp
Seat,Ibiza,6L - 2002 -> 2008,1.4 TDi Ecomotive - 80 hp
Seat,Ibiza,6L - 2002 -> 2008,1.8 T Cupra - 180 hp
Seat,Ibiza,6L - 2002 -> 2008,1.8 T FR - 150 hp
Seat,Ibiza,6L - 2002 -> 2008,1.9 TDi - 100 hp
Seat,Ibiza,6L - 2002 -> 2008,1.9 TDi - 130 hp
Seat,Ibiza,6L - 2002 -> 2008,1.9 TDi Cupra - 160 hp
Seat,Ibiza,6J - 2008 -> 2015,1.2 - 70 hp
Seat,Ibiza,6J - 2008 -> 2015,1.2 - 60 hp
Seat,Ibiza,6J - 2008 -> 2015,1.2 TDi - 75 hp
Seat,Ibiza,6J - 2008 -> 2015,1.2 TSI - 105 hp
Seat,Ibiza,6J - 2008 -> 2015,1.2 TSI - 86 hp
Seat,Ibiza,6J - 2008 -> 2015,1.4 TDi - 80 hp
Seat,Ibiza,6J - 2008 -> 2015,1.4 TSi - 140 hp
Seat,Ibiza,6J - 2008 -> 2015,1.4 TSi (CTHE-CTJC) - 180 hp
Seat,Ibiza,6J - 2008 -> 2015,1.4 TSi (CTHF-CTJC) - 150 hp
Seat,Ibiza,6J - 2008 -> 2015,1.4 TSi Cupra (CAVE) - 180 hp
Seat,Ibiza,6J - 2008 -> 2015,1.4 TSi FR (CAVF) - 150 hp
Seat,Ibiza,6J - 2008 -> 2015,1.6 TDi - 90 hp
Seat,Ibiza,6J - 2008 -> 2015,1.6 TDi - 75 hp
Seat,Ibiza,6J - 2008 -> 2015,1.6 TDi - 105 hp
Seat,Ibiza,6J - 2008 -> 2015,1.9 TDi - 90 hp
Seat,Ibiza,6J - 2008 -> 2015,1.9 TDi - 105 hp
Seat,Ibiza,6J - 2008 -> 2015,2.0 TDi FR - 143 hp
Seat,Ibiza,6P - 2015 -> 2017,1.0 TSi - 110 hp
Seat,Ibiza,6P - 2015 -> 2017,1.0 TSi - 95 hp
Seat,Ibiza,6P - 2015 -> 2017,1.0i - 75 hp
Seat,Ibiza,6P - 2015 -> 2017,1.2 TSI - 90 hp
Seat,Ibiza,6P - 2015 -> 2017,1.2 TSI - 110 hp
Seat,Ibiza,6P - 2015 -> 2017,1.4 TDI - 75 hp
Seat,Ibiza,6P - 2015 -> 2017,1.4 TDI - 90 hp
Seat,Ibiza,6P - 2015 -> 2017,1.4 TDI - 105 hp
Seat,Ibiza,6P - 2015 -> 2017,1.4 TSI - 150 hp
Seat,Ibiza,6P - 2015 -> 2017,1.8 TSI - Cupra - 192 hp
Seat,Ibiza,A0 - 06/2017 -> 2024,1.0 TSi - 95 hp
Seat,Ibiza,A0 - 06/2017 -> 2024,1.0 TSi - 115 hp
Seat,Ibiza,A0 - 06/2017 -> 2024,1.0i - 80 hp
Seat,Ibiza,A0 - 06/2017 -> 2024,1.0i - 75 hp
Seat,Ibiza,A0 - 06/2017 -> 2024,1.5 TSI - 150 hp
Seat,Ibiza,A0 - 06/2017 -> 2024,1.6 TDI - 95 hp
Seat,Ibiza,A0 - 06/2017 -> 2024,1.6 TDI - 115 hp
Seat,Ibiza,A0 - 06/2017 -> 2024,1.6 TDI - 80 hp
Seat,Ibiza,A0 - 06/2017 -> 2024,1.0 TGI - 90 hp
Seat,Ibiza,A0 - 06/2017 -> 2024,1.0 TSI - 110 hp
Seat,Ibiza,A0 Mk2 - 02/2024 -> ...,1.0 TSI - 115 hp
Seat,Ibiza,A0 Mk2 - 02/2024 -> ...,1.0 TSI - 95 hp
Seat,Ibiza,A0 Mk2 - 02/2024 -> ...,1.5 TSI - 150 hp
Seat,Leon,1M - 1999 -> 2006,1.8 T - 180 hp
Seat,Leon,1M - 1999 -> 2006,1.8 T - 210 hp
Seat,Leon,1M - 1999 -> 2006,1.8 T Cupra - 225 hp
Seat,Leon,1M - 1999 -> 2006,1.9 TDi - 100 hp
Seat,Leon,1M - 1999 -> 2006,1.9 TDi - 110 hp
Seat,Leon,1M - 1999 -> 2006,1.9 TDi - 130 hp
Seat,Leon,1M - 1999 -> 2006,1.9 TDi - 150 hp
Seat,Leon,1M - 1999 -> 2006,1.9 TDi - 90 hp
Seat,Leon,1M - 1999 -> 2006,2.8 VR6 - 204 hp
Seat,Leon,1P - 2005 -> 2012,1.2 TSi - 105 hp
Seat,Leon,1P - 2005 -> 2012,1.4 TSi - 125 hp
Seat,Leon,1P - 2005 -> 2012,1.6 TDi - 90 hp
Seat,Leon,1P - 2005 -> 2012,1.6 TDi - 105 hp
Seat,Leon,1P - 2005 -> 2012,1.8 TSi - 160 hp
Seat,Leon,1P - 2005 -> 2012,1.9 TDi - 105 hp
Seat,Leon,1P - 2005 -> 2012,1.9 TDi - 90 hp
Seat,Leon,1P - 2005 -> 2012,2.0 TDi (CR) - 170 hp
Seat,Leon,1P - 2005 -> 2012,2.0 TDi (CR) - 140 hp
Seat,Leon,1P - 2005 -> 2012,2.0 TDi (CR) - 136 hp
Seat,Leon,1P - 2005 -> 2012,2.0 TDi (IP) - 140 hp
Seat,Leon,1P - 2005 -> 2012,2.0 TDi (PPD) - 170 hp
Seat,Leon,1P - 2005 -> 2012,2.0 TFSi - 185 hp
Seat,Leon,1P - 2005 -> 2012,2.0 TFSi - 200 hp
Seat,Leon,1P - 2005 -> 2012,2.0 TFSi Cupra - 240 hp
Seat,Leon,1P - 2005 -> 2012,2.0 TFSi Cupra R - 265 hp
Seat,Leon,1P - 2005 -> 2012,2.0 TSi FR - 211 hp
Seat,Leon,5F Mk1 - 2012 -> 2017,1.0 TSi - 115 hp
Seat,Leon,5F Mk1 - 2012 -> 2017,1.2 TSI - 86 hp
Seat,Leon,5F Mk1 - 2012 -> 2017,1.2 TSI - 110 hp
Seat,Leon,5F Mk1 - 2012 -> 2017,1.2 TSI - 105 hp
Seat,Leon,5F Mk1 - 2012 -> 2017,1.4 TGI - 110 hp
Seat,Leon,5F Mk1 - 2012 -> 2017,1.4 TSI - 125 hp
Seat,Leon,5F Mk1 - 2012 -> 2017,1.4 TSI (CHPA) - 140 hp
Seat,Leon,5F Mk1 - 2012 -> 2017,1.4 TSI (CMBA-CXSA) - 122 hp
Seat,Leon,5F Mk1 - 2012 -> 2017,1.4 TSI ACT - 150 hp
Seat,Leon,5F Mk1 - 2012 -> 2017,1.6 TDI - 105 hp
Seat,Leon,5F Mk1 - 2012 -> 2017,1.6 TDI - 110 hp
Seat,Leon,5F Mk1 - 2012 -> 2017,1.6 TDI - 90 hp
Seat,Leon,5F Mk1 - 2012 -> 2017,1.6 TDI (2016 > ...) - 110 hp
Seat,Leon,5F Mk1 - 2012 -> 2017,1.8 TFSI - 180 hp
Seat,Leon,5F Mk1 - 2012 -> 2017,2.0 TDI CR - 184 hp
Seat,Leon,5F Mk1 - 2012 -> 2017,2.0 TDI CR - 150 hp
Seat,Leon,5F Mk1 - 2012 -> 2017,2.0 TSI Cupra - 265 hp
Seat,Leon,5F Mk1 - 2012 -> 2017,2.0 TSI Cupra - 280 hp
Seat,Leon,5F Mk1 - 2012 -> 2017,2.0 TSI Cupra - 290 hp
Seat,Leon,5F Mk2 - 2017 -> 2020,1.0 TSI - 115 hp
Seat,Leon,5F Mk2 - 2017 -> 2020,1.2 TSI - 110 hp
Seat,Leon,5F Mk2 - 2017 -> 2020,1.4 TGI - 110 hp
Seat,Leon,5F Mk2 - 2017 -> 2020,1.4 TSI - 150 hp
Seat,Leon,5F Mk2 - 2017 -> 2020,1.5 TGI - 130 hp
Seat,Leon,5F Mk2 - 2017 -> 2020,1.5 TSI - 130 hp
Seat,Leon,5F Mk2 - 2017 -> 2020,1.5 TSI - 150 hp
Seat,Leon,5F Mk2 - 2017 -> 2020,1.6 TDI - 116 hp
Seat,Leon,5F Mk2 - 2017 -> 2020,1.8 TSI - 180 hp
Seat,Leon,5F Mk2 - 2017 -> 2020,2.0 TDI - 150 hp
Seat,Leon,5F Mk2 - 2017 -> 2020,2.0 TDI - 184 hp
Seat,Leon,5F Mk2 - 2017 -> 2020,2.0 TSI - 190 hp
Seat,Leon,5F Mk2 - 2017 -> 2020,2.0 TSI Cupra - 300 hp
Seat,Leon,5F Mk2 - 2017 -> 2020,2.0 TSI Cupra (GPF) - 290 hp
Seat,Leon,5F Mk2 - 2017 -> 2020,2.0 TSI Cupra (GPF) - 300 hp
Seat,Leon,5F Mk2 - 2017 -> 2020,2.0 TSI Cupra R - 310 hp
Seat,Leon,04/2020 -> ...,1.0 TSI - 110 hp
Seat,Leon,04/2020 -> ...,1.0 TSI - 90 hp
Seat,Leon,04/2020 -> ...,1.0 e-TSI - 110 hp
Seat,Leon,04/2020 -> ...,1.4 TSI eHybrid - 204 hp
Seat,Leon,04/2020 -> ...,1.5 TSI - 130 hp
Seat,Leon,04/2020 -> ...,1.5 e-TSI - 130 hp
Seat,Leon,04/2020 -> ...,1.5 e-TSI - 150 hp
Seat,Leon,04/2020 -> ...,2.0 TDI Evo - 150 hp
Seat,Leon,04/2020 -> ...,2.0 TDI Evo - 115 hp
Seat,Leon,KL - 04/2020 -> 2024,1.0 TSI - 110 hp
Seat,Leon,KL - 04/2020 -> 2024,1.0 TSI - 90 hp
Seat,Leon,KL - 04/2020 -> 2024,1.0 e-TSI - 110 hp
Seat,Leon,KL - 04/2020 -> 2024,1.4 TSI e-Hybrid - 204 hp
Seat,Leon,KL - 04/2020 -> 2024,1.5 TGI - 130 hp
Seat,Leon,KL - 04/2020 -> 2024,1.5 TSI - 130 hp
Seat,Leon,KL - 04/2020 -> 2024,1.5 TSI - 150 hp
Seat,Leon,KL - 04/2020 -> 2024,1.5 e-TSI - 130 hp
Seat,Leon,KL - 04/2020 -> 2024,1.5 e-TSI - 150 hp
Seat,Leon,KL - 04/2020 -> 2024,2.0 TDI Evo - 150 hp
Seat,Leon,KL - 04/2020 -> 2024,2.0 TDI Evo - 115 hp
Seat,Leon,KL - 04/2020 -> 2024,2.0 TSI - 190 hp
Seat,Leon,KL Mk2 - 05/2024 -> ...,1.5 TSI - 115 hp
Seat,Leon,KL Mk2 - 05/2024 -> ...,1.5 TSI e-Hybrid - 204 hp
Seat,Leon,KL Mk2 - 05/2024 -> ...,1.5 eTSI - 115 hp
Seat,Leon,KL Mk2 - 05/2024 -> ...,2.0 TDI - 115 hp
Seat,Leon,KL Mk2 - 05/2024 -> ...,2.0 TDI - 150 hp
Seat,Cordoba,6L - 2003 -> 2008,1.4 TDi - 75 hp
Seat,Cordoba,6L - 2003 -> 2008,1.4 TDi - 80 hp
Seat,Cordoba,6L - 2003 -> 2008,1.9 TDi - 100 hp
Seat,Cordoba,6L - 2003 -> 2008,1.9 TDi - 130 hp
Seat,Toledo,5P - 2004 -> 2009,1.6 TDI - 102 hp
Seat,Toledo,5P - 2004 -> 2009,1.8 TSI - 160 hp
Seat,Toledo,5P - 2004 -> 2009,1.9 TDI - 105 hp
Seat,Toledo,5P - 2004 -> 2009,2.0 TDI - 140 hp
Seat,Toledo,NH - 2010 -> ...,1.2 TSI - 86 hp
Seat,Toledo,NH - 2010 -> ...,1.2 TSI - 105 hp
Seat,Toledo,NH - 2010 -> ...,1.2 TSI - 110 hp
Seat,Toledo,NH - 2010 -> ...,1.4 TDi - 90 hp
Seat,Toledo,NH - 2010 -> ...,1.4 TSI - 122 hp
Seat,Toledo,NH - 2010 -> ...,1.6 TDI - 105 hp
Seat,Toledo,NH - 2010 -> ...,1.6 TDI - 115 hp
Seat,Mii,2012 -> 2016,1.0i - 60 hp
Seat,Mii,2012 -> 2016,1.0i - 75 hp
Seat,Ateca,2016 -> 2020,1.0 TSI - 115 hp
Seat,Ateca,2016 -> 2020,1.4 Eco TSI - 150 hp
Seat,Ateca,2016 -> 2020,1.5 TSI - 150 hp
Seat,Ateca,2016 -> 2020,1.6 TDI - 115 hp
Seat,Ateca,2016 -> 2020,2.0 TDI - 150 hp
Seat,Ateca,2016 -> 2020,2.0 TDI - 190 hp
Seat,Ateca,2016 -> 2020,2.0 TSI - 190 hp
Seat,Ateca,10/2020 -> ...,1.0 TSI - 115 hp
Seat,Ateca,10/2020 -> ...,1.0 TSI EVO - 110 hp
Seat,Ateca,10/2020 -> ...,1.5 TSI - 150 hp
Seat,Ateca,10/2020 -> ...,2.0 TDI - 150 hp
Seat,Ateca,10/2020 -> ...,2.0 TDI - 115 hp
Seat,Ateca,10/2020 -> ...,2.0 TSI - 190 hp
Seat,Arona,2017 -> ...,1.0 TSI - 115 hp
Seat,Arona,2017 -> ...,1.0 TSI - 95 hp
Seat,Arona,2017 -> ...,1.4 TSI - 150 hp
Seat,Arona,2017 -> ...,1.5 TSI - 150 hp
Seat,Arona,2017 -> ...,1.6 TDI - 95 hp
Seat,Arona,2017 -> ...,1.6 TDI - 115 hp
Seat,Arona,2017 -> ...,2.0 TSI Cupra - 200 hp
Seat,Arona,2017 -> ...,1.0 TGI - 90 hp
Seat,Arona,2017 -> ...,1.0 TSI (11/2020 - ...) - 95 hp
Seat,Arona,2017 -> ...,1.0 TSI (2021 - ...) - 110 hp
Seat,Arona,2017 -> ...,1.0 TSI EVO - 110 hp
Seat,Tarraco,2019 -> ...,1.5 TSI - 150 hp
Seat,Tarraco,2019 -> ...,1.5 TSi - 245 hp
Seat,Tarraco,2019 -> ...,2.0 TDI - 150 hp
Seat,Tarraco,2019 -> ...,2.0 TDI - 190 hp
Seat,Tarraco,2019 -> ...,2.0 TSI - 190 hp
Seat,Tarraco,2019 -> ...,2.0 TDI - 200 hp
Seat,Tarraco,2019 -> ...,2.0 TSI - 245 hp
Skoda,Fabia,2001 -> 2007,1.4 TDI - 75 hp
Skoda,Fabia,2001 -> 2007,1.4 TDI - 70 hp
Skoda,Fabia,2001 -> 2007,1.4 TDI - 80 hp
Skoda,Fabia,2001 -> 2007,1.9 TDI - 100 hp
Skoda,Fabia,2001 -> 2007,1.9 TDI RS - 130 hp
Skoda,Fabia,2007 -> 2014,1.2 HTP - 60 hp
Skoda,Fabia,2007 -> 2014,1.2 HTP - 70 hp
Skoda,Fabia,2007 -> 2014,1.2 TDi - 75 hp
Skoda,Fabia,2007 -> 2014,1.2 TSi - 85 hp
Skoda,Fabia,2007 -> 2014,1.2 TSi - 105 hp
Skoda,Fabia,2007 -> 2014,1.4 TDi - 70 hp
Skoda,Fabia,2007 -> 2014,1.4 TDi - 80 hp
Skoda,Fabia,2007 -> 2014,1.4 TSi RS (CAVE) - 180 hp
Skoda,Fabia,2007 -> 2014,1.4 TSi RS (CTHE) - 180 hp
Skoda,Fabia,2007 -> 2014,1.6 TDi - 105 hp
Skoda,Fabia,2007 -> 2014,1.6 TDi - 75 hp
Skoda,Fabia,2007 -> 2014,1.6 TDi - 90 hp
Skoda,Fabia,2007 -> 2014,1.9 TDi - 105 hp
Skoda,Fabia,2014 -> 2021,1.0 TSi - 110 hp
Skoda,Fabia,2014 -> 2021,1.0 TSi - 95 hp
Skoda,Fabia,2014 -> 2021,1.0i - 60 hp
Skoda,Fabia,2014 -> 2021,1.0i - 75 hp
Skoda,Fabia,2014 -> 2021,1.2 TSI - 90 hp
Skoda,Fabia,2014 -> 2021,1.2 TSI - 110 hp
Skoda,Fabia,2014 -> 2021,1.4 TDI - 105 hp
Skoda,Fabia,2014 -> 2021,1.4 TDI - 90 hp
Skoda,Fabia,2014 -> 2021,1.4 TDI - 75 hp
Skoda,Fabia,10/2021 -> ...,1.0 TSI - 95 hp
Skoda,Fabia,10/2021 -> ...,1.0 TSI - 110 hp
Skoda,Fabia,10/2021 -> ...,1.5 TSI - 150 hp
Skoda,Octavia,1997 -> 2004,1.8 20v - 125 hp
Skoda,Octavia,1997 -> 2004,1.8T - 150 hp
Skoda,Octavia,1997 -> 2004,1.8T 20V RS - 180 hp
Skoda,Octavia,1997 -> 2004,1.9TDi - 110 hp
Skoda,Octavia,1997 -> 2004,1.9TDi - 130 hp
Skoda,Octavia,1997 -> 2004,1.9TDi - 90 hp
Skoda,Octavia,1997 -> 2004,1.9TDi - 100 hp
Skoda,Octavia,2004 -> 2012,1.2 TSi - 105 hp
Skoda,Octavia,2004 -> 2012,1.4 TSi - 122 hp
Skoda,Octavia,2004 -> 2012,1.6 TDi - 105 hp
Skoda,Octavia,2004 -> 2012,1.8 TFSi - 160 hp
Skoda,Octavia,2004 -> 2012,1.9 TDi - 105 hp
Skoda,Octavia,2004 -> 2012,2.0 FSi - 150 hp
Skoda,Octavia,2004 -> 2012,2.0 TDi (CR) - 140 hp
Skoda,Octavia,2004 -> 2012,2.0 TDi (CR) - 170 hp
Skoda,Octavia,2004 -> 2012,2.0 TDi (IP) - 136 hp
Skoda,Octavia,2004 -> 2012,2.0 TDi (IP) - 140 hp
Skoda,Octavia,2004 -> 2012,2.0 TDi (PPD) - 170 hp
Skoda,Octavia,2004 -> 2012,2.0 TFSi RS - 200 hp
Skoda,Octavia,2013 -> 2017,1.0 TSi - 116 hp
Skoda,Octavia,2013 -> 2017,1.2 TSI - 86 hp
Skoda,Octavia,2013 -> 2017,1.2 TSI - 105 hp
Skoda,Octavia,2013 -> 2017,1.4 TGI G-Tec - 110 hp
Skoda,Octavia,2013 -> 2017,1.4 TSI - 150 hp
Skoda,Octavia,2013 -> 2017,1.4 TSI (CHPA) - 140 hp
Skoda,Octavia,2013 -> 2017,1.6 TDI - 105 hp
Skoda,Octavia,2013 -> 2017,1.6 TDI - 90 hp
Skoda,Octavia,2013 -> 2017,1.6 TDI - 110 hp
Skoda,Octavia,2013 -> 2017,1.8 TSI - 180 hp
Skoda,Octavia,2013 -> 2017,2.0 TDI - 150 hp
Skoda,Octavia,2013 -> 2017,2.0 TDI - 184 hp
Skoda,Octavia,2013 -> 2017,2.0 TDI (2015 > ...) - 184 hp
Skoda,Octavia,2013 -> 2017,2.0 TSI RS - 220 hp
Skoda,Octavia,2013 -> 2017,2.0 TSI RS Edition - 230 hp
Skoda,Octavia,03/2017 -> 2020,1.0 TSI - 116 hp
Skoda,Octavia,03/2017 -> 2020,1.2 TSI - 85 hp
Skoda,Octavia,03/2017 -> 2020,1.4 TGI G-Tec - 110 hp
Skoda,Octavia,03/2017 -> 2020,1.4 TSI - 150 hp
Skoda,Octavia,03/2017 -> 2020,1.5 TGI - 130 hp
Skoda,Octavia,03/2017 -> 2020,1.5 TSI - 150 hp
Skoda,Octavia,03/2017 -> 2020,1.6 TDI - 90 hp
Skoda,Octavia,03/2017 -> 2020,1.6 TDI - 110 hp
Skoda,Octavia,03/2017 -> 2020,1.6 TDI - 115 hp
Skoda,Octavia,03/2017 -> 2020,1.8 TSI - 180 hp
Skoda,Octavia,03/2017 -> 2020,2.0 TDI - 150 hp
Skoda,Octavia,03/2017 -> 2020,2.0 TDI - 184 hp
Skoda,Octavia,03/2017 -> 2020,2.0 TDI - 190 hp
Skoda,Octavia,03/2017 -> 2020,2.0 TSI RS - 230 hp
Skoda,Octavia,03/2017 -> 2020,2.0 TSI RS - 245 hp
Skoda,Octavia,03/2017 -> 2020,2.0 TSI RS (GPF) - 245 hp
Skoda,Octavia,2020 -> 2024,1.0 e-TSI - 110 hp
Skoda,Octavia,2020 -> 2024,1.4 TSI GTE - 245 hp
Skoda,Octavia,2020 -> 2024,1.4 TSI eHybrid - 204 hp
Skoda,Octavia,2020 -> 2024,1.5 e-TSI - 150 hp
Skoda,Octavia,2020 -> 2024,2.0 TDI Evo - 200 hp
Skoda,Octavia,2020 -> 2024,2.0 TDI Evo - 150 hp
Skoda,Octavia,2020 -> 2024,2.0 TDI Evo - 115 hp
Skoda,Octavia,2020 -> 2024,2.0 TSI - 190 hp
Skoda,Octavia,2013 -> 2017,1.2 TSI - 110 hp
Skoda,Octavia,03/2017 -> 2020,2.0 TSI - 190 hp
Skoda,Octavia,2020 -> 2024,1.4 TSI RS - 245 hp
Skoda,Octavia,2020 -> 2024,2.0 TDI RS - 200 hp
Skoda,Octavia,2020 -> 2024,2.0 TSI RS - 245 hp
Skoda,Octavia,03/2024 -> ...,1.5 TSI ACT - 116 hp
Skoda,Octavia,03/2024 -> ...,1.5 eTSI - 115 hp
Skoda,Octavia,03/2024 -> ...,1.5 eTSI - 150 hp
Skoda,Octavia,03/2024 -> ...,2.0 TDI - 115 hp
Skoda,Octavia,03/2024 -> ...,2.0 TDI - 150 hp
Skoda,Octavia,03/2024 -> ...,2.0 TSI - 265 hp
Skoda,Roomster,All,1.2 TSi - 105 hp
Skoda,Roomster,All,1.4 TDi - 70 hp
Skoda,Roomster,All,1.4 TDi - 80 hp
Skoda,Roomster,All,1.6 TDI - 105 hp
Skoda,Roomster,All,1.6 TDI - 90 hp
Skoda,Roomster,All,1.9 TDi - 105 hp
Skoda,Superb,2003 -> 2008,1.8 T - 150 hp
Skoda,Superb,2003 -> 2008,1.9 TDi - 100 hp
Skoda,Superb,2003 -> 2008,1.9 TDi - 105 hp
Skoda,Superb,2003 -> 2008,1.9 TDi - 115 hp
Skoda,Superb,2003 -> 2008,1.9 TDi - 130 hp
Skoda,Superb,2003 -> 2008,2.0 TDI - 170 hp
Skoda,Superb,2003 -> 2008,2.0 TDi - 136 hp
Skoda,Superb,2003 -> 2008,2.0 TDi - 140 hp
Skoda,Superb,2003 -> 2008,2.5 TDi - 155 hp
Skoda,Superb,2003 -> 2008,2.5 TDi - 163 hp
Skoda,Superb,2008 -> 2015,1.4 TSi - 125 hp
Skoda,Superb,2008 -> 2015,1.4 TSi - 140 hp
Skoda,Superb,2008 -> 2015,1.6 TDi - 105 hp
Skoda,Superb,2008 -> 2015,1.8 TSi - 160 hp
Skoda,Superb,2008 -> 2015,1.9 TDi - 105 hp
Skoda,Superb,2008 -> 2015,2.0 CR TDi - 140 hp
Skoda,Superb,2008 -> 2015,2.0 CR TDi - 170 hp
Skoda,Superb,2008 -> 2015,2.0 TSi - 200 hp
Skoda,Superb,2008 -> 2015,3.6 FSi - 260 hp
Skoda,Superb,04/2015 -> 2019,1.4 TSI - 125 hp
Skoda,Superb,04/2015 -> 2019,1.4 TSi - 150 hp
Skoda,Superb,04/2015 -> 2019,1.5 TSI - 150 hp
Skoda,Superb,04/2015 -> 2019,1.6 TDI CR - 120 hp
Skoda,Superb,04/2015 -> 2019,1.8 TSi - 180 hp
Skoda,Superb,04/2015 -> 2019,1.8 TSi - 180 hp
Skoda,Superb,04/2015 -> 2019,2.0 TDI CR - 150 hp
Skoda,Superb,04/2015 -> 2019,2.0 TDI CR - 190 hp
Skoda,Superb,04/2015 -> 2019,2.0 TSI - 280 hp
Skoda,Superb,04/2015 -> 2019,2.0 TSI - 190 hp
Skoda,Superb,04/2015 -> 2019,2.0 TSI (GPF) - 272 hp
Skoda,Superb,04/2015 -> 2019,2.0 TSi - 220 hp
Skoda,Superb,09/2019 -> 2023,1.4 TSI iV - 218 hp
Skoda,Superb,09/2019 -> 2023,1.5 TSI - 150 hp
Skoda,Superb,09/2019 -> 2023,1.6 TDI CR - 120 hp
Skoda,Superb,09/2019 -> 2023,2.0 TDI CR - 150 hp
Skoda,Superb,09/2019 -> 2023,2.0 TDI CR - 190 hp
Skoda,Superb,09/2019 -> 2023,2.0 TSI - 190 hp
Skoda,Superb,09/2019 -> 2023,2.0 TSI (GPF) - 272 hp
Skoda,Superb,09/2019 -> 2023,2.0 TDI CR - 200 hp
Skoda,Superb,09/2019 -> 2023,2.0 TDi - 122 hp
Skoda,Superb,09/2019 -> 2023,2.0 TDi - 170 hp
Skoda,Superb,09/2019 -> 2023,2.0 TSI - 280 hp
Skoda,Superb,01/2024 -> ...,1.5 eTSI - 150 hp
Skoda,Superb,01/2024 -> ...,2.0 TDI - 150 hp
Skoda,Superb,01/2024 -> ...,2.0 TDI - 193 hp
Skoda,Yeti,2009 -> 2013,1.2 TSi - 105 hp
Skoda,Yeti,2009 -> 2013,1.4 TSi - 122 hp
Skoda,Yeti,2009 -> 2013,1.6 TDI - 105 hp
Skoda,Yeti,2009 -> 2013,1.8 TSi - 160 hp
Skoda,Yeti,2009 -> 2013,2.0 TDi - 110 hp
Skoda,Yeti,2009 -> 2013,2.0 TDi - 140 hp
Skoda,Yeti,2009 -> 2013,2.0 TDi - 170 hp
Skoda,Yeti,2014 -> ...,1.2 TSI - 105 hp
Skoda,Yeti,2014 -> ...,1.2 TSI - 110 hp
Skoda,Yeti,2014 -> ...,1.4 TSI - 125 hp
Skoda,Yeti,2014 -> ...,1.4 TSI - 150 hp
Skoda,Yeti,2014 -> ...,1.6 TDI CR - 105 hp
Skoda,Yeti,2014 -> ...,2.0 TDI CR - 170 hp
Skoda,Yeti,2014 -> ...,2.0 TDI CR - 140 hp
Skoda,Yeti,2014 -> ...,2.0 TDI CR - 150 hp
Skoda,Yeti,2014 -> ...,2.0 TDI CR - 110 hp
Skoda,Rapid,2012 -> ...,1.0 TSI - 95 hp
Skoda,Rapid,2012 -> ...,1.0 TSI - 110 hp
Skoda,Rapid,2012 -> ...,1.0 TSI - 95 hp
Skoda,Rapid,2012 -> ...,1.2 MPI - 75 hp
Skoda,Rapid,2012 -> ...,1.2 TSi - 85 hp
Skoda,Rapid,2012 -> ...,1.2 TSi - 105 hp
Skoda,Rapid,2012 -> ...,1.2 TSi - 90 hp
Skoda,Rapid,2012 -> ...,1.4 TDI - 90 hp
Skoda,Rapid,2012 -> ...,1.4 TDI - 105 hp
Skoda,Rapid,2012 -> ...,1.4 TDI - 75 hp
Skoda,Rapid,2012 -> ...,1.4 TSI - 122 hp
Skoda,Rapid,2012 -> ...,1.4 TSI - 125 hp
Skoda,Rapid,2012 -> ...,1.6 TDI - 90 hp
Skoda,Rapid,2012 -> ...,1.6 TDI - 105 hp
Skoda,Rapid,2012 -> ...,1.6 TDI - 116 hp
Skoda,Citigo,2012 -> 2017,1.0 TSi - 90 hp
Skoda,Citigo,2012 -> 2017,1.0i - 60 hp
Skoda,Citigo,2012 -> 2017,1.0i - 75 hp
Skoda,Kodiaq,2017 -> ...,1.4 TSI - 125 hp
Skoda,Kodiaq,2017 -> ...,1.4 TSI - 150 hp
Skoda,Kodiaq,2017 -> ...,1.5 TSI - 150 hp
Skoda,Kodiaq,2017 -> ...,2.0 TDI CR - 150 hp
Skoda,Kodiaq,2017 -> ...,2.0 TDI CR - 190 hp
Skoda,Kodiaq,2017 -> ...,2.0 TSI - 190 hp
Skoda,Kodiaq,2017 -> ...,2.0 TSI - 180 hp
Skoda,Kodiaq,2017 -> ...,RS 2.0 Bi TDI - 240 hp
Skoda,Kodiaq,Mk1 - 2017 -> 2021,1.4 TSI - 125 hp
Skoda,Kodiaq,Mk1 - 2017 -> 2021,1.4 TSI - 150 hp
Skoda,Kodiaq,Mk1 - 2017 -> 2021,1.5 TSI - 150 hp
Skoda,Kodiaq,Mk1 - 2017 -> 2021,2.0 TDI CR - 150 hp
Skoda,Kodiaq,Mk1 - 2017 -> 2021,2.0 TDI CR - 190 hp
Skoda,Kodiaq,Mk1 - 2017 -> 2021,2.0 TSI - 190 hp
Skoda,Kodiaq,Mk1 - 2017 -> 2021,2.0 TSI - 180 hp
Skoda,Kodiaq,Mk1 - 2017 -> 2021,RS 2.0 Bi TDI - 240 hp
Skoda,Kodiaq,Mk2 - 07/2021 -> ...,1.5 eTSI - 150 hp
Skoda,Kodiaq,Mk2 - 07/2021 -> ...,2.0 TDI - 200 hp
Skoda,Kodiaq,Mk2 - 07/2021 -> ...,2.0 TDI - 150 hp
Skoda,Kodiaq,Mk2 - 07/2021 -> ...,2.0 TDI - 193 hp
Skoda,Kodiaq,Mk2 - 07/2021 -> ...,2.0 TSI RS - 245 hp
Skoda,Karoq,2017 -> ...,1.0 TSI - 115 hp
Skoda,Karoq,2017 -> ...,1.5 TSI - 150 hp
Skoda,Karoq,2017 -> ...,1.6 TDI - 116 hp
Skoda,Karoq,2017 -> ...,2.0 TDI - 150 hp
Skoda,Karoq,2017 -> ...,2.0 TDI - 190 hp
Skoda,Karoq,2017 -> ...,2.0 TSI - 190 hp
Skoda,Karoq,2017 -> ...,1.0 TSI - 110 hp
Skoda,Karoq,2017 -> ...,2.0 TDI - 116 hp
Skoda,Scala,2019 -> ...,1.0 TSI - 95 hp
Skoda,Scala,2019 -> ...,1.0 TSI - 115 hp
Skoda,Scala,2019 -> ...,1.5 TSI - 150 hp
Skoda,Scala,2019 -> ...,1.6 TDI - 116 hp
Skoda,Scala,2019 -> ...,1.0 TSI - 110 hp
Skoda,Kamiq,2019 -> ...,1.0 TSI - 95 hp
Skoda,Kamiq,2019 -> ...,1.0 TSI - 115 hp
Skoda,Kamiq,2019 -> ...,1.5 TSI - 150 hp
Skoda,Kamiq,2019 -> ...,1.6 TDI - 116 hp
Skoda,Kamiq,2019 -> ...,1.0 TSI - 110 hp
Smart,Roadster,452 - 07/2003 -> 04/2006,0.7 Turbo - 62 hp
Smart,Roadster,452 - 07/2003 -> 04/2006,0.7 Turbo - 82 hp
Smart,Roadster,452 - 07/2003 -> 04/2006,0.7 Turbo Brabus - 101 hp
Smart,Crossblade,2002 -> 2003,0.6L - 71 hp
Smart,ForFour,454 - 2005 -> 2014,1.5 CDi - 68 hp
Smart,ForFour,454 - 2005 -> 2014,1.5 CDi - 95 hp
Smart,ForFour,454 - 2005 -> 2014,1.5 Turbo - 177 hp
Smart,ForFour,453 - 2014 -> ...,0.9 T - 90 hp
Smart,ForFour,453 - 2014 -> ...,1.0 - 71 hp
Smart,ForFour,453 - 2014 -> ...,1.0 - 61 hp
Smart,ForTwo,45x - 2007 -> 2014,0.8 CDi - 41 hp
Smart,ForTwo,45x - 2007 -> 2014,0.8 CDi - 45 hp
Smart,ForTwo,45x - 2007 -> 2014,0.8 CDi - 54 hp
Smart,ForTwo,45x - 2007 -> 2014,1.0i - 61 hp
Smart,ForTwo,45x - 2007 -> 2014,1.0i - 71 hp
Smart,ForTwo,45x - 2007 -> 2014,1L - Turbo - Brabus - 102 hp
Smart,ForTwo,45x - 2007 -> 2014,1L - Turbo - Brabus - 98 hp
Smart,ForTwo,45x - 2007 -> 2014,1L Turbo - 84 hp
Smart,ForTwo,45x - 2007 -> 2014,Ultimate 112 - 112 hp
Smart,ForTwo,453 - 2014 -> 2020,0.8 CDI - 54 hp
Smart,ForTwo,453 - 2014 -> 2020,0.9 T - 90 hp
Smart,ForTwo,453 - 2014 -> 2020,0.9T Brabus - 109 hp
Smart,ForTwo,453 - 2014 -> 2020,1.0 - 71 hp
Smart,ForTwo,453 - 2014 -> 2020,1.0 - 61 hp
Smart,ForTwo,453 - 2014 -> 2020,0.9T Brabus 125R / Ultimate 125 - 125 hp
Smart,City,450 - 2002 -> 2004,0.8 CDi - 45 hp
Smart,City,450 - 2002 -> 2004,1L Turbo - 84 hp
Smart,City,450 - 2002 -> 2004,1L Turbo Brabus - 98 hp
Subaru,Forester,2008 -> 2016,2.0 D Boxer - 150 hp
Subaru,Forester,2008 -> 2016,2.0 D Boxer - 147 hp
Subaru,Impreza,2008 -> ...,2.0 Boxer D - 150 hp
Subaru,Legacy,2008 -> ...,2.0 D Boxer - 150 hp
Subaru,Outback,All,2.0 D Boxer - 150 hp
Subaru,Trezia,2011 -> ...,1.4 D - 90 hp
Subaru,BRZ,2012 -> 2020,2.0i - 200 hp
Subaru,BRZ,2022 -> ...,2.4 D-4S - 234 hp
Subaru,XV,All,2.0 D Boxer - 147 hp
Subaru,Levorg,2015 -> ...,1.6 Turbo - 170 hp
Subaru,Soltera,10/2023 -> ...,Solterra - 204 hp
Suzuki,Grand Vitara,2001 -> 2005,2.0TD - 109 hp
Suzuki,Grand Vitara,2001 -> 2005,2.0TD - 90 hp
Suzuki,Grand Vitara,2001 -> 2005,XL--7 2.0HDi - 109 hp
Suzuki,Grand Vitara,12/2005 -> ...,1.6 DDiS - 120 hp
Suzuki,Grand Vitara,12/2005 -> ...,1.9DDiS - 129 hp
Suzuki,Ignis,All,1.2 VVT Hybrid - 89 hp
Suzuki,Ignis,All,1.3 DDiS - 70 hp
Suzuki,Jimny,... -> 2005,1.5DDiS - 86 hp
Suzuki,Jimny,2018 -> ...,1.5 VVT - 102 hp
Suzuki,Jimny,2006 -> 2018,1.5DDiS - 86 hp
Suzuki,Liana,2001 -> 2006,1.4DDiS - 90 hp
Suzuki,Splash,2008 -> 2015,1.3 DDiS - 75 hp
Suzuki,Splash,2008 -> 2015,1.2 Ecoflex - 94 hp
Suzuki,Swift,2005 -> 2010,1.3 DDiS - 75 hp
Suzuki,Swift,2005 -> 2010,1.6 SPORT - 125 hp
Suzuki,Swift,2011 -> 2017,1.2 VVT - 94 hp
Suzuki,Swift,2011 -> 2017,1.3 DDiS - 75 hp
Suzuki,Swift,2011 -> 2017,1.6 VVT Sport - 136 hp
Suzuki,Swift,2017 -> ...,1.0 Boosterjet - 112 hp
Suzuki,Swift,2017 -> ...,1.4 Boosterjet - 140 hp
Suzuki,Swift,2017 -> ...,1.4 Boosterjet - 129 hp
Suzuki,SX-4,2006 -> ...,1.6 DDIS - 90 hp
Suzuki,SX-4,2006 -> ...,1.9 DDIS - 120 hp
Suzuki,SX-4,2006 -> ...,2.0 DDIS - 134 hp
Suzuki,Wagon-R,2003 -> 2008,1.3 DDiS - 70 hp
Suzuki,SX-4 S-Cross,2013 -> ...,1.0 Boosterjet - 111 hp
Suzuki,SX-4 S-Cross,2013 -> ...,1.4 Boosterjet - 140 hp
Suzuki,SX-4 S-Cross,2013 -> ...,1.6 DDiS - 120 hp
Suzuki,SX-4 S-Cross,2013 -> ...,1.6 VVT - 120 hp
Suzuki,SX-4 S-Cross,2013 -> ...,1.4 Boosterjet - 129 hp
Suzuki,SX-4 S-Cross,2013 -> ...,1.5 Dualjet - 115 hp
Suzuki,Vitara,2015 -> 2017,1.4 Boosterjet - 140 hp
Suzuki,Vitara,2015 -> 2017,1.6 DDIS - 120 hp
Suzuki,Vitara,2015 -> 2017,1.6 VVT - 120 hp
Suzuki,Vitara,2018 -> 2023,1.0 Boosterjet - 111 hp
Suzuki,Vitara,2018 -> 2023,S 1.4 Boosterjet - 140 hp
Suzuki,Vitara,2018 -> 2023,1.4 Boosterjet - 129 hp
Suzuki,Vitara,2018 -> 2023,1.5 Dualjet - 115 hp
Suzuki,Vitara,2024 -> ...,1.4 BoosterJet Hybrid 48v - 129 hp
Suzuki,Vitara,2024 -> ...,1.5 Dualjet Hybrid - 115 hp
Suzuki,Baleno,2017 -> ...,1.0 Boosterjet - 112 hp
Toyota,Auris,2006 -> 2012,1.4 D4D - 90 hp
Toyota,Auris,2006 -> 2012,2.0 D4D - 126 hp
Toyota,Auris,2006 -> 2012,2.2 D4D - 177 hp
Toyota,Auris,2012 -> ...,1.2T - 116 hp
Toyota,Auris,2012 -> ...,1.4 D4D - 90 hp
Toyota,Auris,2012 -> ...,1.6 D4D - 112 hp
Toyota,Auris,2012 -> ...,2.0 D4D - 126 hp
Toyota,Aygo,2005 -> 2010,1.4 D4D - 54 hp
Toyota,Aygo,2016 -> ...,1.0 VVT-i - 69 hp
Toyota,Corolla,2003 -> 2007,1.4 D4D - 90 hp
Toyota,Corolla,2003 -> 2007,2.0 D4D - 116 hp
Toyota,Corolla,2020 -> ...,GR - 1.6T - 304 hp
Toyota,IQ,2009 -> ...,1.4 D-4D - 90 hp
Toyota,Urban Cruiser,2009 -> 2013,1.4 D4D - 90 hp
Toyota,Yaris,... -> 2017,1.4 D4D - 75 hp
Toyota,Yaris,... -> 2017,1.4 D4D - 90 hp
Toyota,Yaris,03/2017 -> ...,1.4 D4D - 90 hp
Toyota,Yaris,03/2017 -> ...,1.8 Comp GRMN - 210 hp
Toyota,Yaris,2020 -> ...,GR - 1.6T - 261 hp
Toyota,Yaris,04/2024 -> ...,GR-1.6T - 280 hp
Toyota,Verso S,2011 -> ...,1.4 D4D - 90 hp
Toyota,GT86,2012 -> 2020,2.0i - 200 hp
Toyota,ProAce / ProAce Verso,2014 -> 2016,1.6 D4D - 90 hp
Toyota,ProAce / ProAce Verso,2014 -> 2016,2.0 D4D - 128 hp
Toyota,ProAce / ProAce Verso,2016 -> 2019,1.6 D-4D - 115 hp
Toyota,ProAce / ProAce Verso,2016 -> 2019,1.6 D-4D - 95 hp
Toyota,ProAce / ProAce Verso,2016 -> 2019,2.0 D-4D - 180 hp
Toyota,ProAce / ProAce Verso,2016 -> 2019,2.0 D-4D - 150 hp
Toyota,ProAce / ProAce Verso,2016 -> 2019,2.0 D-4D - 120 hp
Toyota,ProAce / ProAce Verso,2019 -> ...,1.5 BlueHDI - 120 hp
Toyota,ProAce / ProAce Verso,2019 -> ...,1.5 BlueHDi - 100 hp
Toyota,ProAce / ProAce Verso,2019 -> ...,2.0 BlueHDi - 150 hp
Toyota,ProAce / ProAce Verso,2019 -> ...,2.0 BlueHDi - 120 hp
Toyota,ProAce / ProAce Verso,2019 -> ...,2.0 BlueHDi - 180 hp
Toyota,ProAce / ProAce Verso,2019 -> ...,1.5 D-4d - 75 hp
Toyota,ProAce / ProAce Verso,2019 -> ...,1.5 D-4d - 100 hp
Toyota,ProAce / ProAce Verso,2019 -> ...,1.5 D-4d - 131 hp
Toyota,ProAce / ProAce Verso,2019 -> ...,110 Vvt-i - 110 hp
Toyota,ProAce / ProAce Verso,2019 -> ...,130 Vvt-i - 130 hp
Toyota,ProAce / ProAce Verso,2024 -> ...,2.2 BlueHDI - 120 hp
Toyota,ProAce / ProAce Verso,2024 -> ...,2.2 BlueHDI - 180 hp
Toyota,ProAce / ProAce Verso,2024 -> ...,2.2.BlueHDI - 140 hp
Toyota,Hilux,2006 -> 2011,2.5 D4D - 120 hp
Toyota,Hilux,2006 -> 2011,2.5 D4D - 144 hp
Toyota,Hilux,2006 -> 2011,3.0 D4D - 171 hp
Toyota,Hilux,2011 -> 2015,2.5 D4D - 144 hp
Toyota,Hilux,2011 -> 2015,3.0 D4D - 171 hp
Toyota,Hilux,2015 -> 2020,2.4D - 150 hp
Toyota,Hilux,2006 -> 2011,2.5 D4D - 102 hp
Toyota,Hilux,06/2020 -> ...,2.4D - 150 hp
Toyota,Hilux,06/2020 -> ...,2.8D - 204 hp
Toyota,Verso,2009 -> 03/2014,2.0 D4D - 126 hp
Toyota,Verso,2009 -> 03/2014,2.2 D4d - 136 hp
Toyota,Verso,2009 -> 03/2014,2.2 D4d - 150 hp
Toyota,Verso,2009 -> 03/2014,2.2 D4d - 177 hp
Toyota,Verso,03/2014 -> ...,1.6 D-4D - 112 hp
Toyota,Avensis,T250 - 2003 -> 2006,2.0 D4D - 115 hp
Toyota,Avensis,T250 - 2003 -> 2006,2.2 D4D - 150 hp
Toyota,Avensis,T250 - 2006 -> 2009,2.0 D4D - 126 hp
Toyota,Avensis,T250 - 2006 -> 2009,2.2 D4D - 150 hp
Toyota,Avensis,T250 - 2006 -> 2009,2.2 D4D - 177 hp
Toyota,Avensis,T270 - 2009 -> 2015,2.0 D4D FAP - 126 hp
Toyota,Avensis,T270 - 2009 -> 2015,2.0 D4D FAP - 124 hp
Toyota,Avensis,T270 - 2009 -> 2015,2.2 D-CAT FAP - 150 hp
Toyota,Avensis,T270 - 2009 -> 2015,2.2 D-CAT FAP - 177 hp
Toyota,Avensis,T270 - 2009 -> 2015,2.2 D4D FAP - 150 hp
Toyota,Avensis,T270 - 2015 -> ...,1.6 D-4D - 112 hp
Toyota,Avensis,T270 - 2015 -> ...,2.0 D-4D - 143 hp
Toyota,Avensis,T270 - 2015 -> ...,2.2 D-CAT - 150 hp
Toyota,Avensis,T270 - 2015 -> ...,2.2 D4D - 150 hp
Toyota,Rav4,2006 -> 2013,2.2 D4D - 150 hp
Toyota,Rav4,2006 -> 2013,2.2 D4D - 136 hp
Toyota,Rav4,2006 -> 2013,2.2 D4D - 177 hp
Toyota,Rav4,2013 -> 2016,2.0 D4d - 126 hp
Toyota,Rav4,2013 -> 2016,2.2 D4d - 150 hp
Toyota,Rav4,2016 -> ...,2.0 D4D - 143 hp
Toyota,Hi-Ace,2006 -> 2011,2.5 D4D - 102 hp
Toyota,Hi-Ace,2006 -> 2011,2.5 D4D - 117 hp
Toyota,Land Cruiser,2004 -> 2017,2.8 D4D - 177 hp
Toyota,Land Cruiser,2004 -> 2017,3.0 D4D - 173 hp
Toyota,Land Cruiser,2004 -> 2017,3.0 D4D - 190 hp
Toyota,Land Cruiser,2004 -> 2017,3.0 D4D - 166 hp
Toyota,Land Cruiser,2004 -> 2017,4.5 V8 D4D - 286 hp
Toyota,Land Cruiser,2004 -> 2017,4.5 V8 D4D - 204 hp
Toyota,Land Cruiser,2018 -> 2022,2.8 D4D - 177 hp
Toyota,Land Cruiser,2018 -> 2022,2.8D - 204 hp
Toyota,Land Cruiser,2023 -> ...,2.8D - 204 hp
Toyota,C-HR,2016 -> 2020,1.2T - 116 hp
Toyota,C-HR,2016 -> 2020,1.8 - 122 hp
Toyota,C-HR,2020 -> ...,1.2 T - 116 hp
Toyota,Supra (GR),2018 -> ...,2.0T - 184 hp
Toyota,Supra (GR),2018 -> ...,2.0T - 258 hp
Toyota,Supra (GR),2018 -> ...,3.0 Bi-Turbo - 340 hp
Toyota,GR86,2022 -> ...,2.4 D-4S - 234 hp
Volkswagen,Amarok,2010 -> 2016,2.0 TDI CR - 122 hp
Volkswagen,Amarok,2010 -> 2016,2.0 TDI CR - 163 hp
Volkswagen,Amarok,2010 -> 2016,2.0 TDI CR - 180 hp
Volkswagen,Amarok,2010 -> 2016,2.0 TDI CR - 140 hp
Volkswagen,Amarok,2016 -> 2022,3.0 V6 TDI - 163 hp
Volkswagen,Amarok,2016 -> 2022,3.0 V6 TDI - 204 hp
Volkswagen,Amarok,2016 -> 2022,3.0 V6 TDI - 224 hp
Volkswagen,Amarok,2016 -> 2022,3.0 V6 TDI - 258 hp
Volkswagen,Amarok,2023 -> ...,2.0 TDI - 205 hp
Volkswagen,Amarok,2023 -> ...,3.0 TDI V6 - 240 hp
Volkswagen,Bora,11/1997 -> 09/2005,1.8 20V GTI - 150 hp
Volkswagen,Bora,11/1997 -> 09/2005,1.8 20V GTI - 180 hp
Volkswagen,Bora,11/1997 -> 09/2005,1.9 TDi - 100 hp
Volkswagen,Bora,11/1997 -> 09/2005,1.9 TDi - 110 hp
Volkswagen,Bora,11/1997 -> 09/2005,1.9 TDi - 115 hp
Volkswagen,Bora,11/1997 -> 09/2005,1.9 TDi - 130 hp
Volkswagen,Bora,11/1997 -> 09/2005,1.9 TDi - 150 hp
Volkswagen,Bora,11/1997 -> 09/2005,1.9 TDi - 90 hp
Volkswagen,Bora,11/1997 -> 09/2005,2.0 8V - 115 hp
Volkswagen,Bora,11/1997 -> 09/2005,2.3 V5 - 170 hp
Volkswagen,Bora,11/1997 -> 09/2005,2.8 VR6 - 204 hp
Volkswagen,Caddy,... -> 2010,1.9 TDi - 105 hp
Volkswagen,Caddy,... -> 2010,1.9 TDi - 75 hp
Volkswagen,Caddy,... -> 2010,1.9 TDi - 90 hp
Volkswagen,Caddy,... -> 2010,2.0 TDi - 136 hp
Volkswagen,Caddy,2010 -> 2015,1.2 TSi - 105 hp
Volkswagen,Caddy,2010 -> 2015,1.2 TSi - 86 hp
Volkswagen,Caddy,2010 -> 2015,1.6 TDi - 102 hp
Volkswagen,Caddy,2010 -> 2015,1.6 TDi - 75 hp
Volkswagen,Caddy,2010 -> 2015,2.0 CRTDI - 140 hp
Volkswagen,Caddy,2010 -> 2015,2.0 CRTDI - 170 hp
Volkswagen,Caddy,2010 -> 2015,2.0 CRTDi - 110 hp
Volkswagen,Caddy,2010 -> 2015,2.0 CRTDi - 136 hp
Volkswagen,Caddy,07/2015 -> 2020,1.0 TSi - 102 hp
Volkswagen,Caddy,07/2015 -> 2020,1.2 TSi - 84 hp
Volkswagen,Caddy,07/2015 -> 2020,1.4 TGI - 110 hp
Volkswagen,Caddy,07/2015 -> 2020,1.4 TSi - 125 hp
Volkswagen,Caddy,07/2015 -> 2020,2.0 TDi - 122 hp
Volkswagen,Caddy,07/2015 -> 2020,2.0 TDi - 102 hp
Volkswagen,Caddy,07/2015 -> 2020,2.0 TDi - 75 hp
Volkswagen,Caddy,07/2015 -> 2020,2.0 TDi - 150 hp
Volkswagen,Caddy,12/2020 -> ...,1.0 TSI - 116 hp
Volkswagen,Caddy,12/2020 -> ...,2.0 TDi - 75 hp
Volkswagen,Caddy,12/2020 -> ...,2.0 TDi - 102 hp
Volkswagen,Caddy,12/2020 -> ...,2.0 TDi - 122 hp
Volkswagen,Caddy,12/2020 -> ...,1.4 TSi - 131 hp
Volkswagen,Caddy,12/2020 -> ...,1.5 TSI - 114 hp
Volkswagen,Crafter,... -> 09/2011,2.5 TDi - 109 hp
Volkswagen,Crafter,... -> 09/2011,2.5 TDi - 136 hp
Volkswagen,Crafter,... -> 09/2011,2.5 TDi - 163 hp
Volkswagen,Crafter,... -> 09/2011,2.5 TDi - 88 hp
Volkswagen,Crafter,10/2011 -> 2017,2.0 TDI - 109 hp
Volkswagen,Crafter,10/2011 -> 2017,2.0 TDI - 136 hp
Volkswagen,Crafter,10/2011 -> 2017,2.0 TDI - 143 hp
Volkswagen,Crafter,10/2011 -> 2017,2.0 TDI - 163 hp
Volkswagen,Crafter,10/2011 -> 2017,2.0 TDI (EUR 6) - 102 hp
Volkswagen,Crafter,10/2011 -> 2017,2.0 TDI (EUR 6) - 140 hp
Volkswagen,Crafter,10/2011 -> 2017,2.0 TDI (EUR 6) - 177 hp
Volkswagen,Crafter,2017 -> ...,2.0 TDI - 102 hp
Volkswagen,Crafter,2017 -> ...,2.0 TDI - 140 hp
Volkswagen,Crafter,2017 -> ...,2.0 TDI - 177 hp
Volkswagen,Crafter,2017 -> ...,2.0 TDI - EURO 6D - 109 hp
Volkswagen,Crafter,2017 -> ...,2.0 TDI - EURO 6D - 136 hp
Volkswagen,Crafter,2017 -> ...,2.0 TDI - EURO 6D - 163 hp
Volkswagen,Eos,2006 -> ...,1.4 TSi - 122 hp
Volkswagen,Eos,2006 -> ...,1.4 TSi (CAVD) - 160 hp
Volkswagen,Eos,2006 -> ...,1.4 TSi (CTHD) - 160 hp
Volkswagen,Eos,2006 -> ...,2.0 CR TDi - 140 hp
Volkswagen,Eos,2006 -> ...,2.0 FSi - 150 hp
Volkswagen,Eos,2006 -> ...,2.0 TDi - 140 hp
Volkswagen,Eos,2006 -> ...,2.0 TFSi - 200 hp
Volkswagen,Eos,2006 -> ...,2.0 TSi - 210 hp
Volkswagen,Eos,2006 -> ...,3.2 V6 - 250 hp
Volkswagen,Fox,2005 -> 2011,1.4 TDi - 70 hp
Volkswagen,Golf,Golf IV - 1997 -> 2003,1.8 20V GTI - 150 hp
Volkswagen,Golf,Golf IV - 1997 -> 2003,1.8 20V GTI - 180 hp
Volkswagen,Golf,Golf IV - 1997 -> 2003,1.9 TDi - 100 hp
Volkswagen,Golf,Golf IV - 1997 -> 2003,1.9 TDi - 110 hp
Volkswagen,Golf,Golf IV - 1997 -> 2003,1.9 TDi - 115 hp
Volkswagen,Golf,Golf IV - 1997 -> 2003,1.9 TDi - 130 hp
Volkswagen,Golf,Golf IV - 1997 -> 2003,1.9 TDi - 150 hp
Volkswagen,Golf,Golf IV - 1997 -> 2003,1.9 TDi - 90 hp
Volkswagen,Golf,Golf IV - 1997 -> 2003,2.3 V5 - 170 hp
Volkswagen,Golf,Golf IV - 1997 -> 2003,2.8 VR6 - 204 hp
Volkswagen,Golf,Golf IV - 1997 -> 2003,R32 - 242 hp
Volkswagen,Golf,Golf V - 2003 -> 2008,1.4 TSi - 122 hp
Volkswagen,Golf,Golf V - 2003 -> 2008,1.4 TSi - 140 hp
Volkswagen,Golf,Golf V - 2003 -> 2008,1.4 TSi GT - 170 hp
Volkswagen,Golf,Golf V - 2003 -> 2008,1.6 16V FSI - 115 hp
Volkswagen,Golf,Golf V - 2003 -> 2008,1.6 8V - 102 hp
Volkswagen,Golf,Golf V - 2003 -> 2008,1.9 TDi - 90 hp
Volkswagen,Golf,Golf V - 2003 -> 2008,1.9 TDi - 105 hp
Volkswagen,Golf,Golf V - 2003 -> 2008,2.0 FSi - 150 hp
Volkswagen,Golf,Golf V - 2003 -> 2008,2.0 TDi - 140 hp
Volkswagen,Golf,Golf V - 2003 -> 2008,2.0 TDi - 170 hp
Volkswagen,Golf,Golf V - 2003 -> 2008,2.0 TDi - 163 hp
Volkswagen,Golf,Golf V - 2003 -> 2008,2.0 TDi - 136 hp
Volkswagen,Golf,Golf V - 2003 -> 2008,2.0 TDi DPF - 136 hp
Volkswagen,Golf,Golf V - 2003 -> 2008,2.0 TDi DPF - 140 hp
Volkswagen,Golf,Golf V - 2003 -> 2008,2.0 TFSi GTI - 200 hp
Volkswagen,Golf,Golf V - 2003 -> 2008,2.0 TFSi GTI Edition 30th - 230 hp
Volkswagen,Golf,Golf V - 2003 -> 2008,2.0 TFSi GTI Pirelli - 230 hp
Volkswagen,Golf,Golf V - 2003 -> 2008,R32 - 250 hp
Volkswagen,Golf,Golf VI - 2008 -> 2012,1.2 TSi - 86 hp
Volkswagen,Golf,Golf VI - 2008 -> 2012,1.2 TSi - 105 hp
Volkswagen,Golf,Golf VI - 2008 -> 2012,1.4 16v - 80 hp
Volkswagen,Golf,Golf VI - 2008 -> 2012,1.4 TSi - 122 hp
Volkswagen,Golf,Golf VI - 2008 -> 2012,1.4 TSi (CAVD) - 160 hp
Volkswagen,Golf,Golf VI - 2008 -> 2012,1.4 TSi (CTHD-CTKA) - 160 hp
Volkswagen,Golf,Golf VI - 2008 -> 2012,1.6 TDi - 105 hp
Volkswagen,Golf,Golf VI - 2008 -> 2012,1.6 TDi - 90 hp
Volkswagen,Golf,Golf VI - 2008 -> 2012,1.8 TSI - 160 hp
Volkswagen,Golf,Golf VI - 2008 -> 2012,2.0 TDI CR - 110 hp
Volkswagen,Golf,Golf VI - 2008 -> 2012,2.0 TDI CR - 140 hp
Volkswagen,Golf,Golf VI - 2008 -> 2012,2.0 TDI CR - 136 hp
Volkswagen,Golf,Golf VI - 2008 -> 2012,2.0 TDi GTD - 170 hp
Volkswagen,Golf,Golf VI - 2008 -> 2012,2.0 TFSI R - 265 hp
Volkswagen,Golf,Golf VI - 2008 -> 2012,2.0 TFSI R - 270 hp
Volkswagen,Golf,Golf VI - 2008 -> 2012,2.0 TSI GTI Edition 35 - 235 hp
Volkswagen,Golf,Golf VI - 2008 -> 2012,2.0 TSI GTi - 210 hp
Volkswagen,Golf,Golf VII Mk1 - 2012 -> 2017,1.0 TSi - 85 hp
Volkswagen,Golf,Golf VII Mk1 - 2012 -> 2017,1.0 TSi - 115 hp
Volkswagen,Golf,Golf VII Mk1 - 2012 -> 2017,1.2 TSI - 86 hp
Volkswagen,Golf,Golf VII Mk1 - 2012 -> 2017,1.2 TSI - 105 hp
Volkswagen,Golf,Golf VII Mk1 - 2012 -> 2017,1.2 TSI - 110 hp
Volkswagen,Golf,Golf VII Mk1 - 2012 -> 2017,1.4 TGI - 110 hp
Volkswagen,Golf,Golf VII Mk1 - 2012 -> 2017,1.4 TSI - 125 hp
Volkswagen,Golf,Golf VII Mk1 - 2012 -> 2017,1.4 TSI (CHPA-CPTA) - 140 hp
Volkswagen,Golf,Golf VII Mk1 - 2012 -> 2017,1.4 TSI (CMBA-CPVA) - 122 hp
Volkswagen,Golf,Golf VII Mk1 - 2012 -> 2017,1.4 TSI ACT - 150 hp
Volkswagen,Golf,Golf VII Mk1 - 2012 -> 2017,1.4 TSI GTE - 204 hp
Volkswagen,Golf,Golf VII Mk1 - 2012 -> 2017,1.4 TSI Multifuel - 125 hp
Volkswagen,Golf,Golf VII Mk1 - 2012 -> 2017,1.6 TDI - 105 hp
Volkswagen,Golf,Golf VII Mk1 - 2012 -> 2017,1.6 TDI - 110 hp
Volkswagen,Golf,Golf VII Mk1 - 2012 -> 2017,1.6 TDI - 90 hp
Volkswagen,Golf,Golf VII Mk1 - 2012 -> 2017,1.6 TDI (2016 > ...) - 110 hp
Volkswagen,Golf,Golf VII Mk1 - 2012 -> 2017,1.8 TFSi - 180 hp
Volkswagen,Golf,Golf VII Mk1 - 2012 -> 2017,2.0 TDI CR - 136 hp
Volkswagen,Golf,Golf VII Mk1 - 2012 -> 2017,2.0 TDI CR - 110 hp
Volkswagen,Golf,Golf VII Mk1 - 2012 -> 2017,2.0 TDI CR - 150 hp
Volkswagen,Golf,Golf VII Mk1 - 2012 -> 2017,2.0 TDI CR GTD - 184 hp
Volkswagen,Golf,Golf VII Mk1 - 2012 -> 2017,2.0 TSI - R - 300 hp
Volkswagen,Golf,Golf VII Mk1 - 2012 -> 2017,2.0 TSI - R - 280 hp
Volkswagen,Golf,Golf VII Mk1 - 2012 -> 2017,2.0 TSI - R + - 320 hp
Volkswagen,Golf,Golf VII Mk1 - 2012 -> 2017,2.0 TSI - R 400 - 400 hp
Volkswagen,Golf,Golf VII Mk1 - 2012 -> 2017,2.0 TSI GTI - 220 hp
Volkswagen,Golf,Golf VII Mk1 - 2012 -> 2017,2.0 TSI GTI (US) - 210 hp
Volkswagen,Golf,Golf VII Mk1 - 2012 -> 2017,2.0 TSI GTI Clubsport - 265 hp
Volkswagen,Golf,Golf VII Mk1 - 2012 -> 2017,2.0 TSI GTI Performance - 230 hp
Volkswagen,Golf,Golf VII Mk2 - 02/2017 -> 2020,1.0 TSI - 115 hp
Volkswagen,Golf,Golf VII Mk2 - 02/2017 -> 2020,1.0 TSI - 86 hp
Volkswagen,Golf,Golf VII Mk2 - 02/2017 -> 2020,1.4 TSI - 125 hp
Volkswagen,Golf,Golf VII Mk2 - 02/2017 -> 2020,1.4 TSI Multifuel - 125 hp
Volkswagen,Golf,Golf VII Mk2 - 02/2017 -> 2020,1.5 TSI - 130 hp
Volkswagen,Golf,Golf VII Mk2 - 02/2017 -> 2020,1.5 TSI - 150 hp
Volkswagen,Golf,Golf VII Mk2 - 02/2017 -> 2020,1.6 TDI - 115 hp
Volkswagen,Golf,Golf VII Mk2 - 02/2017 -> 2020,2.0 TDI - 150 hp
Volkswagen,Golf,Golf VII Mk2 - 02/2017 -> 2020,2.0 TDI - 184 hp
Volkswagen,Golf,Golf VII Mk2 - 02/2017 -> 2020,2.0 TSI - R - 310 hp
Volkswagen,Golf,Golf VII Mk2 - 02/2017 -> 2020,2.0 TSI - R (GPF) - 300 hp
Volkswagen,Golf,Golf VII Mk2 - 02/2017 -> 2020,2.0 TSI GTI - 230 hp
Volkswagen,Golf,Golf VII Mk2 - 02/2017 -> 2020,2.0 TSI GTI (GPF) - 230 hp
Volkswagen,Golf,Golf VII Mk2 - 02/2017 -> 2020,2.0 TSI GTI Performance - 245 hp
Volkswagen,Golf,Golf VII Mk2 - 02/2017 -> 2020,2.0 TSI GTI Performance (GPF) - 245 hp
Volkswagen,Golf,Golf VII Mk2 - 02/2017 -> 2020,2.0 TSI GTI TCR (GPF) - 290 hp
Volkswagen,Golf,Golf VII Mk2 - 02/2017 -> 2020,E-Golf - 136 hp
Volkswagen,Golf,Golf VIII - 03/2020 -> 05/2024,1.0 e-TSI - 110 hp
Volkswagen,Golf,Golf VIII - 03/2020 -> 05/2024,1.4 TSI GTE - 245 hp
Volkswagen,Golf,Golf VIII - 03/2020 -> 05/2024,1.4 TSI eHybrid - 204 hp
Volkswagen,Golf,Golf VIII - 03/2020 -> 05/2024,1.5 TSI - 130 hp
Volkswagen,Golf,Golf VIII - 03/2020 -> 05/2024,1.5 e-TSI - 150 hp
Volkswagen,Golf,Golf VIII - 03/2020 -> 05/2024,1.5 e-TSI - 130 hp
Volkswagen,Golf,Golf VIII - 03/2020 -> 05/2024,2.0 TDI Evo - 200 hp
Volkswagen,Golf,Golf VIII - 03/2020 -> 05/2024,2.0 TDI Evo - 150 hp
Volkswagen,Golf,Golf VIII - 03/2020 -> 05/2024,2.0 TDI Evo - 115 hp
Volkswagen,Golf,Golf VIII - 03/2020 -> 05/2024,2.0 TSI GTI - 245 hp
Volkswagen,Golf,Golf VIII - 03/2020 -> 05/2024,2.0 TSI GTI Clubsport - 300 hp
Volkswagen,Golf,Golf VIII - 03/2020 -> 05/2024,2.0 TSI R - 320 hp
Volkswagen,Golf,Golf VII Mk2 - 02/2017 -> 2020,1.0 TSi - 110 hp
Volkswagen,Golf,Golf VII Mk2 - 02/2017 -> 2020,1.4 TSI GTE - 204 hp
Volkswagen,Golf,Golf VII Mk2 - 02/2017 -> 2020,1.5 TGI - 130 hp
Volkswagen,Golf,Golf VII Mk2 - 02/2017 -> 2020,1.5 TSI Bluemotion - 130 hp
Volkswagen,Golf,Golf VIII - 03/2020 -> 05/2024,1.0 TSI - 110 hp
Volkswagen,Golf,Golf VIII - 03/2020 -> 05/2024,1.0 TSI (2021 - ...) - 110 hp
Volkswagen,Golf,Golf VIII - 03/2020 -> 05/2024,2.0 TSI GTI Clubsport 45 - 300 hp
Volkswagen,Golf,Golf VIII - 03/2020 -> 05/2024,2.0 TSI R 20 Years - 333 hp
Volkswagen,Golf,Golf VIII Mk2 - 06/2024 -> ...,1.0 eTSI - 110 hp
Volkswagen,Golf,Golf VIII Mk2 - 06/2024 -> ...,1.5 TSI eHybrid - 204 hp
Volkswagen,Golf,Golf VIII Mk2 - 06/2024 -> ...,1.5 eTSI - 115 hp
Volkswagen,Golf,Golf VIII Mk2 - 06/2024 -> ...,1.5 eTSI - 150 hp
Volkswagen,Golf,Golf VIII Mk2 - 06/2024 -> ...,1.5 eTSI GTE - 272 hp
Volkswagen,Golf,Golf VIII Mk2 - 06/2024 -> ...,2.0 TDI - 115 hp
Volkswagen,Golf,Golf VIII Mk2 - 06/2024 -> ...,2.0 TDI - 150 hp
Volkswagen,Golf,Golf VIII Mk2 - 06/2024 -> ...,2.0 TSI GTI - 265 hp
Volkswagen,Jetta / Lamando,09/2005 -> 2010,1.4 TSi - 122 hp
Volkswagen,Jetta / Lamando,09/2005 -> 2010,1.4 TSi - 140 hp
Volkswagen,Jetta / Lamando,09/2005 -> 2010,1.4 TSi GT - 170 hp
Volkswagen,Jetta / Lamando,09/2005 -> 2010,1.6 TDi - 105 hp
Volkswagen,Jetta / Lamando,09/2005 -> 2010,1.9 TDi - 105 hp
Volkswagen,Jetta / Lamando,09/2005 -> 2010,1.9 TDi - 90 hp
Volkswagen,Jetta / Lamando,09/2005 -> 2010,2.0 TDi - 136 hp
Volkswagen,Jetta / Lamando,09/2005 -> 2010,2.0 TDi - 140 hp
Volkswagen,Jetta / Lamando,09/2005 -> 2010,2.0 TDi - 163 hp
Volkswagen,Jetta / Lamando,09/2005 -> 2010,2.0 TDi - 170 hp
Volkswagen,Jetta / Lamando,2010 -> 2013,1.2 TSi - 105 hp
Volkswagen,Jetta / Lamando,2010 -> 2013,1.4 TFSI - 122 hp
Volkswagen,Jetta / Lamando,2010 -> 2013,1.4 TSi (CAVA) - 150 hp
Volkswagen,Jetta / Lamando,2010 -> 2013,1.4 TSi (CAVD) - 160 hp
Volkswagen,Jetta / Lamando,2010 -> 2013,1.6 TDi - 105 hp
Volkswagen,Jetta / Lamando,2010 -> 2013,2.0 TDi - 140 hp
Volkswagen,Jetta / Lamando,2013 -> 2018,1.2 TSI - 105 hp
Volkswagen,Jetta / Lamando,2013 -> 2018,1.4 TSI - 125 hp
Volkswagen,Jetta / Lamando,2013 -> 2018,1.4 TSi (CTHA) - 150 hp
Volkswagen,Jetta / Lamando,2013 -> 2018,1.4 TSi (CTHD) - 160 hp
Volkswagen,Jetta / Lamando,2013 -> 2018,1.4 TSi hybride - 150 hp
Volkswagen,Jetta / Lamando,2013 -> 2018,1.6 TDI - 105 hp
Volkswagen,Jetta / Lamando,2013 -> 2018,1.8 TSI - 180 hp
Volkswagen,Jetta / Lamando,2013 -> 2018,2.0 TDI CR - 150 hp
Volkswagen,Jetta / Lamando,2013 -> 2018,2.0 TSI - 200 hp
Volkswagen,Jetta / Lamando,2013 -> 2018,2.0 TSI (US) - 211 hp
Volkswagen,Jetta / Lamando,2018 -> ...,1.4 TSi - 150 hp
Volkswagen,Jetta / Lamando,2018 -> ...,2.0 TSI GLI - 230 hp
Volkswagen,LT,All,2.5 TDi - 102 hp
Volkswagen,LT,All,2.5 TDi - 109 hp
Volkswagen,LT,All,2.5 TDi - 130 hp
Volkswagen,LT,All,2.5 TDi - 90 hp
Volkswagen,LT,All,2.8 TDi - 158 hp
Volkswagen,Lupo,10/1997 -> 06/2005,1.2 TDi - 61 hp
Volkswagen,Lupo,10/1997 -> 06/2005,1.4 TDi - 75 hp
Volkswagen,Lupo,10/1997 -> 06/2005,1.6 16V GTi - 125 hp
Volkswagen,Coccinelle / New Beetle,10/1997 -> 10/2011,1.8 Turbo - 150 hp
Volkswagen,Coccinelle / New Beetle,10/1997 -> 10/2011,1.9 TDi - 100 hp
Volkswagen,Coccinelle / New Beetle,10/1997 -> 10/2011,1.9 TDi - 105 hp
Volkswagen,Coccinelle / New Beetle,10/1997 -> 10/2011,1.9 TDi - 90 hp
Volkswagen,Coccinelle / New Beetle,10/1997 -> 10/2011,2.0 8V - 115 hp
Volkswagen,Coccinelle / New Beetle,11/2011 -> 2016,1.2 TSI - 105 hp
Volkswagen,Coccinelle / New Beetle,11/2011 -> 2016,1.4 TSi - 150 hp
Volkswagen,Coccinelle / New Beetle,11/2011 -> 2016,1.4 TSi (CAVD) - 160 hp
Volkswagen,Coccinelle / New Beetle,11/2011 -> 2016,1.4 TSi (CTHD-CTKA) - 160 hp
Volkswagen,Coccinelle / New Beetle,11/2011 -> 2016,1.6 TDI - 105 hp
Volkswagen,Coccinelle / New Beetle,11/2011 -> 2016,1.8 TSI - 160 hp
Volkswagen,Coccinelle / New Beetle,11/2011 -> 2016,2.0 TDI CR - 140 hp
Volkswagen,Coccinelle / New Beetle,11/2011 -> 2016,2.0 TDI CR - 136 hp
Volkswagen,Coccinelle / New Beetle,11/2011 -> 2016,2.0 TSI - 200 hp
Volkswagen,Coccinelle / New Beetle,11/2011 -> 2016,2.0 TSI (US) - 211 hp
Volkswagen,Coccinelle / New Beetle,2016 -> ...,1.2 TSI - 105 hp
Volkswagen,Coccinelle / New Beetle,2016 -> ...,1.4 TSI - 150 hp
Volkswagen,Coccinelle / New Beetle,2016 -> ...,2.0 TDI - 110 hp
Volkswagen,Coccinelle / New Beetle,2016 -> ...,2.0 TDI - 150 hp
Volkswagen,Coccinelle / New Beetle,2016 -> ...,2.0 TSI - 220 hp
Volkswagen,Passat / Magotan,B5 - 1996 -> 2005,1.8T - 150 hp
Volkswagen,Passat / Magotan,B5 - 1996 -> 2005,1.9 TDi - 100 hp
Volkswagen,Passat / Magotan,B5 - 1996 -> 2005,1.9 TDi - 110 hp
Volkswagen,Passat / Magotan,B5 - 1996 -> 2005,1.9 TDi - 130 hp
Volkswagen,Passat / Magotan,B5 - 1996 -> 2005,1.9 TDi - 115 hp
Volkswagen,Passat / Magotan,B5 - 1996 -> 2005,2.8 VR6 - 193 hp
Volkswagen,Passat / Magotan,B5 - 1996 -> 2005,W8 - 275 hp
Volkswagen,Passat / Magotan,B6 - 2006 -> 2010,1.6 FSi - 115 hp
Volkswagen,Passat / Magotan,B6 - 2006 -> 2010,1.6 TDi CR - 105 hp
Volkswagen,Passat / Magotan,B6 - 2006 -> 2010,1.8 TSi - 160 hp
Volkswagen,Passat / Magotan,B6 - 2006 -> 2010,1.9 TDi PD - 105 hp
Volkswagen,Passat / Magotan,B6 - 2006 -> 2010,2.0 FSi - 150 hp
Volkswagen,Passat / Magotan,B6 - 2006 -> 2010,2.0 TDI PD - 136 hp
Volkswagen,Passat / Magotan,B6 - 2006 -> 2010,2.0 TDI PD - 140 hp
Volkswagen,Passat / Magotan,B6 - 2006 -> 2010,2.0 TDI PPD - 163 hp
Volkswagen,Passat / Magotan,B6 - 2006 -> 2010,2.0 TDI PPD - 170 hp
Volkswagen,Passat / Magotan,B6 - 2006 -> 2010,2.0 TDI PPD - 120 hp
Volkswagen,Passat / Magotan,B6 - 2006 -> 2010,2.0 TDi CR - 170 hp
Volkswagen,Passat / Magotan,B6 - 2006 -> 2010,2.0 TDi CR - 163 hp
Volkswagen,Passat / Magotan,B6 - 2006 -> 2010,2.0 TDi CR - 143 hp
Volkswagen,Passat / Magotan,B6 - 2006 -> 2010,2.0 TDi CR - 136 hp
Volkswagen,Passat / Magotan,B6 - 2006 -> 2010,2.0 TDi CR - 110 hp
Volkswagen,Passat / Magotan,B6 - 2006 -> 2010,2.0 TFSI - 200 hp
Volkswagen,Passat / Magotan,B6 - 2006 -> 2010,R36 - 3.6 FSI - 300 hp
Volkswagen,Passat / Magotan,B7 - 2010 -> 2014,1.4 TGI - 150 hp
Volkswagen,Passat / Magotan,B7 - 2010 -> 2014,1.4 TSi - 122 hp
Volkswagen,Passat / Magotan,B7 - 2010 -> 2014,1.4 TSi (CAVD) - 160 hp
Volkswagen,Passat / Magotan,B7 - 2010 -> 2014,1.4 TSi (CTHD) - 160 hp
Volkswagen,Passat / Magotan,B7 - 2010 -> 2014,1.6 TDi - 105 hp
Volkswagen,Passat / Magotan,B7 - 2010 -> 2014,1.8 TSi - 160 hp
Volkswagen,Passat / Magotan,B7 - 2010 -> 2014,1.8 TSi (US) - 170 hp
Volkswagen,Passat / Magotan,B7 - 2010 -> 2014,2.0 TDI CR - 140 hp
Volkswagen,Passat / Magotan,B7 - 2010 -> 2014,2.0 TDI CR - 170 hp
Volkswagen,Passat / Magotan,B7 - 2010 -> 2014,2.0 TDi CR - 136 hp
Volkswagen,Passat / Magotan,B7 - 2010 -> 2014,2.0 TDi CR - 163 hp
Volkswagen,Passat / Magotan,B7 - 2010 -> 2014,2.0 TSi - 211 hp
Volkswagen,Passat / Magotan,B8 - 2014 -> 2019,1.4 TSI - 125 hp
Volkswagen,Passat / Magotan,B8 - 2014 -> 2019,1.4 TSI ACT - 150 hp
Volkswagen,Passat / Magotan,B8 - 2014 -> 2019,1.4 TSI GTE - 218 hp
Volkswagen,Passat / Magotan,B8 - 2014 -> 2019,1.5 TSI - 150 hp
Volkswagen,Passat / Magotan,B8 - 2014 -> 2019,1.6 TDI - 120 hp
Volkswagen,Passat / Magotan,B8 - 2014 -> 2019,1.8 TSI - 180 hp
Volkswagen,Passat / Magotan,B8 - 2014 -> 2019,2.0 TDI - 150 hp
Volkswagen,Passat / Magotan,B8 - 2014 -> 2019,2.0 TDI - 190 hp
Volkswagen,Passat / Magotan,B8 - 2014 -> 2019,2.0 TDI Bi-Turbo - 240 hp
Volkswagen,Passat / Magotan,B8 - 2014 -> 2019,2.0 TFSI - 220 hp
Volkswagen,Passat / Magotan,B8 - 2014 -> 2019,2.0 TSI - 280 hp
Volkswagen,Passat / Magotan,B8 - 09/2019 -> 03/2024,1.4 TSI GTE - 218 hp
Volkswagen,Passat / Magotan,B8 - 09/2019 -> 03/2024,1.5 TSI - 150 hp
Volkswagen,Passat / Magotan,B8 - 09/2019 -> 03/2024,1.6 TDI - 120 hp
Volkswagen,Passat / Magotan,B8 - 09/2019 -> 03/2024,2.0 TDI - 150 hp
Volkswagen,Passat / Magotan,B8 - 09/2019 -> 03/2024,2.0 TDI - 190 hp
Volkswagen,Passat / Magotan,B8 - 09/2019 -> 03/2024,2.0 TDI Bi-Turbo - 240 hp
Volkswagen,Passat / Magotan,B8 - 09/2019 -> 03/2024,2.0 TSI - 190 hp
Volkswagen,Passat / Magotan,B8 - 09/2019 -> 03/2024,2.0 TSI (GPF) - 272 hp
Volkswagen,Passat / Magotan,B6 - 2006 -> 2010,R32 - 3.2 V6 - 250 hp
Volkswagen,Passat / Magotan,B8 - 09/2019 -> 03/2024,2.0 TDI - 122 hp
Volkswagen,Passat / Magotan,B8 - 09/2019 -> 03/2024,2.0 TDI Evo - 200 hp
Volkswagen,Passat / Magotan,B8 - 09/2019 -> 03/2024,2.0 TSI - 280 hp
Volkswagen,Passat / Magotan,B9 - 04/2024 -> ...,1.5 TSI eHybrid - 272 hp
Volkswagen,Passat / Magotan,B9 - 04/2024 -> ...,1.5 TSI eHybrid - 204 hp
Volkswagen,Passat / Magotan,B9 - 04/2024 -> ...,1.5 eTSI EVO2 - 150 hp
Volkswagen,Passat / Magotan,B9 - 04/2024 -> ...,2.0 TDI - 150 hp
Volkswagen,Passat CC / CC,2008 -> 2016,1.4 TSi (CTHD-CTKA) - 160 hp
Volkswagen,Passat CC / CC,2008 -> 2016,1.8 TFSi - 160 hp
Volkswagen,Passat CC / CC,2008 -> 2016,2.0 TDi cr - 136 hp
Volkswagen,Passat CC / CC,2008 -> 2016,2.0 TDi cr - 140 hp
Volkswagen,Passat CC / CC,2008 -> 2016,2.0 TDi cr - 163 hp
Volkswagen,Passat CC / CC,2008 -> 2016,2.0 TDi cr - 170 hp
Volkswagen,Passat CC / CC,2008 -> 2016,2.0 TDi cr - 177 hp
Volkswagen,Passat CC / CC,2008 -> 2016,2.0 TDi cr - 150 hp
Volkswagen,Passat CC / CC,2008 -> 2016,2.0 TSi - 200 hp
Volkswagen,Passat CC / CC,2008 -> 2016,2.0 TSi - 210 hp
Volkswagen,Passat CC / CC,2008 -> 2016,3.6 V6 FSi - 300 hp
Volkswagen,Passat CC / CC,2016 -> ...,2.0 TDI - 184 hp
Volkswagen,Passat CC / CC,2016 -> ...,2.0 TDI - 150 hp
Volkswagen,Phaeton,2004 -> 2014,3.0 TDI - 233 hp
Volkswagen,Phaeton,2004 -> 2014,3.0 TDI - 240 hp
Volkswagen,Phaeton,2004 -> 2014,3.0 TDi - 211 hp
Volkswagen,Phaeton,2004 -> 2014,3.0 TDi - 224 hp
Volkswagen,Phaeton,2004 -> 2014,6.0 W12 - 450 hp
Volkswagen,Phaeton,2004 -> 2014,6.0 W12 - 420 hp
Volkswagen,Phaeton,2004 -> 2014,V10 TDi - 313 hp
Volkswagen,Phaeton,2014 -> ...,3.0 TDI CR - 245 hp
Volkswagen,Phaeton,2014 -> ...,3.6 V6 FSI - 280 hp
Volkswagen,Phaeton,2014 -> ...,4.2 V8 FSI - 335 hp
Volkswagen,Polo,6N2 - 1999 -> 2001,1.4 16V - 100 hp
Volkswagen,Polo,6N2 - 1999 -> 2001,1.4 TDi - 75 hp
Volkswagen,Polo,6N2 - 1999 -> 2001,1.6 16V GTi - 125 hp
Volkswagen,Polo,6N2 - 1999 -> 2001,1.9 SDi - 64 hp
Volkswagen,Polo,9N - 2001 -> 2005,1.4 TDi - 75 hp
Volkswagen,Polo,9N - 2001 -> 2005,1.9 SDi - 64 hp
Volkswagen,Polo,9N - 2001 -> 2005,1.9 TDi - 100 hp
Volkswagen,Polo,9N - 2001 -> 2005,1.9 TDi - 130 hp
Volkswagen,Polo,9N3 - 2005 -> 2009,1.2 - 60 hp
Volkswagen,Polo,9N3 - 2005 -> 2009,1.4 16V - 100 hp
Volkswagen,Polo,9N3 - 2005 -> 2009,1.4 16V FSi - 85 hp
Volkswagen,Polo,9N3 - 2005 -> 2009,1.4 TDi - 70 hp
Volkswagen,Polo,9N3 - 2005 -> 2009,1.4 TDi - 80 hp
Volkswagen,Polo,9N3 - 2005 -> 2009,1.4 TDi Bluemotion - 80 hp
Volkswagen,Polo,9N3 - 2005 -> 2009,1.6 16V - 105 hp
Volkswagen,Polo,9N3 - 2005 -> 2009,1.8 T GTi - 150 hp
Volkswagen,Polo,9N3 - 2005 -> 2009,1.8 T GTi Cup - 180 hp
Volkswagen,Polo,9N3 - 2005 -> 2009,1.9 TDi - 100 hp
Volkswagen,Polo,9N3 - 2005 -> 2009,1.9 TDi - 130 hp
Volkswagen,Polo,6R - 2009 -> 2014,1.2 - 70 hp
Volkswagen,Polo,6R - 2009 -> 2014,1.2 - 60 hp
Volkswagen,Polo,6R - 2009 -> 2014,1.2 TDi - 75 hp
Volkswagen,Polo,6R - 2009 -> 2014,1.2 TSi - 105 hp
Volkswagen,Polo,6R - 2009 -> 2014,1.2 TSi - 90 hp
Volkswagen,Polo,6R - 2009 -> 2014,1.4 TSi Blue GT - 140 hp
Volkswagen,Polo,6R - 2009 -> 2014,1.6 TDi - 105 hp
Volkswagen,Polo,6R - 2009 -> 2014,1.6 TDi - 75 hp
Volkswagen,Polo,6R - 2009 -> 2014,1.6 TDi - 90 hp
Volkswagen,Polo,6R - 2009 -> 2014,1.6 TDi Bluemotion - 90 hp
Volkswagen,Polo,6R - 2009 -> 2014,2.0 TSI R WRC - 220 hp
Volkswagen,Polo,6R - 2009 -> 2014,GTi 1.4 TSI (CAVE) - 180 hp
Volkswagen,Polo,6R - 2009 -> 2014,GTi 1.4 TSI (CTHE) - 180 hp
Volkswagen,Polo,6C1 - 05/2014 -> 2017,1.0 TSi - 95 hp
Volkswagen,Polo,6C1 - 05/2014 -> 2017,1.0i - 60 hp
Volkswagen,Polo,6C1 - 05/2014 -> 2017,1.0i - 75 hp
Volkswagen,Polo,6C1 - 05/2014 -> 2017,1.2 TSi - 90 hp
Volkswagen,Polo,6C1 - 05/2014 -> 2017,1.2 TSi - 110 hp
Volkswagen,Polo,6C1 - 05/2014 -> 2017,1.4 TDi - 75 hp
Volkswagen,Polo,6C1 - 05/2014 -> 2017,1.4 TDi - 90 hp
Volkswagen,Polo,6C1 - 05/2014 -> 2017,1.4 TDi - 105 hp
Volkswagen,Polo,6C1 - 05/2014 -> 2017,1.4 TSi - Blue GT - 150 hp
Volkswagen,Polo,6C1 - 05/2014 -> 2017,1.8 TSI - GTi - 192 hp
Volkswagen,Polo,A0 - 2017 -> ...,1.0 TSI - 95 hp
Volkswagen,Polo,A0 - 2017 -> ...,1.0 TSI - 115 hp
Volkswagen,Polo,A0 - 2017 -> ...,1.0i - 65 hp
Volkswagen,Polo,A0 - 2017 -> ...,1.0i - 75 hp
Volkswagen,Polo,A0 - 2017 -> ...,1.0i - 80 hp
Volkswagen,Polo,A0 - 2017 -> ...,1.5 TSI - 150 hp
Volkswagen,Polo,A0 - 2017 -> ...,1.6 TDI - 80 hp
Volkswagen,Polo,A0 - 2017 -> ...,1.6 TDI - 95 hp
Volkswagen,Polo,A0 - 2017 -> ...,2.0 TSI - 200 hp
Volkswagen,Polo,A0 ph2 - 2021 -> ...,1.0 TSI - 110 hp
Volkswagen,Polo,A0 ph2 - 2021 -> ...,1.0 TSI - 95 hp
Volkswagen,Polo,A0 ph2 - 2021 -> ...,2.0 TSI GTI - 207 hp
Volkswagen,Scirocco,2008 -> 2014,1.4 TSi - 125 hp
Volkswagen,Scirocco,2008 -> 2014,1.4 TSi - 122 hp
Volkswagen,Scirocco,2008 -> 2014,1.4 TSi (CAVD) - 160 hp
Volkswagen,Scirocco,2008 -> 2014,1.4 TSi (CTHD-CTKA) - 160 hp
Volkswagen,Scirocco,2008 -> 2014,2.0 CRTDi - 136 hp
Volkswagen,Scirocco,2008 -> 2014,2.0 CRTDi - 140 hp
Volkswagen,Scirocco,2008 -> 2014,2.0 CRTDi - 170 hp
Volkswagen,Scirocco,2008 -> 2014,2.0 CRTDi - 177 hp
Volkswagen,Scirocco,2008 -> 2014,2.0 TFSi - 200 hp
Volkswagen,Scirocco,2008 -> 2014,2.0 TFSi - R20 - 265 hp
Volkswagen,Scirocco,2008 -> 2014,2.0 TSi - 210 hp
Volkswagen,Scirocco,2014 -> ...,1.4 TSI - 125 hp
Volkswagen,Scirocco,2014 -> ...,2.0 TDI CR - 150 hp
Volkswagen,Scirocco,2014 -> ...,2.0 TDI CR - 184 hp
Volkswagen,Scirocco,2014 -> ...,2.0 TSI - 180 hp
Volkswagen,Scirocco,2014 -> ...,2.0 TSI - GTS - 220 hp
Volkswagen,Scirocco,2014 -> ...,2.0 TSI - R - 280 hp
Volkswagen,Sharan,07/2000 -> 2010,1.8 Turbo - 150 hp
Volkswagen,Sharan,07/2000 -> 2010,1.9 TDi - 110 hp
Volkswagen,Sharan,07/2000 -> 2010,1.9 TDi - 115 hp
Volkswagen,Sharan,07/2000 -> 2010,1.9 TDi - 130 hp
Volkswagen,Sharan,07/2000 -> 2010,2.0 TDi - 140 hp
Volkswagen,Sharan,2010 -> 2015,1.4 TSi (CAVA) - 150 hp
Volkswagen,Sharan,2010 -> 2015,1.4 TSi (CTHA) - 150 hp
Volkswagen,Sharan,2010 -> 2015,2.0 CR TDI - 115 hp
Volkswagen,Sharan,2010 -> 2015,2.0 CR TDi - 136 hp
Volkswagen,Sharan,2010 -> 2015,2.0 CR TDi - 170 hp
Volkswagen,Sharan,2010 -> 2015,2.0 CR TDi - 140 hp
Volkswagen,Sharan,2010 -> 2015,2.0 CR TDi - 177 hp
Volkswagen,Sharan,2010 -> 2015,2.0 TFSi - 200 hp
Volkswagen,Sharan,07/2015 -> ...,1.2 TSi - 110 hp
Volkswagen,Sharan,07/2015 -> ...,1.4 TSi - 150 hp
Volkswagen,Sharan,07/2015 -> ...,2.0 TDI CR - 115 hp
Volkswagen,Sharan,07/2015 -> ...,2.0 TDI CR - 150 hp
Volkswagen,Sharan,07/2015 -> ...,2.0 TDI CR - 184 hp
Volkswagen,Sharan,07/2015 -> ...,2.0 TSi - 220 hp
Volkswagen,Tiguan,NZ - 2007 -> 2015,1.4 TSI - 122 hp
Volkswagen,Tiguan,NZ - 2007 -> 2015,1.4 TSi (CAVA) - 150 hp
Volkswagen,Tiguan,NZ - 2007 -> 2015,1.4 TSi (CAVD) - 160 hp
Volkswagen,Tiguan,NZ - 2007 -> 2015,1.4 TSi (CTHA) - 150 hp
Volkswagen,Tiguan,NZ - 2007 -> 2015,1.4 TSi (CTHD) - 160 hp
Volkswagen,Tiguan,NZ - 2007 -> 2015,2.0 TDI CR - 184 hp
Volkswagen,Tiguan,NZ - 2007 -> 2015,2.0 TDI CR - 177 hp
Volkswagen,Tiguan,NZ - 2007 -> 2015,2.0 TDI CR - 110 hp
Volkswagen,Tiguan,NZ - 2007 -> 2015,2.0 TDI CR - 170 hp
Volkswagen,Tiguan,NZ - 2007 -> 2015,2.0 TDI CR - 163 hp
Volkswagen,Tiguan,NZ - 2007 -> 2015,2.0 TDI CR - 140 hp
Volkswagen,Tiguan,NZ - 2007 -> 2015,2.0 TDI CR - 136 hp
Volkswagen,Tiguan,NZ - 2007 -> 2015,2.0 TDI CR - 150 hp
Volkswagen,Tiguan,NZ - 2007 -> 2015,2.0 TFSi - 200 hp
Volkswagen,Tiguan,NZ - 2007 -> 2015,2.0 TFSi - 170 hp
Volkswagen,Tiguan,NZ - 2007 -> 2015,2.0 TSi - 210 hp
Volkswagen,Tiguan,NZ - 2007 -> 2015,2.0 TSi - 180 hp
Volkswagen,Tiguan,NZ - 2016 -> 2020,1.4 TSI - 125 hp
Volkswagen,Tiguan,NZ - 2016 -> 2020,1.4 TSI - 150 hp
Volkswagen,Tiguan,NZ - 2016 -> 2020,1.5 TSI - 130 hp
Volkswagen,Tiguan,NZ - 2016 -> 2020,1.5 TSI - 150 hp
Volkswagen,Tiguan,NZ - 2016 -> 2020,2.0 TDI CR - 115 hp
Volkswagen,Tiguan,NZ - 2016 -> 2020,2.0 TDI CR - 150 hp
Volkswagen,Tiguan,NZ - 2016 -> 2020,2.0 TDI CR - 190 hp
Volkswagen,Tiguan,NZ - 2016 -> 2020,2.0 TDI CR Bi Turbo - 240 hp
Volkswagen,Tiguan,NZ - 2016 -> 2020,2.0 TSI - 180 hp
Volkswagen,Tiguan,NZ - 2016 -> 2020,2.0 TSI - 220 hp
Volkswagen,Tiguan,NZ - 2016 -> 2020,2.0 TSI - 190 hp
Volkswagen,Tiguan,NZ - 2016 -> 2020,2.0 TSI 4-Motion - 230 hp
Volkswagen,Tiguan,11/2020 -> 2023,1.4 TSI eHybrid - 245 hp
Volkswagen,Tiguan,11/2020 -> 2023,1.5 TSI - 150 hp
Volkswagen,Tiguan,11/2020 -> 2023,1.5 TSI - 130 hp
Volkswagen,Tiguan,11/2020 -> 2023,2.0 TDI Evo - 122 hp
Volkswagen,Tiguan,11/2020 -> 2023,2.0 TDI Evo - 150 hp
Volkswagen,Tiguan,11/2020 -> 2023,2.0 TDI Evo - 200 hp
Volkswagen,Tiguan,11/2020 -> 2023,2.0 TSI - 190 hp
Volkswagen,Tiguan,11/2020 -> 2023,2.0 TSI - 245 hp
Volkswagen,Tiguan,11/2020 -> 2023,R - 2.0 TSI - 320 hp
Volkswagen,Tiguan,02/2024 -> ...,1.5 eHybrid - 204 hp
Volkswagen,Tiguan,02/2024 -> ...,1.5 eHybrid - 272 hp
Volkswagen,Tiguan,02/2024 -> ...,1.5 eTSI - 130 hp
Volkswagen,Tiguan,02/2024 -> ...,1.5 eTSI - 150 hp
Volkswagen,Tiguan,02/2024 -> ...,2.0 TDI - 150 hp
Volkswagen,Tiguan,02/2024 -> ...,2.0 TDI - 193 hp
Volkswagen,Tiguan,02/2024 -> ...,2.0 TSI - 204 hp
Volkswagen,Tiguan,02/2024 -> ...,2.0 TSI - 265 hp
Volkswagen,Touareg,2002 -> 2007,2.5 TDi R5 - 163 hp
Volkswagen,Touareg,2002 -> 2007,2.5 TDi R5 - 174 hp
Volkswagen,Touareg,2002 -> 2007,3.0 TDi - 211 hp
Volkswagen,Touareg,2002 -> 2007,3.0 TDi - 225 hp
Volkswagen,Touareg,2002 -> 2007,3.2i V6 - 220 hp
Volkswagen,Touareg,2002 -> 2007,5.0 V10 TDi - 313 hp
Volkswagen,Touareg,2002 -> 2007,6.0 W12 - 450 hp
Volkswagen,Touareg,2007 -> 2010,2.5 TDi R5 - 174 hp
Volkswagen,Touareg,2007 -> 2010,2.5 TDi R5 - 163 hp
Volkswagen,Touareg,2007 -> 2010,3.0 TDi - 211 hp
Volkswagen,Touareg,2007 -> 2010,3.0 TDi - 240 hp
Volkswagen,Touareg,2007 -> 2010,3.0 TDi - 225 hp
Volkswagen,Touareg,2007 -> 2010,3.2 V6 - 241 hp
Volkswagen,Touareg,2007 -> 2010,3.6 V6 FSi - 280 hp
Volkswagen,Touareg,2007 -> 2010,V10 TDi - 313 hp
Volkswagen,Touareg,2007 -> 2010,V10 TDi R50 - 350 hp
Volkswagen,Touareg,2010 -> 2014,3.0 TDi - 204 hp
Volkswagen,Touareg,2010 -> 2014,3.0 TDi - 211 hp
Volkswagen,Touareg,2010 -> 2014,3.0 TDi - 240 hp
Volkswagen,Touareg,2010 -> 2014,3.0 TDi - 245 hp
Volkswagen,Touareg,2010 -> 2014,3.0 TFSi - 333 hp
Volkswagen,Touareg,2010 -> 2014,3.0 TSI Hybrid - 380 hp
Volkswagen,Touareg,2010 -> 2014,4.2 V8 TDi - 340 hp
Volkswagen,Touareg,2014 -> 2018,3.0 TSI Hybrid - 380 hp
Volkswagen,Touareg,2014 -> 2018,3.0 V6 TDI - 204 hp
Volkswagen,Touareg,2014 -> 2018,3.0 V6 TDI - 262 hp
Volkswagen,Touareg,2018 -> ...,2.0T PHEV - 367 hp
Volkswagen,Touareg,2018 -> ...,3.0 TDI CR - 231 hp
Volkswagen,Touareg,2018 -> ...,3.0 TDI CR - 286 hp
Volkswagen,Touareg,2018 -> ...,3.0 TFSI - 340 hp
Volkswagen,Touareg,2018 -> ...,3.0 TSI R eHybrid - 462 hp
Volkswagen,Touareg,2018 -> ...,4.0 V8 TDI - 421 hp
Volkswagen,Touareg,2018 -> ...,2.0 TFSI - 252 hp
Volkswagen,Touran,2003 -> 2010,1.4 TSi (CAVB) - 170 hp
Volkswagen,Touran,2003 -> 2010,1.4 TSi (CAVC) - 140 hp
Volkswagen,Touran,2003 -> 2010,1.9 TDi - 100 hp
Volkswagen,Touran,2003 -> 2010,1.9 TDi - 105 hp
Volkswagen,Touran,2003 -> 2010,1.9 TDi - 90 hp
Volkswagen,Touran,2003 -> 2010,2.0 TDi - 136 hp
Volkswagen,Touran,2003 -> 2010,2.0 TDi - 140 hp
Volkswagen,Touran,2003 -> 2010,2.0 TDi - 163 hp
Volkswagen,Touran,2003 -> 2010,2.0 TDi - 170 hp
Volkswagen,Touran,2010 -> 2015,1.2 TSI - 105 hp
Volkswagen,Touran,2010 -> 2015,1.4 TSi (CAVB) - 170 hp
Volkswagen,Touran,2010 -> 2015,1.4 TSi (CAVC) - 140 hp
Volkswagen,Touran,2010 -> 2015,1.4 TSi (CTHB) - 170 hp
Volkswagen,Touran,2010 -> 2015,1.4 TSi (CTHC) - 140 hp
Volkswagen,Touran,2010 -> 2015,1.6 TDI - 105 hp
Volkswagen,Touran,2010 -> 2015,1.6 TDI - 90 hp
Volkswagen,Touran,2010 -> 2015,2.0 TDI CR - 177 hp
Volkswagen,Touran,2010 -> 2015,2.0 TDI CR - 140 hp
Volkswagen,Touran,2010 -> 2015,2.0 TDI CR - 170 hp
Volkswagen,Touran,09/2015 -> ...,1.2 TSI - 110 hp
Volkswagen,Touran,09/2015 -> ...,1.4 TSI - 150 hp
Volkswagen,Touran,09/2015 -> ...,1.5 TSI - 150 hp
Volkswagen,Touran,09/2015 -> ...,1.6 TDI - 110 hp
Volkswagen,Touran,09/2015 -> ...,1.6 TDI - 115 hp
Volkswagen,Touran,09/2015 -> ...,1.8 TSI - 180 hp
Volkswagen,Touran,09/2015 -> ...,2.0 TDI - 150 hp
Volkswagen,Touran,09/2015 -> ...,2.0 TDI - 190 hp
Volkswagen,Touran,2003 -> 2010,2.0 FSI - 150 hp
Volkswagen,Touran,09/2015 -> ...,2.0 TDI - 122 hp
Volkswagen,Touran,09/2015 -> ...,2.0 TDI - 115 hp
Volkswagen,Transporter / Multivan,1999 -> 2003,2.5 TDi - 102 hp
Volkswagen,Transporter / Multivan,1999 -> 2003,2.5 TDi - 150 hp
Volkswagen,Transporter / Multivan,1999 -> 2003,2.5 TDi - 88 hp
Volkswagen,Transporter / Multivan,T5 - 2003 -> 2009,1.9 TDI - 105 hp
Volkswagen,Transporter / Multivan,T5 - 2003 -> 2009,1.9 TDI - 86 hp
Volkswagen,Transporter / Multivan,T5 - 2003 -> 2009,2.5 TDI - 130 hp
Volkswagen,Transporter / Multivan,T5 - 2003 -> 2009,2.5 TDI - 174 hp
Volkswagen,Transporter / Multivan,T5 - 2009 -> 2015,2.0 TDi - 102 hp
Volkswagen,Transporter / Multivan,T5 - 2009 -> 2015,2.0 TDi - 140 hp
Volkswagen,Transporter / Multivan,T5 - 2009 -> 2015,2.0 TDi - 180 hp
Volkswagen,Transporter / Multivan,T5 - 2009 -> 2015,2.0 TDi - 84 hp
Volkswagen,Transporter / Multivan,T5 - 2009 -> 2015,2.0 TDi - 114 hp
Volkswagen,Transporter / Multivan,T5 - 2009 -> 2015,2.0 TSI - 150 hp
Volkswagen,Transporter / Multivan,T5 - 2009 -> 2015,2.0 TSI - 204 hp
Volkswagen,Transporter / Multivan,T6 - 09/2015 -> 2019,2.0 TDI - 102 hp
Volkswagen,Transporter / Multivan,T6 - 09/2015 -> 2019,2.0 TDI - 140 hp
Volkswagen,Transporter / Multivan,T6 - 09/2015 -> 2019,2.0 TDI - 180 hp
Volkswagen,Transporter / Multivan,T6 - 09/2015 -> 2019,2.0 TDI - 84 hp
Volkswagen,Transporter / Multivan,T6 - 09/2015 -> 2019,2.0 TDI - 114 hp
Volkswagen,Transporter / Multivan,T6 - 09/2015 -> 2019,2.0 TDI (EUR 6) - 150 hp
Volkswagen,Transporter / Multivan,T6 - 09/2015 -> 2019,2.0 TDI (EUR 6) - 204 hp
Volkswagen,Transporter / Multivan,T6 - 09/2015 -> 2019,2.0 TDI (EUR 6) - 84 hp
Volkswagen,Transporter / Multivan,T6 - 09/2015 -> 2019,2.0 TDI (EUR 6) - 102 hp
Volkswagen,Transporter / Multivan,T6 - 09/2015 -> 2019,2.0 TDI (EUR 6) - 114 hp
Volkswagen,Transporter / Multivan,T6 - 09/2015 -> 2019,2.0 TDI (EUR 6) - 199 hp
Volkswagen,Transporter / Multivan,T6 - 09/2015 -> 2019,2.0 TSI - 150 hp
Volkswagen,Transporter / Multivan,T6 - 09/2015 -> 2019,2.0 TSI - 204 hp
Volkswagen,Transporter / Multivan,T6 - 09/2019 -> 2021,2.0 TDI (Euro 6d) - 198 hp
Volkswagen,Transporter / Multivan,T6 - 09/2019 -> 2021,2.0 TDI (Euro 6d) - 150 hp
Volkswagen,Transporter / Multivan,T6 - 09/2019 -> 2021,2.0 TDI (Euro 6d) - 110 hp
Volkswagen,Transporter / Multivan,T6 - 09/2019 -> 2021,2.0 TDI (Euro 6d) - 90 hp
Volkswagen,Transporter / Multivan,T6 - 09/2019 -> 2021,2.0 TDI - 204 hp
Volkswagen,Transporter / Multivan,T6.1 - 07/2021 -> ...,1.4 TSI eHybrid - 218 hp
Volkswagen,Transporter / Multivan,T6.1 - 07/2021 -> ...,1.5 TSI - 136 hp
Volkswagen,Transporter / Multivan,T6.1 - 07/2021 -> ...,2.0 TDI-EU6D - 109 hp
Volkswagen,Transporter / Multivan,T6.1 - 07/2021 -> ...,2.0 TDI-EU6D - 136 hp
Volkswagen,Transporter / Multivan,T6.1 - 07/2021 -> ...,2.0 TDI-EU6D - 163 hp
Volkswagen,Transporter / Multivan,T6.1 - 07/2021 -> ...,2.0 TDI-EU6D - 204 hp
Volkswagen,Transporter / Multivan,T6.1 - 07/2021 -> ...,2.0 TSI - 204 hp
Volkswagen,Transporter / Multivan,T7 - 2024 -> ...,2.0 TDI - 150 hp
Volkswagen,Up!,12/2011 -> 2016,1.0i - 60 hp
Volkswagen,Up!,12/2011 -> 2016,1.0i - 75 hp
Volkswagen,Up!,2016 -> ...,1.0 TSI - 90 hp
Volkswagen,Up!,2016 -> ...,1.0 TSI GTI - 115 hp
Volkswagen,Up!,2016 -> ...,1.0i - 75 hp
Volkswagen,Up!,2016 -> ...,1.0i - 60 hp
Volkswagen,Lavida,All,1.4 TSi - 122 hp
Volkswagen,Lavida,All,1.6 TDi - 105 hp
Volkswagen,Lavida,All,1.8 TFSi - 160 hp
Volkswagen,Atlas / Teramont,2017 -> ...,2.0 TSI - 238 hp
Volkswagen,Atlas / Teramont,2017 -> ...,2.0 TSI - 220 hp
Volkswagen,Atlas / Teramont,2017 -> ...,2.0 TSI - 190 hp
Volkswagen,Atlas / Teramont,2017 -> ...,2.5 TSI V6 - 300 hp
Volkswagen,Atlas / Teramont,2017 -> ...,3.6 V6 - 280 hp
Volkswagen,Arteon,2017 -> 2020,1.5 TSI - 150 hp
Volkswagen,Arteon,2017 -> 2020,2.0 TDI - 150 hp
Volkswagen,Arteon,2017 -> 2020,2.0 TDI - 190 hp
Volkswagen,Arteon,2017 -> 2020,2.0 TDI Bi Turbo - 240 hp
Volkswagen,Arteon,2017 -> 2020,2.0 TSI - 280 hp
Volkswagen,Arteon,2017 -> 2020,2.0 TSI - 190 hp
Volkswagen,Arteon,2017 -> 2020,2.0 TSI - 150 hp
Volkswagen,Arteon,2017 -> 2020,2.0 TSI - 272 hp
Volkswagen,Arteon,2017 -> 2020,2.0 TSI (GPF) - 272 hp
Volkswagen,Arteon,2020 -> ...,1.4 e-Hybrid - 218 hp
Volkswagen,Arteon,2020 -> ...,2.0 TDI - 200 hp
Volkswagen,Arteon,2020 -> ...,2.0 TDI Evo - 150 hp
Volkswagen,Arteon,2020 -> ...,2.0 TSI - 280 hp
Volkswagen,Arteon,2020 -> ...,2.0 TSI - 190 hp
Volkswagen,Arteon,2020 -> ...,R - 2.0 TSI - 320 hp
Volkswagen,T-Roc,2018 -> ...,1.0 TSI - 115 hp
Volkswagen,T-Roc,2018 -> ...,1.5 TSI - 150 hp
Volkswagen,T-Roc,2018 -> ...,1.6 TDI - 115 hp
Volkswagen,T-Roc,2018 -> ...,2.0 TDI - 150 hp
Volkswagen,T-Roc,2018 -> ...,2.0 TDI - 190 hp
Volkswagen,T-Roc,2018 -> ...,2.0 TSI - 190 hp
Volkswagen,T-Roc,2018 -> ...,2.0 TSI - 300 hp
Volkswagen,T-Roc,2018 -> ...,1.0 TSI (2021 - ...) - 110 hp
Volkswagen,T-Roc,2018 -> ...,1.0 TSi - 110 hp
Volkswagen,T-Roc,2018 -> ...,1.5 eTSI EVO2 - 150 hp
Volkswagen,T-Roc,2018 -> ...,R - 2.0 TSI (2022+) - 300 hp
Volkswagen,T-Cross,2018 -> ...,1.0 TSi - 95 hp
Volkswagen,T-Cross,2018 -> ...,1.0 TSi - 115 hp
Volkswagen,T-Cross,2018 -> ...,1.5 TSI - 150 hp
Volkswagen,T-Cross,2018 -> ...,1.6 TDI - 95 hp
Volkswagen,T-Cross,2018 -> ...,1.0 TSi - 110 hp
Volkswagen,Tayron,2018 -> 2023,330 TSI - 186 hp
Volkswagen,Tayron,2018 -> 2023,380 TSI - 220 hp
Volkswagen,Tayron,2024 -> ...,1.5 TSI eHybrid - 272 hp
Volkswagen,Tayron,2024 -> ...,1.5 TSI eHybrid - 204 hp
Volkswagen,Tayron,2024 -> ...,1.5 eTSI - 150 hp
Volkswagen,Taigo,2021 -> ...,1.0 TSI - 110 hp
Volkswagen,Taigo,2021 -> ...,1.0 TSI - 95 hp
Volkswagen,Taigo,2021 -> ...,1.5 TSI - 150 hp
Volvo,C30,2006 -> 2009,1.6 D - 110 hp
Volvo,C30,2006 -> 2009,2.0 D - 136 hp
Volvo,C30,2006 -> 2009,2.4 D5 - 163 hp
Volvo,C30,2006 -> 2009,2.4 D5 - 180 hp
Volvo,C30,2006 -> 2009,2.4 D5A - 180 hp
Volvo,C30,2006 -> 2009,2.5 T5 - 220 hp
Volvo,C30,2006 -> 2009,2.5 T5 - 230 hp
Volvo,C30,2010 -> ...,1.6 D - 110 hp
Volvo,C30,2010 -> ...,1.6 D2 - 115 hp
Volvo,C30,2010 -> ...,2.0 D - 136 hp
Volvo,C30,2010 -> ...,2.0 D3 - 150 hp
Volvo,C30,2010 -> ...,2.0 D4 - 177 hp
Volvo,C30,2010 -> ...,2.4 D5 - 180 hp
Volvo,C30,2010 -> ...,2.5 T5 - 230 hp
Volvo,C70,2006 -> 2009,2.0 D - 136 hp
Volvo,C70,2006 -> 2009,2.4 D5 - 163 hp
Volvo,C70,2006 -> 2009,2.4 D5 - 180 hp
Volvo,C70,2006 -> 2009,2.5 T5 - 230 hp
Volvo,C70,2006 -> 2009,D3 - 150 hp
Volvo,C70,2006 -> 2009,D4 - 163 hp
Volvo,C70,2010 -> ...,2.0 D - 136 hp
Volvo,C70,2010 -> ...,2.0 D3 - 150 hp
Volvo,C70,2010 -> ...,2.0 D4 - 177 hp
Volvo,C70,2010 -> ...,2.4 D5 - 180 hp
Volvo,C70,2010 -> ...,2.5 T5 - 230 hp
Volvo,S40 / V50,2000 -> 2004,1.9D - 102 hp
Volvo,S40 / V50,2000 -> 2004,1.9D - 115 hp
Volvo,S40 / V50,06/2004 -> 04/2007,1.6 D - 110 hp
Volvo,S40 / V50,06/2004 -> 04/2007,2.0 D - 136 hp
Volvo,S40 / V50,06/2004 -> 04/2007,2.4 D5 - 163 hp
Volvo,S40 / V50,06/2004 -> 04/2007,2.4 D5 - 180 hp
Volvo,S40 / V50,06/2004 -> 04/2007,2.5 T5 - 220 hp
Volvo,S40 / V50,2007 -> ...,1.6 D2 - 115 hp
Volvo,S40 / V50,2007 -> ...,1.6D - 110 hp
Volvo,S40 / V50,2007 -> ...,2.0 D3 - 150 hp
Volvo,S40 / V50,2007 -> ...,2.0 D4 - 163 hp
Volvo,S40 / V50,2007 -> ...,2.0 D4 - 177 hp
Volvo,S40 / V50,2007 -> ...,2.0D - 136 hp
Volvo,S40 / V50,2007 -> ...,2.4 - 140 hp
Volvo,S40 / V50,2007 -> ...,2.4 D5 - 180 hp
Volvo,S40 / V50,2007 -> ...,2.4 D5 - 163 hp
Volvo,S40 / V50,2007 -> ...,2.5 T5 - 220 hp
Volvo,S40 / V50,2007 -> ...,2.5 T5 - 230 hp
Volvo,S60 / V60,2002 -> 2005,2.4 D - 128 hp
Volvo,S60 / V60,2002 -> 2005,2.4 D5 - 163 hp
Volvo,S60 / V60,2002 -> 2005,R - 300 hp
Volvo,S60 / V60,2002 -> 2005,T5 - 250 hp
Volvo,S60 / V60,2005 -> 2010,2.0 T - 180 hp
Volvo,S60 / V60,2005 -> 2010,2.4 - 140 hp
Volvo,S60 / V60,2005 -> 2010,2.4 D - 126 hp
Volvo,S60 / V60,2005 -> 2010,2.4 D - 163 hp
Volvo,S60 / V60,2005 -> 2010,2.4 D5 - 185 hp
Volvo,S60 / V60,2005 -> 2010,2.5T - 210 hp
Volvo,S60 / V60,2005 -> 2010,R - 300 hp
Volvo,S60 / V60,2005 -> 2010,T 200 - 200 hp
Volvo,S60 / V60,2005 -> 2010,T5 - 260 hp
Volvo,S60 / V60,2011 -> 2015,1.6 D2 - 115 hp
Volvo,S60 / V60,2011 -> 2015,1.6 T3 - 150 hp
Volvo,S60 / V60,2011 -> 2015,1.6 T4 - 180 hp
Volvo,S60 / V60,2011 -> 2015,2.0 D3 - 136 hp
Volvo,S60 / V60,2011 -> 2015,2.0 D3/D4 - 163 hp
Volvo,S60 / V60,2011 -> 2015,2.0 D4 - 181 hp
Volvo,S60 / V60,2011 -> 2015,2.0 T - 203 hp
Volvo,S60 / V60,2011 -> 2015,2.0 T5 - 240 hp
Volvo,S60 / V60,2011 -> 2015,2.4 D4 - 163 hp
Volvo,S60 / V60,2011 -> 2015,2.4 D4 - 181 hp
Volvo,S60 / V60,2011 -> 2015,2.4 D5 - 205 hp
Volvo,S60 / V60,2011 -> 2015,2.4 D5 - 215 hp
Volvo,S60 / V60,2011 -> 2015,T6 - 304 hp
Volvo,S60 / V60,2015 -> 2019,1.5 T3 (AT) - 152 hp
Volvo,S60 / V60,2015 -> 2019,2.0 D2 - 120 hp
Volvo,S60 / V60,2015 -> 2019,2.0 D3 - 150 hp
Volvo,S60 / V60,2015 -> 2019,2.0 D3 (Polestar) - 163 hp
Volvo,S60 / V60,2015 -> 2019,2.0 D4 - 190 hp
Volvo,S60 / V60,2015 -> 2019,2.0 D4 (Polestar) - 200 hp
Volvo,S60 / V60,2015 -> 2019,2.0 D5 - 225 hp
Volvo,S60 / V60,2015 -> 2019,2.0 T (Polestar) - 367 hp
Volvo,S60 / V60,2015 -> 2019,2.0 T3 (MT) - 152 hp
Volvo,S60 / V60,2015 -> 2019,2.0 T4 - 190 hp
Volvo,S60 / V60,2015 -> 2019,2.0 T5 - 245 hp
Volvo,S60 / V60,2015 -> 2019,2.0 T5 (Polestar) - 253 hp
Volvo,S60 / V60,2015 -> 2019,2.0 T6 - 306 hp
Volvo,S60 / V60,2015 -> 2019,2.0 T6 (Polestar) - 310 hp
Volvo,S60 / V60,2015 -> 2019,2.4 D4 - 190 hp
Volvo,S60 / V60,2015 -> 2019,Polestar - 350 hp
Volvo,S60 / V60,2019 -> ...,2.0 Twin Engine - 390 hp
Volvo,S60 / V60,2019 -> ...,2.0 Twin Engine (Polestar) - 405 hp
Volvo,S60 / V60,2015 -> 2019,2.4 D6 AWD - 280 hp
Volvo,S60 / V60,2019 -> ...,2.0 T6 - 340 hp
Volvo,S60 / V60,2019 -> ...,2.0D B4 - 197 hp
Volvo,S60 / V60,2019 -> ...,2.0T B3 - 163 hp
Volvo,S80,2002 -> 2006,2.4 - 140 hp
Volvo,S80,2002 -> 2006,2.4 D - 130 hp
Volvo,S80,2002 -> 2006,2.4 D5 - 163 hp
Volvo,S80,2006 -> 2016,1.6 D - 110 hp
Volvo,S80,2006 -> 2016,1.6 D - 115 hp
Volvo,S80,2006 -> 2016,2.0 D - 136 hp
Volvo,S80,2006 -> 2016,2.0 D3 - 136 hp
Volvo,S80,2006 -> 2016,2.0 D4 - 163 hp
Volvo,S80,2006 -> 2016,2.0 D4 - 181 hp
Volvo,S80,2006 -> 2016,2.0 T - 203 hp
Volvo,S80,2006 -> 2016,2.0 T5 - 240 hp
Volvo,S80,2006 -> 2016,2.4 D - 175 hp
Volvo,S80,2006 -> 2016,2.4 D - 163 hp
Volvo,S80,2006 -> 2016,2.4 D (May 2010) - 163 hp
Volvo,S80,2006 -> 2016,2.4 D4 - 181 hp
Volvo,S80,2006 -> 2016,2.4 D5 - 205 hp
Volvo,S80,2006 -> 2016,2.4 D5 - 185 hp
Volvo,S80,2006 -> 2016,2.4 D5 - 215 hp
Volvo,S80,2006 -> 2016,2.5 T - 200 hp
Volvo,S80,2006 -> 2016,2.5 T - 230 hp
Volvo,S80,2006 -> 2016,T4 - 180 hp
Volvo,S80,2006 -> 2016,T6 - 304 hp
Volvo,S80,2006 -> 2016,T6 - 285 hp
Volvo,S80,2006 -> 2016,2.0 F - 145 hp
Volvo,S80,2006 -> 2016,2.5 FT - 200 hp
Volvo,S80,2006 -> 2016,2.5 FT - 230 hp
Volvo,S80,2006 -> 2016,4.4 V8 AWD - 315 hp
Volvo,V70,06/2004 -> 04/2007,2.4 D - 122 hp
Volvo,V70,06/2004 -> 04/2007,2.4 D - 126 hp
Volvo,V70,06/2004 -> 04/2007,2.4 D - 116 hp
Volvo,V70,06/2004 -> 04/2007,2.4 D5 - 163 hp
Volvo,V70,06/2004 -> 04/2007,2.4 D5 - 185 hp
Volvo,V70,06/2004 -> 04/2007,2.4 T - 200 hp
Volvo,V70,06/2004 -> 04/2007,2.5 T - 210 hp
Volvo,V70,06/2004 -> 04/2007,R - 265 hp
Volvo,V70,06/2004 -> 04/2007,R - 300 hp
Volvo,V70,06/2004 -> 04/2007,T5 - 250 hp
Volvo,V70,2007 -> 2012,1.6 D - 110 hp
Volvo,V70,2007 -> 2012,1.6 D2 - 115 hp
Volvo,V70,2007 -> 2012,2.0 D4 - 181 hp
Volvo,V70,2007 -> 2012,2.0 T - 203 hp
Volvo,V70,2007 -> 2012,2.4 D - 163 hp
Volvo,V70,2007 -> 2012,2.4 D - 126 hp
Volvo,V70,2007 -> 2012,2.4 D (May 2010) - 163 hp
Volvo,V70,2007 -> 2012,2.4 D4 - 181 hp
Volvo,V70,2007 -> 2012,2.4 D4 - 175 hp
Volvo,V70,2007 -> 2012,2.4 D5 - 185 hp
Volvo,V70,2007 -> 2012,2.4 D5 - 205 hp
Volvo,V70,2007 -> 2012,2.5T - 200 hp
Volvo,V70,2007 -> 2012,2.5T - 230 hp
Volvo,V70,2007 -> 2012,T4F - 180 hp
Volvo,V70,2007 -> 2012,T6 - 304 hp
Volvo,V70,2007 -> 2012,T6 AWD - 285 hp
Volvo,V70,2012 -> 2016,2.0 D - 136 hp
Volvo,V70,2012 -> 2016,2.0 D2 - 120 hp
Volvo,V70,2012 -> 2016,2.0 D3 - 136 hp
Volvo,V70,2012 -> 2016,2.0 D3 - 150 hp
Volvo,V70,2012 -> 2016,2.0 D3 (Polestar) - 163 hp
Volvo,V70,2012 -> 2016,2.0 D3/D4 - 163 hp
Volvo,V70,2012 -> 2016,2.0 D4 - 181 hp
Volvo,V70,2012 -> 2016,2.0 D4 - 190 hp
Volvo,V70,2012 -> 2016,2.0 D4 (Polestar) - 200 hp
Volvo,V70,2012 -> 2016,2.4 D3 - 163 hp
Volvo,V70,2012 -> 2016,2.4 D4 - 163 hp
Volvo,V70,2012 -> 2016,2.4 D4 (VEA) (Polestar) - 215 hp
Volvo,V70,2012 -> 2016,2.4 D4 VEA - 190 hp
Volvo,V70,2012 -> 2016,2.4 D5 - 215 hp
Volvo,V70,2012 -> 2016,2.4 D5 (Polestar) - 230 hp
Volvo,V70,2012 -> 2016,T4 - 190 hp
Volvo,V70,2012 -> 2016,T5 - 245 hp
Volvo,V70,2012 -> 2016,T5 (Polestar) - 253 hp
Volvo,V70,2001 -> 04/2007,2.4 D - 122 hp
Volvo,V70,2001 -> 04/2007,2.4 D - 126 hp
Volvo,V70,2001 -> 04/2007,2.4 D - 116 hp
Volvo,V70,2001 -> 04/2007,2.4 D5 - 163 hp
Volvo,V70,2001 -> 04/2007,2.4 D5 - 185 hp
Volvo,V70,2001 -> 04/2007,2.4 T - 200 hp
Volvo,V70,2001 -> 04/2007,2.4D - 130 hp
Volvo,V70,2001 -> 04/2007,2.5 T - 210 hp
Volvo,V70,2001 -> 04/2007,R - 265 hp
Volvo,V70,2001 -> 04/2007,R - 300 hp
Volvo,V70,2001 -> 04/2007,T5 - 250 hp
Volvo,V70,2012 -> 2016,2.0 F - 145 hp
Volvo,V70,2012 -> 2016,2.5 FT - 200 hp
Volvo,V70,2012 -> 2016,2.5 FT - 230 hp
Volvo,XC 60,11/2008 -> 2011,2.0 D3 - 163 hp
Volvo,XC 60,11/2008 -> 2011,2.0 T - 203 hp
Volvo,XC 60,11/2008 -> 2011,2.0 T5 - 240 hp
Volvo,XC 60,11/2008 -> 2011,2.4 D3 - 163 hp
Volvo,XC 60,11/2008 -> 2011,2.4 D5 - 185 hp
Volvo,XC 60,11/2008 -> 2011,2.4 D5 - 205 hp
Volvo,XC 60,11/2008 -> 2011,2.4 D5 - 215 hp
Volvo,XC 60,11/2008 -> 2011,2.4D - 163 hp
Volvo,XC 60,11/2008 -> 2011,2.4D - 175 hp
Volvo,XC 60,11/2008 -> 2011,2.4D (2010) - 163 hp
Volvo,XC 60,11/2008 -> 2011,T6 AWD - 285 hp
Volvo,XC 60,2012 -> 2015,2.0 D3 - 136 hp
Volvo,XC 60,2012 -> 2015,2.0 D3/D4 - 163 hp
Volvo,XC 60,2012 -> 2015,2.0 D4 - 181 hp
Volvo,XC 60,2012 -> 2015,2.0 D4 VEA - 190 hp
Volvo,XC 60,2012 -> 2015,2.4 D4 - 163 hp
Volvo,XC 60,2012 -> 2015,2.4 D4 - 181 hp
Volvo,XC 60,2012 -> 2015,2.4 D4 VEA - 190 hp
Volvo,XC 60,2012 -> 2015,2.4 D5 - 215 hp
Volvo,XC 60,2012 -> 2015,2.4 D5 - 205 hp
Volvo,XC 60,2012 -> 2015,T6 AWD - 304 hp
Volvo,XC 60,2015 -> 2017,2.0 D3 - 150 hp
Volvo,XC 60,2015 -> 2017,2.0 D3 (Polestar) - 163 hp
Volvo,XC 60,2015 -> 2017,2.0 D4 - 190 hp
Volvo,XC 60,2015 -> 2017,2.0 D4 (Polestar) - 200 hp
Volvo,XC 60,2015 -> 2017,2.0 T5 - 245 hp
Volvo,XC 60,2015 -> 2017,2.0 T5 - 254 hp
Volvo,XC 60,2015 -> 2017,2.0 T5 (Polestar) - 261 hp
Volvo,XC 60,2015 -> 2017,2.4 D4 - 163 hp
Volvo,XC 60,2015 -> 2017,2.4 D4 (Polestar) - 215 hp
Volvo,XC 60,2015 -> 2017,2.4 D4 VEA - 190 hp
Volvo,XC 60,2015 -> 2017,2.4 D4 VEA (Polestar) - 215 hp
Volvo,XC 60,2015 -> 2017,2.4 D5 - 215 hp
Volvo,XC 60,2015 -> 2017,2.4 D5 - 220 hp
Volvo,XC 60,2015 -> 2017,2.4 D5 (Polestar) - 230 hp
Volvo,XC 60,2015 -> 2017,T6 - 306 hp
Volvo,XC 60,2015 -> 2017,T6 (Polestar) - 310 hp
Volvo,XC 60,2017 -> 2020,2.0 D3 - 150 hp
Volvo,XC 60,2017 -> 2020,2.0 D4 - 190 hp
Volvo,XC 60,2017 -> 2020,2.0 D4 (Polestar) - 200 hp
Volvo,XC 60,2017 -> 2020,2.0 D5 - 235 hp
Volvo,XC 60,2017 -> 2020,2.0 T5 - 245 hp
Volvo,XC 60,2017 -> 2020,2.0 T5 - 250 hp
Volvo,XC 60,2017 -> 2020,2.0 T5 (Polestar) - 261 hp
Volvo,XC 60,2017 -> 2020,2.0 T6 - 306 hp
Volvo,XC 60,2017 -> 2020,2.0 T6 (Polestar) - 310 hp
Volvo,XC 60,2017 -> 2020,2.0 T8 Twin Engine - 407 hp
Volvo,XC 60,2017 -> 2020,B4 2.0D - 197 hp
Volvo,XC 60,2017 -> 2020,B5 2.0D - 235 hp
Volvo,XC 60,2015 -> 2017,2.4 D6 AWD - 280 hp
Volvo,XC 60,2017 -> 2020,B4 2.0T - 197 hp
Volvo,XC 60,2017 -> 2020,B5 2.0T - 250 hp
Volvo,XC 60,2017 -> 2020,B6 2.0T - 300 hp
Volvo,XC 60,2020 -> ...,2.0 T6 - 340 hp
Volvo,XC 60,2020 -> ...,2.0 T6 Ultimate Style Dark - 350 hp
Volvo,XC 60,2020 -> ...,2.0 T8 Twin Engine - 390 hp
Volvo,XC 60,2020 -> ...,2.0 T8 Twin Engine (Polestar) - 405 hp
Volvo,XC 70,2002 -> 07/2007,2.4 D5 - 163 hp
Volvo,XC 70,2002 -> 07/2007,2.4 D5 - 185 hp
Volvo,XC 70,2002 -> 07/2007,2.5T - 210 hp
Volvo,XC 70,2002 -> 07/2007,2.5T - 193 hp
Volvo,XC 70,2007 -> 2011,2.0 D3 - 163 hp
Volvo,XC 70,2007 -> 2011,2.0 D4 - 163 hp
Volvo,XC 70,2007 -> 2011,2.4 D - 163 hp
Volvo,XC 70,2007 -> 2011,2.4 D - 175 hp
Volvo,XC 70,2007 -> 2011,2.4 D3 - 163 hp
Volvo,XC 70,2007 -> 2011,2.4 D5 - 185 hp
Volvo,XC 70,2007 -> 2011,2.4 D5 - 205 hp
Volvo,XC 70,2007 -> 2011,2.4 D5 - 215 hp
Volvo,XC 70,2007 -> 2011,3.2 - 238 hp
Volvo,XC 70,2007 -> 2011,3.2 - 243 hp
Volvo,XC 70,2007 -> 2011,T6 - 285 hp
Volvo,XC 70,2007 -> 2011,T6 - 304 hp
Volvo,XC 70,2012 -> ...,2.0 D4 - 163 hp
Volvo,XC 70,2012 -> ...,2.0 D4 - 190 hp
Volvo,XC 70,2012 -> ...,2.0 D4 (Polestar) - 200 hp
Volvo,XC 70,2012 -> ...,2.4 D3 - 163 hp
Volvo,XC 70,2012 -> ...,2.4 D3 (Polestar) - 215 hp
Volvo,XC 70,2012 -> ...,2.4 D4 - 181 hp
Volvo,XC 70,2012 -> ...,2.4 D4 (Polestar) - 215 hp
Volvo,XC 70,2012 -> ...,2.4 D5 - 215 hp
Volvo,XC 70,2012 -> ...,2.4 D5 (Polestar) - 230 hp
Volvo,XC 70,2012 -> ...,3.0 T6 - 304 hp
Volvo,XC 70,2012 -> ...,3.0 T6 (Polestar) - 329 hp
Volvo,XC 90,09/2003 -> 04/2006,2.4 D5 - 163 hp
Volvo,XC 90,09/2003 -> 04/2006,2.4 D5 - 185 hp
Volvo,XC 90,09/2003 -> 04/2006,2.5 T - 210 hp
Volvo,XC 90,09/2003 -> 04/2006,T6 - 272 hp
Volvo,XC 90,2006 -> 2014,2.0 D4 - 190 hp
Volvo,XC 90,2006 -> 2014,2.0 D4 - 163 hp
Volvo,XC 90,2006 -> 2014,2.4 D - 163 hp
Volvo,XC 90,2006 -> 2014,2.4 D5 - 185 hp
Volvo,XC 90,2006 -> 2014,2.4 D5 - 205 hp
Volvo,XC 90,2006 -> 2014,2.4 D5 - 215 hp
Volvo,XC 90,2006 -> 2014,2.4 D5 - 200 hp
Volvo,XC 90,2006 -> 2014,2.5T AWD - 210 hp
Volvo,XC 90,2006 -> 2014,3.2 - 238 hp
Volvo,XC 90,2006 -> 2014,3.2 - 243 hp
Volvo,XC 90,2006 -> 2014,T6 - 272 hp
Volvo,XC 90,2006 -> 2014,V8 AWD - 315 hp
Volvo,XC 90,2015 -> 2019,2.0 D4 - 190 hp
Volvo,XC 90,2015 -> 2019,2.0 D5 - 225 hp
Volvo,XC 90,2015 -> 2019,2.0 D5 - 235 hp
Volvo,XC 90,2015 -> 2019,2.0 D5 (Polestar) - 240 hp
Volvo,XC 90,2015 -> 2019,2.0 T5 - 250 hp
Volvo,XC 90,2015 -> 2019,2.0 T6 - 320 hp
Volvo,XC 90,2015 -> 2019,2.0 T8 Twin Engine - 407 hp
Volvo,XC 90,2015 -> 2019,B4 2.0D - 197 hp
Volvo,XC 90,2015 -> 2019,B5 2.0D - 235 hp
Volvo,XC 90,2019 -> 2023,2.0 D5 - 235 hp
Volvo,XC 90,2019 -> 2023,2.0 T5 - 250 hp
Volvo,XC 90,2019 -> 2023,2.0 T6 - 310 hp
Volvo,XC 90,2019 -> 2023,2.0 T8 Twin Engine - 407 hp
Volvo,XC 90,2019 -> 2023,B5 2.0D - 235 hp
Volvo,XC 90,2019 -> 2023,2.0 T8 Twin Engine - 390 hp
Volvo,XC 90,2019 -> 2023,B5 2.0T - 250 hp
Volvo,XC 90,2019 -> 2023,B6 2.0T - 300 hp
Volvo,XC 90,2024 -> ...,T8 2.0T PHEV - 455 hp
Volvo,V40 / V40 CC,2012 -> 2015,1.6 D2 - 115 hp
Volvo,V40 / V40 CC,2012 -> 2015,1.6 T2 - 120 hp
Volvo,V40 / V40 CC,2012 -> 2015,1.6 T3 - 150 hp
Volvo,V40 / V40 CC,2012 -> 2015,1.6 T4 - 180 hp
Volvo,V40 / V40 CC,2012 -> 2015,2.0 D3 - 150 hp
Volvo,V40 / V40 CC,2012 -> 2015,2.0 D4 - 177 hp
Volvo,V40 / V40 CC,2012 -> 2015,2.0 D4 - 190 hp
Volvo,V40 / V40 CC,2012 -> 2015,2.5 T5 - 250 hp
Volvo,V40 / V40 CC,2015 -> ...,1.5 T2 - 122 hp
Volvo,V40 / V40 CC,2015 -> ...,1.5 T3 (AT) - 152 hp
Volvo,V40 / V40 CC,2015 -> ...,2.0 D2 - 120 hp
Volvo,V40 / V40 CC,2015 -> ...,2.0 D3 - 150 hp
Volvo,V40 / V40 CC,2015 -> ...,2.0 D4 - 190 hp
Volvo,V40 / V40 CC,2015 -> ...,2.0 T2 - 122 hp
Volvo,V40 / V40 CC,2015 -> ...,2.0 T3 (MT) - 152 hp
Volvo,V40 / V40 CC,2015 -> ...,2.0 T4 - 190 hp
Volvo,V40 / V40 CC,2015 -> ...,2.0 T5 - 245 hp
Volvo,S90 / V90,2016 -> ...,2.0 D3 - 150 hp
Volvo,S90 / V90,2016 -> ...,2.0 D4 - 190 hp
Volvo,S90 / V90,2016 -> ...,2.0 D4 (Polestar) - 200 hp
Volvo,S90 / V90,2016 -> ...,2.0 D5 - 235 hp
Volvo,S90 / V90,2016 -> ...,2.0 D5 (Polestar) - 240 hp
Volvo,S90 / V90,2016 -> ...,2.0 T5 - 254 hp
Volvo,S90 / V90,2016 -> ...,2.0 T5 (Polestar) - 261 hp
Volvo,S90 / V90,2016 -> ...,2.0 T6 - 320 hp
Volvo,S90 / V90,2016 -> ...,2.0 T6 (Polestar) - 334 hp
Volvo,S90 / V90,2016 -> ...,2.0 T8 Twin Engine - 407 hp
Volvo,XC 40,2017 -> 09/,1.5 T3 - 163 hp
Volvo,XC 40,2017 -> 09/,1.5 T3 - 156 hp
Volvo,XC 40,2017 -> 09/,2.0 D3 - 150 hp
Volvo,XC 40,2017 -> 09/,2.0 D4 - 190 hp
Volvo,XC 40,2017 -> 09/,2.0 T4 - 190 hp
Volvo,XC 40,2017 -> 09/,2.0 T5 - 247 hp
Volvo,XC 40,2017 -> 09/,T5 Twin Engine - 262 hp
Volvo,XC 40,2017 -> 09/,1.5 T2 - 129 hp
Volvo,XC 40,2017 -> 09/,2.0T B3 - 163 hp
Volvo,XC 40,2017 -> 09/,2.0T B4 - 197 hp
Volvo,XC 40,2017 -> 09/,T4 - 211 hp
Wiesmann,GT / Roadster,All,MF3 - 343 hp
Wiesmann,GT / Roadster,All,MF4 - 367 hp
Wiesmann,GT / Roadster,All,MF4 - 407 hp
Wiesmann,GT / Roadster,All,MF4/S - 420 hp
Wiesmann,GT / Roadster,All,MF5 - 507 hp
Wiesmann,GT / Roadster,All,MF5 - 555 hp
SsangYong,Rexton,All,2.0 e-XDi - 155 hp
SsangYong,Rexton,All,2.2 e-XDi - 178 hp
SsangYong,Rexton,All,2.2 e-XDi - 181 hp
SsangYong,Rexton,All,2.7 XDi - 163 hp
SsangYong,Kyron,All,2.0 XDi - 141 hp
SsangYong,Kyron,All,2.7 XDi - 165 hp
SsangYong,Actyon,All,2.0 XDi - 140 hp
SsangYong,Actyon,All,2.0 XDi - 136 hp
SsangYong,Actyon,All,2.0 e-XDi - 155 hp
SsangYong,Actyon,All,2.2 e-XDi - 178 hp
SsangYong,Korando,2012 -> ...,2.0 e-XDi - 175 hp
SsangYong,Korando,2012 -> ...,2.0 e-XDi - 149 hp
SsangYong,New Rodius,All,2.0 e-XDi - 155 hp
SsangYong,New Rodius,All,2.2 e-XDi - 178 hp
SsangYong,Tivoli,2015 -> ...,1.6 e-XDI - 115 hp
SsangYong,XLV,2016 -> ...,1.6 e-XDI - 115 hp
SsangYong,Musso,2018 -> ...,2.2 e-XDi - 181 hp
Tata,Safari/Xenon,All,2.2 Dicor - 140 hp
Isuzu,D-max / Rodeo,2003 -> 2012,2.5 TD - 136 hp
Isuzu,D-max / Rodeo,2003 -> 2012,3.0 TD - 163 hp
Isuzu,D-max / Rodeo,2012 -> 2016,2.5 TD - 163 hp
Isuzu,D-max / Rodeo,2016 -> 2019,1.9 D - 164 hp
Isuzu,D-max / Rodeo,2020 -> ...,1.9 D - 164 hp
Isuzu,N-series,All,3.0 D - 150 hp
Isuzu,N-series,All,3.0 D - 190 hp
Isuzu,MU-X,2017 -> ...,DT4 3.0L - 177 hp
Isuzu,M21,02/2017 -> ...,1.9 D - 123 hp
McLaren,Super Series,2011 -> 2014,MP4-12C - 625 hp
McLaren,Super Series,2014 -> 2018,625C - 625 hp
McLaren,Super Series,2014 -> 2018,650S - 650 hp
McLaren,Super Series,2014 -> 2018,675LT - 675 hp
McLaren,Super Series,2014 -> 2018,688HS (limited edition) - 688 hp
McLaren,Super Series,2014 -> 2018,720S - 720 hp
McLaren,Super Series,2014 -> 2018,GT - 620 hp
McLaren,Super Series,2014 -> 2018,MSO R (limited edition) - 688 hp
McLaren,Super Series,2020 -> ...,765 LT - 765 hp
McLaren,Super Series,2020 -> ...,750S - 750 hp
McLaren,Super Series,2020 -> ...,GT - 620 hp
McLaren,Super Series,2020 -> ...,GTS 4.0 V8 Bi-Turbo - 635 hp
McLaren,Ultimate Series,2014 -> 2020,P1 - 916 hp
McLaren,Ultimate Series,2014 -> 2020,P1 GTR - 1000 hp
McLaren,Ultimate Series,2014 -> 2020,Senna - 800 hp
McLaren,Ultimate Series,2014 -> 2020,Speedtail - 1050 hp
McLaren,Ultimate Series,2020 -> ...,Elva - 815 hp
McLaren,Ultimate Series,2020 -> ...,W1 V8 Bi-Turbo PHEV - 1275 hp
McLaren,Sports Series,2015 -> 2019,540C - 540 hp
McLaren,Sports Series,2015 -> 2019,570GT - 570 hp
McLaren,Sports Series,2015 -> 2019,570LT - 570 hp
McLaren,Sports Series,2015 -> 2019,570S / Sprint / GT4 - 570 hp
McLaren,Sports Series,2015 -> 2019,600LT - 600 hp
McLaren,Sports Series,2021 -> ...,620R - 620 hp
McLaren,Artura,2021 -> ...,3.0 V6 Bi-Turbo - 680 hp
McLaren,Artura,2021 -> ...,3.0 V6 Bi-Turbo PHEV - 700 hp
Iveco,Daily,... -> 2016,2.3D - 96 hp
Iveco,Daily,... -> 2016,2.3D - 116 hp
Iveco,Daily,... -> 2016,2.3D - 106 hp
Iveco,Daily,... -> 2016,2.3D - 126 hp
Iveco,Daily,... -> 2016,2.3D - 146 hp
Iveco,Daily,... -> 2016,3.0 CR TWIN T. - 205 hp
Iveco,Daily,... -> 2016,3.0 CR VGT - 170 hp
Iveco,Daily,... -> 2016,3.0 CR VGT - 176 hp
Iveco,Daily,... -> 2016,3.0 CR WG - 146 hp
Iveco,Daily,2016 -> ...,E6 120 - 2.3 - 116 hp
Iveco,Daily,2016 -> ...,E6 140 - 2.3 - 136 hp
Iveco,Daily,2016 -> ...,E6 150 - 3.0 - 150 hp
Iveco,Daily,2016 -> ...,E6 160 - 2.3 - 156 hp
Iveco,Daily,2016 -> ...,E6 180 - 3.0 - 180 hp
Iveco,Daily,2016 -> ...,E6 210 - 3.0 - 205 hp
Iveco,Massif,05/2008 -> ...,3.0 HPT - 176 hp
Pagani,Zonda,All,C12 - 394 hp
Pagani,Zonda,All,CinQue - 678 hp
Pagani,Zonda,All,CinQue Roadster - 678 hp
Pagani,Zonda,All,F 'Fangio' - 650 hp
Pagani,Zonda,All,R - 750 hp
Pagani,Zonda,All,Roadster - 555 hp
Pagani,Zonda,All,Roadster F - 650 hp
Pagani,Zonda,All,S 7.3 - 555 hp
Pagani,Zonda,All,Tricolore - 678 hp
Westfield,FW300,2011 -> ...,1.6T - 192 hp
PGO,Hemera,All,1.6 THP - 184 hp
PGO,Hemera,All,2.0 16v - 140 hp
PGO,Cevennes,All,1.6 THP - 184 hp
PGO,Cevennes,All,2.0 16v - 140 hp
PGO,Speedster,All,2.0 16v - 140 hp
PGO,Speedster II,All,1.6 THP - 184 hp
PGO,Speedster II,All,2.0 16v - 140 hp
Aston Martin,DB9,All,5.9 V12 - 455 hp
Aston Martin,DB9,All,5.9 V12 - 517 hp
Aston Martin,DB9,All,6.0 V12 - 477 hp
Aston Martin,Rapide,2010 -> ...,6.0 V12 - 477 hp
Aston Martin,Rapide,2010 -> ...,AMR - 6.0 V12 - 603 hp
Aston Martin,Rapide,2010 -> ...,S - 5.2 V12 Bi-turbo - 560 hp
Aston Martin,Vantage,... -> 2018,4.0 V8 - 510 hp
Aston Martin,Vantage,... -> 2018,4.3 V8 - 384 hp
Aston Martin,Vantage,... -> 2018,4.3 V8 - 400 hp
Aston Martin,Vantage,... -> 2018,4.7 V8 - 426 hp
Aston Martin,Vantage,... -> 2018,4.7 V8 S - 436 hp
Aston Martin,Vantage,... -> 2018,6.0 V12 - 517 hp
Aston Martin,Vantage,... -> 2018,6.0 V12 S - 573 hp
Aston Martin,Vantage,2018 -> 2023,4.0 V8 Bi-Turbo - 510 hp
Aston Martin,Vantage,2018 -> 2023,4.0 V8 Bi-Turbo - 535 hp
Aston Martin,Vantage,2018 -> 2023,4.0 V8 Bi-Turbo - 665 hp
Aston Martin,Vantage,2018 -> 2023,Ultime V12 5.2 - 700 hp
Aston Martin,Vantage,2024 -> ...,4.0 V8 Bi-Turbo - 665 hp
Aston Martin,DBS,... -> 2019,5.2 V12 BiTurbo - 725 hp
Aston Martin,DBS,... -> 2019,5.9 V12 - 517 hp
Aston Martin,DBS,09/2019 -> ...,5.2 V12 Bi-Turbo Superleggera - 725 hp
Aston Martin,DBS,09/2019 -> ...,770 Ultimate - 770 hp
Aston Martin,Virage,All,6.0 liter V12 - 490 hp
Aston Martin,DB11,All,4.0 V8 BiTurbo - 510 hp
Aston Martin,DB11,All,5.2 V12 BiTurbo - 608 hp
Aston Martin,DB11,All,AMR 5.2 V12 Bi-Turbo - 640 hp
Aston Martin,DB11,All,4.0 V8 Bi-Turbo - 535 hp
Aston Martin,DBX,2020 -> ...,4.0 V8 Bi-Turbo - 550 hp
Aston Martin,DBX,2020 -> ...,DBX707 - 707 hp
Aston Martin,Valkyrie,2019 -> ...,6.5 V12 - 1176 hp
Aston Martin,Valkyrie,2019 -> ...,6.5 V12 - 1155 hp
Aston Martin,Valkyrie,2019 -> ...,6.5 V12 AMR PRO - 1014 hp
Aston Martin,Vanquish,2024 -> ...,V12 Bi-Turbo - 835 hp
Aston Martin,DB12,2023 -> ...,4.0 V8 Biturbo - 680 hp
Aston Martin,Valhalla,2021 -> ...,V8 4.0 Bi-Turbo - 950 hp
Aston Martin,Valour,2023 -> ...,5.2 V12 Bi-turbo - 715 hp
Aston Martin,Valiant,2024 -> ...,V12 Bi-Turbo - 745 hp
Scion,FR-S,07/2012 -> ...,2.0i - 200 hp
GWM,(H5) Hover 5,2013 -> ...,2.0 VGT - 150 hp
Piaggio,Porter Maxxi,2012 -> ...,1.3 D120 - 64 hp
Lexus,GS,2005 -> 2010,300 - 249 hp
Lexus,IS,2005 -> 2013,200D - 150 hp
Lexus,IS,2005 -> 2013,220D - 177 hp
Lexus,IS,2005 -> 2013,250 - 208 hp
Lexus,IS,2005 -> 2013,F 5.0 V8 - 423 hp
Lexus,ES,2021 -> ...,300h - 178 hp
Lexus,NX,2021 -> ...,350h - 182 hp
Lexus,NX,2021 -> ...,450h - 306 hp
Lexus,UX,2021 -> ...,UX 250h - 184 hp
Lexus,UX,2021 -> ...,UX 300h - 199 hp
DS,DS3,2009 -> 2016,1.2T PureTech - 110 hp
DS,DS3,2009 -> 2016,1.4 HDi - 68 hp
DS,DS3,2009 -> 2016,1.6 BlueHDi - 100 hp
DS,DS3,2009 -> 2016,1.6 BlueHDi - 120 hp
DS,DS3,2009 -> 2016,1.6 HDi - 90 hp
DS,DS3,2009 -> 2016,1.6 HDi - 112 hp
DS,DS3,2009 -> 2016,1.6 THP - 165 hp
DS,DS3,2009 -> 2016,1.6 THP - 202 hp
DS,DS3,2009 -> 2016,1.6 THP - 150 hp
DS,DS3,2009 -> 2016,1.6 THP - 156 hp
DS,DS3,2009 -> 2016,1.6 VTi - 120 hp
DS,DS3,2009 -> 2016,1.6 e-HDI - 92 hp
DS,DS3,2009 -> 2016,1.6 e-HDi - 115 hp
DS,DS3,2016 -> 2020,1.2 PureTech (GPF) - 110 hp
DS,DS3,2016 -> 2020,1.2 PureTech (GPF) - 130 hp
DS,DS3,2016 -> 2020,1.2T PureTech - 110 hp
DS,DS3,2016 -> 2020,1.2T PureTech - 130 hp
DS,DS3,2016 -> 2020,1.6 BlueHDi - 100 hp
DS,DS3,2016 -> 2020,1.6 BlueHDi - 120 hp
DS,DS3,2016 -> 2020,1.6 THP - 165 hp
DS,DS3,2016 -> 2020,1.6 THP - Performance - 208 hp
DS,DS3,2020 -> ...,1.2 PureTech (GPF) - 130 hp
DS,DS3,2020 -> ...,1.2 PureTech (GPF) - 100 hp
DS,DS3,2020 -> ...,1.5 BlueHDi - 130 hp
DS,DS4,2010 -> 2015,1.2T PureTech - 130 hp
DS,DS4,2010 -> 2015,1.6 BlueHDi - 120 hp
DS,DS4,2010 -> 2015,1.6 HDi - 112 hp
DS,DS4,2010 -> 2015,1.6 THP - 165 hp
DS,DS4,2010 -> 2015,1.6 THP - 155 hp
DS,DS4,2010 -> 2015,1.6 THP - 160 hp
DS,DS4,2010 -> 2015,1.6 THP - 200 hp
DS,DS4,2010 -> 2015,1.6 VTi - 120 hp
DS,DS4,2010 -> 2015,1.6 e-HDI - 115 hp
DS,DS4,2010 -> 2015,1.6 e-HDI - 92 hp
DS,DS4,2010 -> 2015,2.0 BlueHDi - 150 hp
DS,DS4,2010 -> 2015,2.0 BlueHDi (EAT6) - 180 hp
DS,DS4,2010 -> 2015,2.0 HDi - 136 hp
DS,DS4,2010 -> 2015,2.0 HDi - 160 hp
DS,DS4,2015 -> 2019,1.2 PureTech (GPF) - 130 hp
DS,DS4,2015 -> 2019,1.2T PureTech - 130 hp
DS,DS4,2015 -> 2019,1.6 BlueHDI - 115 hp
DS,DS4,2015 -> 2019,1.6 BlueHDI - 120 hp
DS,DS4,2015 -> 2019,1.6 BlueHDi - 100 hp
DS,DS4,2015 -> 2019,1.6 THP - 165 hp
DS,DS4,2015 -> 2019,1.6 THP - 210 hp
DS,DS4,2015 -> 2019,2.0 BlueHDI - 150 hp
DS,DS4,2015 -> 2019,2.0 BlueHDi (EAT6) - 180 hp
DS,DS4,2015 -> 2019,1.2 Puretech - 155 hp
DS,DS4,2015 -> 2019,1.5 BlueHDI - 130 hp
DS,DS4,2015 -> 2019,1.6 Puretech - 181 hp
DS,DS4,2022 -> ...,1.2 e-THP - 130 hp
DS,DS4,2022 -> ...,1.5 BlueHDI - 130 hp
DS,DS4,2022 -> ...,1.6 THP - 180 hp
DS,DS4,2022 -> ...,1.6 THP - 225 hp
DS,DS5,2011 -> 2015,1.6 BlueHDi - 120 hp
DS,DS5,2011 -> 2015,1.6 HDi - 110 hp
DS,DS5,2011 -> 2015,1.6 THP - 160 hp
DS,DS5,2011 -> 2015,1.6 THP - 200 hp
DS,DS5,2011 -> 2015,1.6 e-HDI - 115 hp
DS,DS5,2011 -> 2015,2.0 BlueHDi - 150 hp
DS,DS5,2011 -> 2015,2.0 BlueHDi (EAT6) - 180 hp
DS,DS5,2011 -> 2015,2.0 HDi - 163 hp
DS,DS5,2011 -> 2015,2.0 HDi - 167 hp
DS,DS5,2011 -> 2015,2.0 HDi - 138 hp
DS,DS5,2011 -> 2015,2.0 HDi Hybri4 - 200 hp
DS,DS5,06/2015 -> 2019,1.6 BlueHDi - 120 hp
DS,DS5,06/2015 -> 2019,1.6 THP - 165 hp
DS,DS5,06/2015 -> 2019,1.6 THP - 210 hp
DS,DS5,06/2015 -> 2019,2.0 BlueHDi - 150 hp
DS,DS5,06/2015 -> 2019,2.0 BlueHDi (EAT6) - 180 hp
DS,DS5,2011 -> 2015,1.6 E-HDi - 112 hp
DS,DS7 Crossback,2017 -> ...,1.2 PureTech (GPF) - 130 hp
DS,DS7 Crossback,2017 -> ...,1.2 Puretech - 130 hp
DS,DS7 Crossback,2017 -> ...,1.5 BlueHDi - 130 hp
DS,DS7 Crossback,2017 -> ...,1.6 PureTech (GPF) - 180 hp
DS,DS7 Crossback,2017 -> ...,1.6 Puretech (GPF) - 225 hp
DS,DS7 Crossback,2017 -> ...,1.6 Puretech Hybrid4 - 290 hp
DS,DS7 Crossback,2017 -> ...,2.0 BlueHDi - 180 hp
DS,DS3 Crossback,2019 -> ...,1.2 PureTech (GPF) - 100 hp
DS,DS3 Crossback,2019 -> ...,1.2 PureTech (GPF) - 130 hp
DS,DS3 Crossback,2019 -> ...,1.2 PureTech (GPF) - 155 hp
DS,DS3 Crossback,2019 -> ...,1.5 BlueHDi - 100 hp
DS,DS3 Crossback,2019 -> ...,1.5 BlueHDi - 130 hp
DS,DS3 Crossback,2019 -> ...,1.6 PureTech - 230 hp
DS,DS8,2020 -> ...,1.5 BlueHDi - 130 hp
DS,DS8,2020 -> ...,1.6 PureTech (GPF) - 180 hp
DS,DS8,2020 -> ...,1.6 Puretech (E-Tense) - 290 hp
DS,DS8,2020 -> ...,1.6 Puretech (GPF) - 225 hp
DS,DS8,2020 -> ...,2.0 BlueHDI (EAT8) - 180 hp
DS,DS9,,
DS,DS4 Crossback,2021 -> ...,1.5 BlueHDI - 130 hp
DS,DS9,2020 -> ...,1.6 Puretech (GPF) - 225 hp
Mahindra,XUV500 / Scorpio,All,2.2 CRDi - 140 hp
Mahindra,XUV500 / Scorpio,All,2.2 CRDi - 170 hp
Mahindra,Genio,All,2.2 CRDi - 120 hp
Mahindra,Genio,All,2.2 CRDi - 140 hp
Mahindra,Quanto,All,2.2 CRDi - 120 hp
Mahindra,Quanto,All,2.2 CRDi - 140 hp
Mahindra,Xylo,All,2.2 CRDi - 120 hp
Mahindra,Xylo,All,2.2 CRDi - 140 hp
Mahindra,Xylo,All,2.5 CRDi - 95 hp
Mahindra,Thar,,
Buick,Regal,All,1.4 Turbo - 140 hp
Buick,Regal,All,1.6 Turbo - 180 hp
Buick,Regal,All,2.0 Turbo NHT - 220 hp
Buick,Regal,All,2.0 Turbo NHT GS - 270 hp
Buick,Excelle,All,1.4 Turbo - 140 hp
Buick,Excelle,All,1.6 Turbo - 180 hp
Buick,Ankela,All,1.4 Turbo - 140 hp
Buick,Lacrosse,All,2.0 Turbo NHT - 255 hp
Buick,Encore,All,1.4 Turbo - 140 hp
Buick,Encore,All,1.6 Turbo - 180 hp
Buick,Verano,2015 -> ...,1.5 T - 166 hp
Alpine,A110,2017 -> ...,1.8T - 252 hp
Alpine,A110,2017 -> ...,1.8T (GPF) - 252 hp
Alpine,A110,2017 -> ...,S - 1.8T (GPF) - 292 hp
Alpine,A110,2017 -> ...,GT/S - 1.8T - 300 hp
Alpine,A110,2017 -> ...,R - 300 hp
Alpine,A110,2017 -> ...,R Ultime - 325 hp
Holden,Colorado,2015 -> ...,2.8 Duramax - 180 hp
Samsung,SM6,2015 -> ...,1.5 DCi - 110 hp
Samsung,SM6,2015 -> ...,1.6 DCi - 130 hp
Samsung,SM6,2015 -> ...,1.6 DCi - 160 hp
Samsung,SM6,2015 -> ...,1.6 TCe - 150 hp
Samsung,SM6,2015 -> ...,1.6 TCe - 200 hp
MAN,TGE,2017 -> ...,2.0 TDI - 102 hp
MAN,TGE,2017 -> ...,2.0 TDI - 140 hp
MAN,TGE,2017 -> ...,2.0 TDI - 177 hp
Cupra,Ateca,2018 -> 12/2024,2.0 TSI - 300 hp
Cupra,Ateca,2018 -> 12/2024,2.0 TSI (GPF) - 300 hp
Cupra,Ibiza,2018 -> ...,2.0 TSI - 200 hp
Cupra,Leon,2020 -> ...,2.0 TSI - 245 hp
Cupra,Leon,2020 -> ...,2.0 TSI - 300 hp
Cupra,Leon,2020 -> ...,2.0 TSI (4Drive) - 310 hp
Cupra,Leon,2020 -> ...,eHybrid - 245 hp
Cupra,Leon,2020 -> ...,1.4 E-Hybride - 204 hp
Cupra,Leon,2020 -> ...,1.4 E-Hybride - 245 hp
Cupra,Formentor,2021 -> 2023,1.4 TSI GTE - 245 hp
Cupra,Formentor,2021 -> 2023,2.0 TSI (4Drive) - 310 hp
Cupra,Formentor,2021 -> 2023,1.5 TSI - 150 hp
Cupra,Formentor,2021 -> 2023,2.0 TDI - 150 hp
Cupra,Formentor,2021 -> 2023,2.0 TSI - 245 hp
Cupra,Formentor,2021 -> 2023,2.0 TSI - 190 hp
Cupra,Formentor,2021 -> 2023,2.5 TFSI VZ5 - 390 hp
Cupra,Formentor,07/2024 -> ...,1.5 TSI eHybrid - 204 hp
Cupra,Formentor,07/2024 -> ...,1.5 TSI eHybrid - 272 hp
Cupra,Formentor,07/2024 -> ...,2.0 TDI - 150 hp
Cupra,Arona,2020 -> ...,2.0 TSI Cupra - 200 hp
Cupra,Terramar,10/2024 -> ...,1.5 TSI eHybrid - 204 hp
Cupra,Terramar,10/2024 -> ...,1.5 TSI eHybrid - 272 hp
Cupra,Terramar,10/2024 -> ...,1.5 eTSI EVO2 - 150 hp
Ariel Motors,Atom 4,2018 -> ...,2.0T - 320 hp
Borgward,BX7 / BX7 TS,2018 -> ...,28 TGDi (2.0T) - 224 hp
Borgward,BX5,2017 -> ...,25 TGDI (1.8T) - 190 hp
Lincoln,Continental,2017 -> ...,2.7T Ecoboost - 325 hp
Lincoln,Continental,2017 -> ...,3.0T Ecoboost V6 - 400 hp
Lincoln,MKC,2013 -> ...,2.0T Ecoboost - 245 hp
Lincoln,MKC,2013 -> ...,2.3T Ecoboost - 285 hp
Lincoln,MKT,2013 -> ...,3.5T V6 Ecoboost - 365 hp
Lincoln,MKX / Nautilus,2016 -> ...,2.0T Ecoboost - 250 hp
Lincoln,MKX / Nautilus,2016 -> ...,2.7T Ecoboost - 335 hp
Lincoln,MKZ,2013 -> ...,2.0T Ecoboost - 245 hp
Lincoln,MKZ,2013 -> ...,3.0T Ecoboost V6 - 350 hp
Lincoln,Navigator,2015 -> ...,3.5T V6 Ecoboost - 450 hp
Geely,Boyue,2018 -> ...,1.8 T-GDI - 161 hp
Geely,Boyue,2018 -> ...,1.8 T-GDI - 181 hp
JAC,X200,All,2.8 TD - 91 hp
